{
"type": "FeatureCollection",
"name": "roads",
"crs": { "type": "name", "properties": { "name": "urn:ogc:def:crs:OGC:1.3:CRS84" } },
"features": [
{ "type": "Feature", "properties": { "name": null, "highway": "footway" }, "geometry": { "type": "LineString", "coordinates": [ [ -112.065250500000019, 33.4465533 ], [ -112.0652486, 33.446275 ], [ -112.0652418, 33.44596 ], [ -112.0652394, 33.4456854 ], [ -112.0652442, 33.4454546 ], [ -112.065253700000014, 33.445323 ], [ -112.0652681, 33.4451716 ], [ -112.0652888, 33.4450004 ], [ -112.065327, 33.4447575 ], [ -112.0653903, 33.4443925 ], [ -112.065423765326628, 33.444197980715934 ] ] } },
{ "type": "Feature", "properties": { "name": "South 7th Street", "highway": "primary" }, "geometry": { "type": "LineString", "coordinates": [ [ -112.0651764, 33.446536 ], [ -112.0651748, 33.4461977 ], [ -112.0651703, 33.445989399999988 ], [ -112.0651657, 33.4457795 ], [ -112.0651684, 33.4455266 ], [ -112.0651737, 33.4453453 ], [ -112.0651912, 33.4451569 ], [ -112.0652274, 33.4449246 ], [ -112.0652663, 33.4446869 ], [ -112.0653293, 33.4443136 ], [ -112.065349116165649, 33.444198622116275 ] ] } },
{ "type": "Feature", "properties": { "name": null, "highway": "footway" }, "geometry": { "type": "LineString", "coordinates": [ [ -112.06580630000002, 33.446288 ], [ -112.0655118, 33.4462808 ], [ -112.0653991, 33.446278599999985 ], [ -112.0654061, 33.4458785 ], [ -112.06540720000001, 33.4458175 ], [ -112.0653999, 33.4457624 ], [ -112.0653911, 33.4456945 ], [ -112.0653054, 33.445635 ], [ -112.0649244, 33.4454237 ], [ -112.0649314, 33.4452257 ], [ -112.064941500000018, 33.4452004 ] ] } },
{ "type": "Feature", "properties": { "name": null, "highway": "service" }, "geometry": { "type": "LineString", "coordinates": [ [ -112.0648329, 33.4455115 ], [ -112.0648814, 33.44552 ], [ -112.064929, 33.4455302 ], [ -112.064954, 33.4455355 ], [ -112.0649968, 33.4455446 ], [ -112.0651899, 33.445616200000011 ], [ -112.065293100000019, 33.445711 ], [ -112.0653374, 33.4458421 ], [ -112.065339, 33.4458831 ], [ -112.0653428, 33.4459854 ], [ -112.0653374, 33.4462651 ], [ -112.0653481, 33.4462942 ], [ -112.0653857, 33.4463345 ], [ -112.065425, 33.4463601 ], [ -112.0654919, 33.4464009 ], [ -112.065642, 33.4464998 ], [ -112.0656719, 33.4465195 ], [ -112.0656968, 33.4465359 ], [ -112.0657507, 33.446577 ], [ -112.0658216, 33.4466336 ], [ -112.0658755, 33.4466858 ], [ -112.0659811, 33.4467925 ], [ -112.0660107, 33.4468224 ], [ -112.0661112, 33.4469843 ] ] } },
{ "type": "Feature", "properties": { "name": null, "highway": "footway" }, "geometry": { "type": "LineString", "coordinates": [ [ -112.0658076, 33.4463351 ], [ -112.06580630000002, 33.446288 ], [ -112.0658049, 33.4462346 ] ] } },
{ "type": "Feature", "properties": { "name": null, "highway": "service" }, "geometry": { "type": "LineString", "coordinates": [ [ -112.0657507, 33.446577 ], [ -112.0655761, 33.446753 ], [ -112.065619, 33.4467754 ], [ -112.0656807, 33.4467732 ], [ -112.0658122, 33.4467486 ], [ -112.0658755, 33.4466858 ] ] } },
{ "type": "Feature", "properties": { "name": null, "highway": "footway" }, "geometry": { "type": "LineString", "coordinates": [ [ -112.0653014, 33.44703470000001 ], [ -112.065257, 33.4470024 ], [ -112.0652512, 33.446658 ], [ -112.065250500000019, 33.4465533 ] ] } },
{ "type": "Feature", "properties": { "name": null, "highway": "footway" }, "geometry": { "type": "LineString", "coordinates": [ [ -112.0659579, 33.4468376 ], [ -112.0658551, 33.4468672 ], [ -112.0656389, 33.446898699999984 ], [ -112.065578800000011, 33.4469075 ], [ -112.0655181, 33.4469095 ], [ -112.0654255, 33.446919300000012 ] ] } },
{ "type": "Feature", "properties": { "name": null, "highway": "footway" }, "geometry": { "type": "LineString", "coordinates": [ [ -112.0653374, 33.4469108 ], [ -112.0653206, 33.4469245 ], [ -112.0653088, 33.4469483 ], [ -112.0653091, 33.4469679 ], [ -112.0653174, 33.4469862 ], [ -112.0653301, 33.4469992 ], [ -112.06535, 33.44700970000001 ], [ -112.0653707, 33.4470137 ], [ -112.065394, 33.4470117 ], [ -112.0654097, 33.4470062 ], [ -112.0654276, 33.4469935 ], [ -112.0654416, 33.4469696 ], [ -112.0654426, 33.44695 ], [ -112.0654355, 33.4469313 ], [ -112.0654255, 33.446919300000012 ], [ -112.0654069, 33.4469074 ], [ -112.0653864, 33.4469017 ], [ -112.0653629, 33.446902 ], [ -112.0653374, 33.4469108 ] ] } },
{ "type": "Feature", "properties": { "name": null, "highway": "footway" }, "geometry": { "type": "LineString", "coordinates": [ [ -112.0653301, 33.4469992 ], [ -112.0653014, 33.44703470000001 ], [ -112.0652945, 33.4470579 ] ] } },
{ "type": "Feature", "properties": { "name": "South 7th Street", "highway": "primary" }, "geometry": { "type": "LineString", "coordinates": [ [ -112.065213024774664, 33.444199791324742 ], [ -112.0651925, 33.444318 ], [ -112.0651415, 33.4446179 ], [ -112.0650973, 33.4448793 ], [ -112.0650691, 33.4450946 ], [ -112.0650436, 33.445318 ], [ -112.0650356, 33.4454456 ], [ -112.0650259, 33.4456402 ], [ -112.0650262, 33.4459585 ], [ -112.0650215, 33.4462314 ], [ -112.0650074, 33.4465471 ] ] } },
{ "type": "Feature", "properties": { "name": null, "highway": "footway" }, "geometry": { "type": "LineString", "coordinates": [ [ -112.0649145, 33.4465559 ], [ -112.0649198, 33.4464629 ], [ -112.0649261, 33.4463757 ], [ -112.0649331, 33.4463062 ], [ -112.0649404, 33.4462052 ], [ -112.0649408, 33.4461327 ], [ -112.0649367, 33.4459246 ] ] } },
{ "type": "Feature", "properties": { "name": "South 7th Street", "highway": "primary" }, "geometry": { "type": "LineString", "coordinates": [ [ -112.0650074, 33.4465471 ], [ -112.065002, 33.4466516 ] ] } },
{ "type": "Feature", "properties": { "name": "South 7th Street", "highway": "primary" }, "geometry": { "type": "LineString", "coordinates": [ [ -112.0651926, 33.4470373 ], [ -112.0651804, 33.44673250000001 ], [ -112.0651764, 33.446536 ] ] } },
{ "type": "Feature", "properties": { "name": "South 7th Street", "highway": "primary" }, "geometry": { "type": "LineString", "coordinates": [ [ -112.065002, 33.4466516 ], [ -112.0649975, 33.4467372 ], [ -112.0649967, 33.4470354 ] ] } },
{ "type": "Feature", "properties": { "name": null, "highway": "footway" }, "geometry": { "type": "LineString", "coordinates": [ [ -112.0649188, 33.4470346 ], [ -112.0649967, 33.4470354 ], [ -112.0651926, 33.4470373 ], [ -112.0652593, 33.447038 ] ] } },
{ "type": "Feature", "properties": { "name": null, "highway": "footway" }, "geometry": { "type": "LineString", "coordinates": [ [ -112.0648656, 33.4470665 ], [ -112.0648606, 33.447043 ], [ -112.0649188, 33.4470346 ] ] } },
{ "type": "Feature", "properties": { "name": "South 7th Street", "highway": "primary" }, "geometry": { "type": "LineString", "coordinates": [ [ -112.0649967, 33.4470354 ], [ -112.064992, 33.4471026 ] ] } },
{ "type": "Feature", "properties": { "name": "South 7th Street", "highway": "primary" }, "geometry": { "type": "LineString", "coordinates": [ [ -112.065196, 33.4471005 ], [ -112.0651926, 33.4470373 ] ] } },
{ "type": "Feature", "properties": { "name": "East Jefferson Street", "highway": "primary" }, "geometry": { "type": "LineString", "coordinates": [ [ -112.065196, 33.4471005 ], [ -112.064992, 33.4471026 ] ] } },
{ "type": "Feature", "properties": { "name": null, "highway": "footway" }, "geometry": { "type": "LineString", "coordinates": [ [ -112.0660749, 33.4464123 ], [ -112.0659087, 33.446547099999989 ], [ -112.0658216, 33.4466336 ] ] } },
{ "type": "Feature", "properties": { "name": null, "highway": "footway" }, "geometry": { "type": "LineString", "coordinates": [ [ -112.0686272, 33.4462453 ], [ -112.0685876, 33.446244799999988 ], [ -112.0682475, 33.446236 ], [ -112.0678858, 33.446245 ], [ -112.0678005, 33.4462429 ], [ -112.0676668, 33.4462462 ], [ -112.0675667, 33.4462569 ], [ -112.0674592, 33.4462977 ], [ -112.0673376, 33.4463681 ], [ -112.0672676, 33.4463926 ], [ -112.067112, 33.4464529 ], [ -112.0670192, 33.4464889 ], [ -112.0668877, 33.4465292 ], [ -112.0667139, 33.446547099999989 ], [ -112.066592700000015, 33.4465449 ], [ -112.066421, 33.4465292 ], [ -112.066139400000012, 33.4464419 ], [ -112.0660749, 33.4464123 ], [ -112.065900700000014, 33.4463323 ], [ -112.0658076, 33.4463351 ], [ -112.0657505, 33.4463368 ], [ -112.0656646, 33.4463323 ], [ -112.0656834, 33.446424 ], [ -112.065642, 33.4464998 ], [ -112.0655171, 33.446574 ], [ -112.06540720000001, 33.4466792 ], [ -112.0653481, 33.4467709 ], [ -112.06533210000002, 33.4468135 ], [ -112.0653629, 33.446902 ] ] } },
{ "type": "Feature", "properties": { "name": null, "highway": "footway" }, "geometry": { "type": "LineString", "coordinates": [ [ -112.066592700000015, 33.4465449 ], [ -112.0665122, 33.4466165 ], [ -112.0663137, 33.4467083 ], [ -112.0661501, 33.4467821 ], [ -112.0660456, 33.4468123 ] ] } },
{ "type": "Feature", "properties": { "name": "East Jefferson Street", "highway": "primary" }, "geometry": { "type": "LineString", "coordinates": [ [ -112.0685907, 33.4463889 ], [ -112.0680277, 33.4464056 ], [ -112.0678393, 33.446419199999987 ], [ -112.0676995, 33.4464392 ], [ -112.067584, 33.4464698 ], [ -112.0674232, 33.4465134 ], [ -112.0673004, 33.4465574 ], [ -112.0672422, 33.4465879 ], [ -112.0671981, 33.4466133 ], [ -112.067178, 33.446624 ], [ -112.0670358, 33.4467002 ], [ -112.0667986, 33.4468284 ], [ -112.0665033, 33.4469646 ], [ -112.0664161, 33.4469978 ] ] } },
{ "type": "Feature", "properties": { "name": null, "highway": "footway" }, "geometry": { "type": "LineString", "coordinates": [ [ -112.0660456, 33.4468123 ], [ -112.0660107, 33.4468224 ], [ -112.0659579, 33.4468376 ] ] } },
{ "type": "Feature", "properties": { "name": "East Jefferson Street", "highway": "primary" }, "geometry": { "type": "LineString", "coordinates": [ [ -112.0665343, 33.4468172 ], [ -112.066311, 33.4469125 ], [ -112.0661112, 33.4469843 ], [ -112.06577, 33.4470594 ], [ -112.0655257, 33.4470853 ] ] } },
{ "type": "Feature", "properties": { "name": null, "highway": "footway" }, "geometry": { "type": "LineString", "coordinates": [ [ -112.0652995, 33.4473165 ], [ -112.0653336, 33.4473065 ], [ -112.0654957, 33.4473034 ], [ -112.0655976, 33.4473192 ], [ -112.065898, 33.447281199999985 ], [ -112.0660111, 33.4472464 ], [ -112.0660509, 33.4472342 ], [ -112.066138, 33.447217 ], [ -112.0662547, 33.447193899999988 ], [ -112.066413, 33.4471536 ], [ -112.06652560000002, 33.4470999 ], [ -112.0669575, 33.446885099999989 ], [ -112.0672579, 33.446706 ], [ -112.0672797, 33.4466966 ] ] } },
{ "type": "Feature", "properties": { "name": "East Jefferson Street", "highway": "primary" }, "geometry": { "type": "LineString", "coordinates": [ [ -112.0664161, 33.4469978 ], [ -112.0661902, 33.4470837 ], [ -112.0661389, 33.4470965 ], [ -112.0659363, 33.4471468 ], [ -112.0658815, 33.4471604 ], [ -112.0655798, 33.4472036 ] ] } },
{ "type": "Feature", "properties": { "name": null, "highway": "service" }, "geometry": { "type": "LineString", "coordinates": [ [ -112.0661389, 33.4470965 ], [ -112.0661239, 33.4471322 ], [ -112.0661247, 33.4471716 ], [ -112.066138, 33.447217 ], [ -112.0661567, 33.4472588 ] ] } },
{ "type": "Feature", "properties": { "name": null, "highway": "service" }, "geometry": { "type": "LineString", "coordinates": [ [ -112.0660255, 33.447291 ], [ -112.0660111, 33.4472464 ], [ -112.0659972, 33.4472176 ], [ -112.065972, 33.4471853 ], [ -112.0659363, 33.4471468 ] ] } },
{ "type": "Feature", "properties": { "name": "South 7th Street", "highway": "primary" }, "geometry": { "type": "LineString", "coordinates": [ [ -112.065201, 33.447214 ], [ -112.0651991, 33.447154 ], [ -112.065196, 33.4471005 ] ] } },
{ "type": "Feature", "properties": { "name": null, "highway": "footway" }, "geometry": { "type": "LineString", "coordinates": [ [ -112.0648937, 33.447281 ], [ -112.064884800000016, 33.4472129 ], [ -112.0648767, 33.4471511 ], [ -112.0648704, 33.4471032 ], [ -112.0648656, 33.4470665 ] ] } },
{ "type": "Feature", "properties": { "name": "East Jefferson Street", "highway": "primary" }, "geometry": { "type": "LineString", "coordinates": [ [ -112.065201, 33.447214 ], [ -112.064992, 33.4472134 ] ] } },
{ "type": "Feature", "properties": { "name": "South 7th Street", "highway": "primary" }, "geometry": { "type": "LineString", "coordinates": [ [ -112.064992, 33.4471026 ], [ -112.0649927, 33.4471535 ], [ -112.064992, 33.4472134 ], [ -112.0649911, 33.447312299999986 ], [ -112.0649914, 33.4473511 ] ] } },
{ "type": "Feature", "properties": { "name": null, "highway": "footway" }, "geometry": { "type": "LineString", "coordinates": [ [ -112.0649339, 33.447312 ], [ -112.0649008, 33.4473104 ], [ -112.0648937, 33.447281 ] ] } },
{ "type": "Feature", "properties": { "name": null, "highway": "footway" }, "geometry": { "type": "LineString", "coordinates": [ [ -112.0652662, 33.4473136 ], [ -112.0652056, 33.4473133 ], [ -112.0649911, 33.447312299999986 ], [ -112.0649339, 33.447312 ] ] } },
{ "type": "Feature", "properties": { "name": "South 7th Street", "highway": "primary" }, "geometry": { "type": "LineString", "coordinates": [ [ -112.0652144, 33.4480975 ], [ -112.0652083, 33.4475666 ], [ -112.0652056, 33.4473133 ], [ -112.065201, 33.447214 ] ] } },
{ "type": "Feature", "properties": { "name": "South 7th Street", "highway": "primary" }, "geometry": { "type": "LineString", "coordinates": [ [ -112.0649914, 33.4473511 ], [ -112.0649927, 33.4476075 ], [ -112.0649948, 33.447729 ], [ -112.0650016, 33.448128 ], [ -112.065009, 33.4482297 ] ] } },
{ "type": "Feature", "properties": { "name": null, "highway": "footway" }, "geometry": { "type": "LineString", "coordinates": [ [ -112.0652671, 33.448115599999987 ], [ -112.0652144, 33.4481181 ], [ -112.0650016, 33.448128 ], [ -112.0649461, 33.4481306 ] ] } },
{ "type": "Feature", "properties": { "name": null, "highway": "footway" }, "geometry": { "type": "LineString", "coordinates": [ [ -112.0649461, 33.4481306 ], [ -112.0649054, 33.4481297 ], [ -112.0648778, 33.4481646 ] ] } },
{ "type": "Feature", "properties": { "name": null, "highway": "footway" }, "geometry": { "type": "LineString", "coordinates": [ [ -112.0653014, 33.44703470000001 ], [ -112.0652593, 33.447038 ] ] } },
{ "type": "Feature", "properties": { "name": "East Jefferson Street", "highway": "primary" }, "geometry": { "type": "LineString", "coordinates": [ [ -112.0655257, 33.4470853 ], [ -112.065334, 33.447096 ], [ -112.06529590000001, 33.4470982 ], [ -112.065196, 33.4471005 ] ] } },
{ "type": "Feature", "properties": { "name": null, "highway": "footway" }, "geometry": { "type": "LineString", "coordinates": [ [ -112.0652945, 33.4470579 ], [ -112.06529590000001, 33.4470982 ], [ -112.0652976, 33.4471511 ], [ -112.0652997, 33.4472138 ], [ -112.0653024, 33.4472926 ] ] } },
{ "type": "Feature", "properties": { "name": "East Jefferson Street", "highway": "primary" }, "geometry": { "type": "LineString", "coordinates": [ [ -112.0655798, 33.4472036 ], [ -112.0652997, 33.4472138 ], [ -112.065201, 33.447214 ] ] } },
{ "type": "Feature", "properties": { "name": null, "highway": "footway" }, "geometry": { "type": "LineString", "coordinates": [ [ -112.0652662, 33.4473136 ], [ -112.0652995, 33.4473165 ], [ -112.0653024, 33.4472926 ] ] } },
{ "type": "Feature", "properties": { "name": null, "highway": "footway" }, "geometry": { "type": "LineString", "coordinates": [ [ -112.0654957, 33.4473034 ], [ -112.065499, 33.447335 ] ] } },
{ "type": "Feature", "properties": { "name": null, "highway": "footway" }, "geometry": { "type": "LineString", "coordinates": [ [ -112.0652995, 33.4473165 ], [ -112.0652897, 33.4473392 ], [ -112.0652918, 33.447460199999988 ], [ -112.0653106, 33.4481182 ] ] } },
{ "type": "Feature", "properties": { "name": null, "highway": "footway" }, "geometry": { "type": "LineString", "coordinates": [ [ -112.0652671, 33.448115599999987 ], [ -112.0653106, 33.4481182 ], [ -112.0653278, 33.4481513 ], [ -112.065364, 33.4481597 ] ] } },
{ "type": "Feature", "properties": { "name": "East Washington Street", "highway": "primary" }, "geometry": { "type": "LineString", "coordinates": [ [ -112.065009, 33.4482297 ], [ -112.065215, 33.4482208 ], [ -112.065365, 33.448212399999989 ], [ -112.0658134, 33.4482167 ] ] } },
{ "type": "Feature", "properties": { "name": null, "highway": "footway" }, "geometry": { "type": "LineString", "coordinates": [ [ -112.0653665, 33.4482882 ], [ -112.065365, 33.448212399999989 ], [ -112.065364, 33.4481597 ] ] } },
{ "type": "Feature", "properties": { "name": null, "highway": "service" }, "geometry": { "type": "LineString", "coordinates": [ [ -112.0663764, 33.4479301 ], [ -112.0663658, 33.4480007 ], [ -112.0663645, 33.44804580000001 ], [ -112.0663652, 33.4480897 ], [ -112.0663742, 33.4481435 ], [ -112.0664001, 33.4482222 ] ] } },
{ "type": "Feature", "properties": { "name": null, "highway": "service" }, "geometry": { "type": "LineString", "coordinates": [ [ -112.0662326, 33.4482201 ], [ -112.0662534, 33.4481414 ], [ -112.0662574, 33.4480611 ], [ -112.0662543, 33.448011299999983 ], [ -112.066246, 33.447963 ] ] } },
{ "type": "Feature", "properties": { "name": null, "highway": "footway" }, "geometry": { "type": "LineString", "coordinates": [ [ -112.0653106, 33.4481182 ], [ -112.0655178, 33.4481201 ], [ -112.0655815, 33.4481372 ], [ -112.0658175, 33.448133899999988 ], [ -112.0661011, 33.4481346 ], [ -112.0662534, 33.4481414 ], [ -112.0663406, 33.4481453 ], [ -112.0663742, 33.4481435 ], [ -112.066417900000019, 33.4481438 ], [ -112.0666079, 33.4481443 ], [ -112.0666282, 33.4481443 ], [ -112.0667279, 33.4481442 ], [ -112.0669307, 33.4481441 ], [ -112.0671904, 33.4481578 ], [ -112.0672784, 33.4481581 ], [ -112.06733, 33.448160799999989 ] ] } },
{ "type": "Feature", "properties": { "name": "East Washington Street", "highway": "primary" }, "geometry": { "type": "LineString", "coordinates": [ [ -112.0658134, 33.4482167 ], [ -112.0662326, 33.4482201 ], [ -112.066311, 33.4482208 ] ] } },
{ "type": "Feature", "properties": { "name": "East Washington Street", "highway": "primary" }, "geometry": { "type": "LineString", "coordinates": [ [ -112.066311, 33.4482208 ], [ -112.0664001, 33.4482222 ], [ -112.0666619, 33.4482264 ], [ -112.066803, 33.4482287 ], [ -112.0673214, 33.448237 ], [ -112.0674458, 33.4482348 ], [ -112.067479, 33.4482353 ] ] } },
{ "type": "Feature", "properties": { "name": "East Washington Street", "highway": "unclassified" }, "geometry": { "type": "LineString", "coordinates": [ [ -112.065215, 33.4483865 ], [ -112.0653684, 33.4483839 ], [ -112.0654554, 33.4483801 ], [ -112.0657998, 33.448368 ], [ -112.066145400000011, 33.448367699999984 ], [ -112.0666103, 33.4483714 ], [ -112.0667106, 33.4483698 ] ] } },
{ "type": "Feature", "properties": { "name": null, "highway": "footway" }, "geometry": { "type": "LineString", "coordinates": [ [ -112.0673627, 33.4484625 ], [ -112.0664626, 33.4484618 ], [ -112.0660933, 33.4484568 ], [ -112.0660356, 33.448457299999987 ], [ -112.065751, 33.4484555 ], [ -112.0653748, 33.4484612 ], [ -112.0653122, 33.448465400000011 ] ] } },
{ "type": "Feature", "properties": { "name": null, "highway": "steps" }, "geometry": { "type": "LineString", "coordinates": [ [ -112.0660933, 33.4484568 ], [ -112.0660951, 33.4485513 ] ] } },
{ "type": "Feature", "properties": { "name": null, "highway": "footway" }, "geometry": { "type": "LineString", "coordinates": [ [ -112.0660951, 33.4485513 ], [ -112.0658465, 33.4485502 ], [ -112.0658456, 33.4485146 ], [ -112.0660378, 33.4485133 ], [ -112.0660356, 33.448457299999987 ] ] } },
{ "type": "Feature", "properties": { "name": null, "highway": "footway" }, "geometry": { "type": "LineString", "coordinates": [ [ -112.0660938, 33.4487778 ], [ -112.0660953, 33.4486428 ], [ -112.0660951, 33.4485513 ] ] } },
{ "type": "Feature", "properties": { "name": "East Washington Street", "highway": "primary" }, "geometry": { "type": "LineString", "coordinates": [ [ -112.0646197, 33.4482387 ], [ -112.0648746, 33.448234 ], [ -112.065009, 33.4482297 ] ] } },
{ "type": "Feature", "properties": { "name": "South 7th Street", "highway": "primary" }, "geometry": { "type": "LineString", "coordinates": [ [ -112.065215, 33.4483865 ], [ -112.0652153, 33.4483482 ], [ -112.065215, 33.4482208 ], [ -112.0652144, 33.4481181 ], [ -112.0652144, 33.4480975 ] ] } },
{ "type": "Feature", "properties": { "name": null, "highway": "footway" }, "geometry": { "type": "LineString", "coordinates": [ [ -112.0648778, 33.4481646 ], [ -112.0648746, 33.448234 ], [ -112.0648694, 33.4483464 ], [ -112.0648671, 33.4483954 ], [ -112.0648654, 33.4484314 ] ] } },
{ "type": "Feature", "properties": { "name": "South 7th Street", "highway": "primary" }, "geometry": { "type": "LineString", "coordinates": [ [ -112.065009, 33.4482297 ], [ -112.065012200000012, 33.4483475 ], [ -112.065013, 33.448391 ] ] } },
{ "type": "Feature", "properties": { "name": "East Washington Street", "highway": "primary" }, "geometry": { "type": "LineString", "coordinates": [ [ -112.065013, 33.448391 ], [ -112.065215, 33.4483865 ] ] } },
{ "type": "Feature", "properties": { "name": null, "highway": "footway" }, "geometry": { "type": "LineString", "coordinates": [ [ -112.0649181, 33.448473 ], [ -112.0648762, 33.4484682 ], [ -112.0648654, 33.4484314 ] ] } },
{ "type": "Feature", "properties": { "name": null, "highway": "footway" }, "geometry": { "type": "LineString", "coordinates": [ [ -112.0653122, 33.448465400000011 ], [ -112.0652143, 33.4484673 ], [ -112.0650143, 33.448471099999985 ], [ -112.0649181, 33.448473 ] ] } },
{ "type": "Feature", "properties": { "name": "North 7th Street", "highway": "primary" }, "geometry": { "type": "LineString", "coordinates": [ [ -112.0651056, 33.4488203 ], [ -112.0651966, 33.4487136 ], [ -112.0652143, 33.4484673 ], [ -112.065215, 33.4483865 ] ] } },
{ "type": "Feature", "properties": { "name": "North 7th Street", "highway": "primary" }, "geometry": { "type": "LineString", "coordinates": [ [ -112.065013, 33.448391 ], [ -112.0650143, 33.448471099999985 ], [ -112.065018, 33.4486721 ], [ -112.0650195, 33.4487001 ], [ -112.0651056, 33.4488203 ] ] } },
{ "type": "Feature", "properties": { "name": "South 7th Street", "highway": "primary" }, "geometry": { "type": "LineString", "coordinates": [ [ -112.0651056, 33.4488203 ], [ -112.0651133, 33.4489905 ] ] } },
{ "type": "Feature", "properties": { "name": null, "highway": "footway" }, "geometry": { "type": "LineString", "coordinates": [ [ -112.0653672, 33.4483226 ], [ -112.0653665, 33.4482882 ] ] } },
{ "type": "Feature", "properties": { "name": null, "highway": "footway" }, "geometry": { "type": "LineString", "coordinates": [ [ -112.0653691, 33.4484182 ], [ -112.0653684, 33.4483839 ], [ -112.0653676, 33.4483415 ], [ -112.0653672, 33.4483226 ] ] } },
{ "type": "Feature", "properties": { "name": null, "highway": "footway" }, "geometry": { "type": "LineString", "coordinates": [ [ -112.0653748, 33.4484612 ], [ -112.0653691, 33.4484182 ] ] } },
{ "type": "Feature", "properties": { "name": null, "highway": "steps" }, "geometry": { "type": "LineString", "coordinates": [ [ -112.065751, 33.4484555 ], [ -112.065750400000013, 33.448571099999988 ] ] } },
{ "type": "Feature", "properties": { "name": null, "highway": "footway" }, "geometry": { "type": "LineString", "coordinates": [ [ -112.0660953, 33.4486428 ], [ -112.065750400000013, 33.448571099999988 ], [ -112.0653313, 33.4484841 ], [ -112.0653748, 33.4484612 ] ] } },
{ "type": "Feature", "properties": { "name": null, "highway": "footway" }, "geometry": { "type": "LineString", "coordinates": [ [ -112.0655565, 33.4486215 ], [ -112.0653295, 33.4486269 ] ] } },
{ "type": "Feature", "properties": { "name": null, "highway": "footway" }, "geometry": { "type": "LineString", "coordinates": [ [ -112.0653307, 33.4489454 ], [ -112.065360200000015, 33.4489279 ], [ -112.065425, 33.4488323 ], [ -112.0654471, 33.4487936 ], [ -112.0655565, 33.4486215 ], [ -112.0655885, 33.4485641 ] ] } },
{ "type": "Feature", "properties": { "name": null, "highway": "footway" }, "geometry": { "type": "LineString", "coordinates": [ [ -112.065425, 33.4488323 ], [ -112.0654618, 33.4488501 ], [ -112.0654884, 33.4488152 ], [ -112.0654471, 33.4487936 ] ] } },
{ "type": "Feature", "properties": { "name": null, "highway": "footway" }, "geometry": { "type": "LineString", "coordinates": [ [ -112.0653344, 33.449307 ], [ -112.06531, 33.44925760000001 ], [ -112.0653307, 33.4489454 ], [ -112.0653295, 33.4486269 ], [ -112.0653313, 33.4484841 ], [ -112.0653122, 33.448465400000011 ] ] } },
{ "type": "Feature", "properties": { "name": null, "highway": "footway" }, "geometry": { "type": "LineString", "coordinates": [ [ -112.0657503, 33.4490652 ], [ -112.0657511, 33.4489782 ] ] } },
{ "type": "Feature", "properties": { "name": null, "highway": "footway" }, "geometry": { "type": "LineString", "coordinates": [ [ -112.066117300000016, 33.4489791 ], [ -112.066114, 33.448801 ], [ -112.0660938, 33.4487778 ] ] } },
{ "type": "Feature", "properties": { "name": null, "highway": "footway" }, "geometry": { "type": "LineString", "coordinates": [ [ -112.0672902, 33.4490596 ], [ -112.0671451, 33.4490241 ], [ -112.0669288, 33.4490215 ], [ -112.0669125, 33.4489952 ], [ -112.0662591, 33.4489921 ] ] } },
{ "type": "Feature", "properties": { "name": null, "highway": "footway" }, "geometry": { "type": "LineString", "coordinates": [ [ -112.0662591, 33.4489921 ], [ -112.0661517, 33.4489932 ], [ -112.0661536, 33.4491219 ], [ -112.066133, 33.4491221 ], [ -112.066119300000011, 33.4491223 ], [ -112.066117300000016, 33.4489791 ] ] } },
{ "type": "Feature", "properties": { "name": null, "highway": "steps" }, "geometry": { "type": "LineString", "coordinates": [ [ -112.066133, 33.4491221 ], [ -112.0661357, 33.449185300000011 ] ] } },
{ "type": "Feature", "properties": { "name": null, "highway": "footway" }, "geometry": { "type": "LineString", "coordinates": [ [ -112.06596540000001, 33.449297300000012 ], [ -112.06596140000002, 33.449188 ], [ -112.065948, 33.449188 ] ] } },
{ "type": "Feature", "properties": { "name": null, "highway": "footway" }, "geometry": { "type": "LineString", "coordinates": [ [ -112.0661357, 33.449185300000011 ], [ -112.0661438, 33.4492973 ] ] } },
{ "type": "Feature", "properties": { "name": null, "highway": "footway" }, "geometry": { "type": "LineString", "coordinates": [ [ -112.0661438, 33.4492973 ], [ -112.0662869, 33.4493055 ], [ -112.0665299, 33.4493836 ], [ -112.06664330000001, 33.4493933 ] ] } },
{ "type": "Feature", "properties": { "name": null, "highway": "footway" }, "geometry": { "type": "LineString", "coordinates": [ [ -112.0661438, 33.4492973 ], [ -112.066157, 33.4493669 ], [ -112.0661797, 33.4494915 ] ] } },
{ "type": "Feature", "properties": { "name": null, "highway": "footway" }, "geometry": { "type": "LineString", "coordinates": [ [ -112.066112, 33.4494338 ], [ -112.0661797, 33.4494915 ] ] } },
{ "type": "Feature", "properties": { "name": null, "highway": "footway" }, "geometry": { "type": "LineString", "coordinates": [ [ -112.066003, 33.4495061 ], [ -112.0660357, 33.4494344 ] ] } },
{ "type": "Feature", "properties": { "name": null, "highway": "footway" }, "geometry": { "type": "LineString", "coordinates": [ [ -112.065597, 33.4490654 ], [ -112.0657503, 33.4490652 ], [ -112.0658559, 33.4490653 ], [ -112.0658568, 33.4490984 ] ] } },
{ "type": "Feature", "properties": { "name": null, "highway": "service" }, "geometry": { "type": "LineString", "coordinates": [ [ -112.0654501, 33.4493735 ], [ -112.0654572, 33.4493105 ], [ -112.0654903, 33.4490199 ] ] } },
{ "type": "Feature", "properties": { "name": null, "highway": "footway" }, "geometry": { "type": "LineString", "coordinates": [ [ -112.065845, 33.4492973 ], [ -112.065843, 33.4492394 ] ] } },
{ "type": "Feature", "properties": { "name": null, "highway": "footway" }, "geometry": { "type": "LineString", "coordinates": [ [ -112.0656646, 33.4493083 ], [ -112.065662, 33.4492406 ] ] } },
{ "type": "Feature", "properties": { "name": null, "highway": "footway" }, "geometry": { "type": "LineString", "coordinates": [ [ -112.0653344, 33.449307 ], [ -112.0654572, 33.4493105 ], [ -112.065489, 33.4493099 ], [ -112.0656646, 33.4493083 ], [ -112.065845, 33.4492973 ], [ -112.06596540000001, 33.449297300000012 ], [ -112.0661438, 33.4492973 ] ] } },
{ "type": "Feature", "properties": { "name": null, "highway": "footway" }, "geometry": { "type": "LineString", "coordinates": [ [ -112.0653344, 33.449307 ], [ -112.0653123, 33.4493135 ] ] } },
{ "type": "Feature", "properties": { "name": "East Adams Street", "highway": "residential" }, "geometry": { "type": "LineString", "coordinates": [ [ -112.065504, 33.449373 ], [ -112.0654501, 33.4493735 ], [ -112.0653293, 33.4493745 ], [ -112.0653031, 33.4493748 ], [ -112.065187400000013, 33.4493735 ], [ -112.0651225, 33.449374 ] ] } },
{ "type": "Feature", "properties": { "name": "East Adams Street", "highway": "pedestrian" }, "geometry": { "type": "LineString", "coordinates": [ [ -112.066251, 33.4493661 ], [ -112.066157, 33.4493669 ], [ -112.065504, 33.449373 ] ] } },
{ "type": "Feature", "properties": { "name": null, "highway": "footway" }, "geometry": { "type": "LineString", "coordinates": [ [ -112.06529350000001, 33.4494398 ], [ -112.0653031, 33.4493748 ], [ -112.0653123, 33.4493135 ] ] } },
{ "type": "Feature", "properties": { "name": null, "highway": "footway" }, "geometry": { "type": "LineString", "coordinates": [ [ -112.0652938, 33.449447599999985 ], [ -112.06529350000001, 33.4494398 ] ] } },
{ "type": "Feature", "properties": { "name": "South 12th Street", "highway": "residential" }, "geometry": { "type": "LineString", "coordinates": [ [ -112.0564403, 33.4461329 ], [ -112.0564382, 33.4459538 ], [ -112.0564365, 33.4457793 ], [ -112.0564369, 33.44573230000001 ], [ -112.056436, 33.4456245 ], [ -112.05644, 33.4451122 ] ] } },
{ "type": "Feature", "properties": { "name": null, "highway": "service" }, "geometry": { "type": "LineString", "coordinates": [ [ -112.057561, 33.4452393 ], [ -112.057565, 33.4454913 ], [ -112.0575576, 33.4459077 ], [ -112.0575569, 33.4459492 ], [ -112.0575508, 33.4462271 ] ] } },
{ "type": "Feature", "properties": { "name": null, "highway": "service" }, "geometry": { "type": "LineString", "coordinates": [ [ -112.0586554, 33.4462296 ], [ -112.0581891, 33.4462286 ], [ -112.0577962, 33.4462277 ], [ -112.0575728, 33.4462272 ], [ -112.0575508, 33.4462271 ], [ -112.0566487, 33.4462252 ], [ -112.056655, 33.4458146 ], [ -112.0566563, 33.4457294 ], [ -112.0566628, 33.4453053 ], [ -112.05667170000001, 33.445263899999986 ], [ -112.056698200000014, 33.4452403 ], [ -112.0567655, 33.4452344 ], [ -112.05744, 33.4452386 ], [ -112.057561, 33.4452393 ], [ -112.0576772, 33.44524 ], [ -112.057812, 33.4452409 ], [ -112.0586713, 33.4452462 ], [ -112.0586554, 33.4462296 ] ] } },
{ "type": "Feature", "properties": { "name": null, "highway": "footway" }, "geometry": { "type": "LineString", "coordinates": [ [ -112.0573869, 33.4461562 ], [ -112.0567464, 33.4461555 ], [ -112.0567511, 33.4458153 ], [ -112.0567465, 33.4453339 ], [ -112.0567819, 33.445328 ], [ -112.0574173, 33.4453289 ] ] } },
{ "type": "Feature", "properties": { "name": null, "highway": "service" }, "geometry": { "type": "LineString", "coordinates": [ [ -112.0581891, 33.4462286 ], [ -112.0581873, 33.4460701 ], [ -112.0581845, 33.4458181 ], [ -112.0581821, 33.4457129 ], [ -112.0578844, 33.4457137 ], [ -112.0578202, 33.4457139 ], [ -112.0578202, 33.4455726 ], [ -112.057812, 33.4452409 ] ] } },
{ "type": "Feature", "properties": { "name": null, "highway": "footway" }, "geometry": { "type": "LineString", "coordinates": [ [ -112.058879, 33.4464033 ], [ -112.0588781, 33.4468562 ], [ -112.0588799, 33.446935 ], [ -112.058882, 33.4470215 ], [ -112.0588824, 33.447040199999989 ], [ -112.0588733, 33.44705 ], [ -112.0587108, 33.4470481 ], [ -112.0586664, 33.4470426 ], [ -112.0586402, 33.4470327 ], [ -112.0585497, 33.4470345 ], [ -112.0585224, 33.4470454 ], [ -112.058489300000019, 33.447047 ], [ -112.0580831, 33.4470507 ], [ -112.0578646, 33.4470527 ], [ -112.0568471, 33.4470575 ], [ -112.0566088, 33.4470597 ], [ -112.0565734, 33.4470561 ], [ -112.0565476, 33.4470455 ], [ -112.0565438, 33.4470348 ], [ -112.056539900000018, 33.447024 ], [ -112.0565452, 33.4469928 ], [ -112.0565496, 33.4469733 ], [ -112.0565514, 33.446699799999983 ], [ -112.0565518, 33.4466477 ], [ -112.056552, 33.4463671 ], [ -112.056552, 33.446353 ], [ -112.0565409, 33.4463383 ], [ -112.0565401, 33.4458147 ], [ -112.0565401, 33.4457819 ], [ -112.0565403, 33.4457309 ], [ -112.0565422, 33.4451751 ], [ -112.0565811, 33.445154 ], [ -112.0566329, 33.4451447 ], [ -112.056731, 33.4451323 ], [ -112.0567791, 33.4451288 ], [ -112.056885, 33.4451242 ], [ -112.0569602, 33.4451239 ], [ -112.0571876, 33.445126 ], [ -112.0575431, 33.4451259 ], [ -112.0576772, 33.4451256 ], [ -112.0578529, 33.4451253 ], [ -112.0580889, 33.4451253 ], [ -112.0582019, 33.4451257 ], [ -112.0583636, 33.445125 ], [ -112.0585976, 33.4451259 ], [ -112.0586719, 33.4451253 ], [ -112.05889, 33.445123399999986 ], [ -112.058891, 33.4451715 ] ] } },
{ "type": "Feature", "properties": { "name": null, "highway": "service" }, "geometry": { "type": "LineString", "coordinates": [ [ -112.0577962, 33.4462277 ], [ -112.0577946, 33.4460678 ], [ -112.0581873, 33.4460701 ] ] } },
{ "type": "Feature", "properties": { "name": null, "highway": "service" }, "geometry": { "type": "LineString", "coordinates": [ [ -112.0575728, 33.4462272 ], [ -112.0575728, 33.4462861 ], [ -112.0575728, 33.4463682 ] ] } },
{ "type": "Feature", "properties": { "name": null, "highway": "service" }, "geometry": { "type": "LineString", "coordinates": [ [ -112.056441, 33.446367 ], [ -112.056552, 33.4463671 ], [ -112.057352, 33.446368 ], [ -112.0575525, 33.4463682 ], [ -112.0575728, 33.4463682 ], [ -112.0578164, 33.4463684 ], [ -112.0580144, 33.4463686 ], [ -112.0588291, 33.4463695 ], [ -112.0588825, 33.4463687 ], [ -112.0589914, 33.446367 ] ] } },
{ "type": "Feature", "properties": { "name": null, "highway": "service" }, "geometry": { "type": "LineString", "coordinates": [ [ -112.0578164, 33.4463684 ], [ -112.0578157, 33.4464406 ] ] } },
{ "type": "Feature", "properties": { "name": null, "highway": "footway" }, "geometry": { "type": "LineString", "coordinates": [ [ -112.0588856, 33.4463383 ], [ -112.058891, 33.4451715 ] ] } },
{ "type": "Feature", "properties": { "name": "South 11th Street", "highway": "residential" }, "geometry": { "type": "LineString", "coordinates": [ [ -112.0589881, 33.4471136 ], [ -112.0589878, 33.4470224 ], [ -112.0589878, 33.4470168 ], [ -112.0589881, 33.4469539 ], [ -112.058991, 33.446436 ], [ -112.0589914, 33.446367 ], [ -112.0589922, 33.4462162 ], [ -112.058995, 33.4457171 ], [ -112.0589955, 33.4456248 ], [ -112.0589879, 33.445106899999978 ], [ -112.0589867, 33.4450239 ] ] } },
{ "type": "Feature", "properties": { "name": null, "highway": "footway" }, "geometry": { "type": "LineString", "coordinates": [ [ -112.058879, 33.4464033 ], [ -112.0588825, 33.4463687 ], [ -112.0588856, 33.4463383 ] ] } },
{ "type": "Feature", "properties": { "name": null, "highway": "service" }, "geometry": { "type": "LineString", "coordinates": [ [ -112.0589881, 33.4469539 ], [ -112.0588799, 33.446935 ], [ -112.0588351, 33.4469271 ], [ -112.0588291, 33.4463695 ] ] } },
{ "type": "Feature", "properties": { "name": null, "highway": "service" }, "geometry": { "type": "LineString", "coordinates": [ [ -112.0591435, 33.4464112 ], [ -112.0591523, 33.4468988 ], [ -112.0591565, 33.446956399999983 ], [ -112.0592171, 33.4469773 ], [ -112.0599352, 33.4469911 ] ] } },
{ "type": "Feature", "properties": { "name": null, "highway": "service" }, "geometry": { "type": "LineString", "coordinates": [ [ -112.0599346, 33.4471145 ], [ -112.0599324, 33.447047 ], [ -112.0599311, 33.4470092 ], [ -112.0599352, 33.4469911 ], [ -112.0599456, 33.4469495 ], [ -112.0599549, 33.4468129 ], [ -112.0599487, 33.4465976 ], [ -112.0599425, 33.4464238 ], [ -112.059920700000021, 33.4464022 ], [ -112.0598627, 33.4463935 ], [ -112.0596005, 33.4463987 ], [ -112.0593363, 33.446397 ], [ -112.0591435, 33.4464112 ], [ -112.0591135, 33.4464134 ], [ -112.0590829, 33.4464219 ], [ -112.0590451, 33.4464324 ], [ -112.058991, 33.446436 ] ] } },
{ "type": "Feature", "properties": { "name": null, "highway": "footway" }, "geometry": { "type": "LineString", "coordinates": [ [ -112.058882, 33.4470215 ], [ -112.0589216, 33.4470214 ] ] } },
{ "type": "Feature", "properties": { "name": null, "highway": "footway" }, "geometry": { "type": "LineString", "coordinates": [ [ -112.0589216, 33.4470214 ], [ -112.0589878, 33.4470224 ], [ -112.0590433, 33.4470233 ] ] } },
{ "type": "Feature", "properties": { "name": null, "highway": "footway" }, "geometry": { "type": "LineString", "coordinates": [ [ -112.0590433, 33.4470233 ], [ -112.0590788, 33.4470203 ] ] } },
{ "type": "Feature", "properties": { "name": "East Jefferson Street", "highway": "primary" }, "geometry": { "type": "LineString", "coordinates": [ [ -112.0602864, 33.4471205 ], [ -112.0600572, 33.447116 ], [ -112.0599774, 33.447114499999984 ], [ -112.0599346, 33.4471145 ], [ -112.0589881, 33.4471136 ], [ -112.05859820000002, 33.4471173 ], [ -112.0580824, 33.4471223 ], [ -112.05795160000001, 33.4471235 ] ] } },
{ "type": "Feature", "properties": { "name": null, "highway": "service" }, "geometry": { "type": "LineString", "coordinates": [ [ -112.0602433, 33.4457869 ], [ -112.0603184, 33.4457914 ], [ -112.0604048, 33.4457915 ], [ -112.06060020000001, 33.4457917 ], [ -112.0605974, 33.4462648 ], [ -112.0606926, 33.4462636 ], [ -112.0607346, 33.4462674 ], [ -112.060836900000012, 33.4462766 ] ] } },
{ "type": "Feature", "properties": { "name": null, "highway": "service" }, "geometry": { "type": "LineString", "coordinates": [ [ -112.060401700000014, 33.4462829 ], [ -112.0604048, 33.4457915 ] ] } },
{ "type": "Feature", "properties": { "name": null, "highway": "service" }, "geometry": { "type": "LineString", "coordinates": [ [ -112.0605974, 33.4462648 ], [ -112.0605122, 33.4462824 ], [ -112.060401700000014, 33.4462829 ], [ -112.0594238, 33.4462869 ], [ -112.0592289, 33.4462194 ], [ -112.0590843, 33.4462174 ], [ -112.0589922, 33.4462162 ] ] } },
{ "type": "Feature", "properties": { "name": null, "highway": "footway" }, "geometry": { "type": "LineString", "coordinates": [ [ -112.060745700000012, 33.4468938 ], [ -112.0607453, 33.4469575 ], [ -112.0607448, 33.4470199 ], [ -112.0607447, 33.4470352 ], [ -112.0607242, 33.4470485 ], [ -112.0606949, 33.4470515 ], [ -112.060588, 33.4470493 ], [ -112.0600566, 33.4470474 ], [ -112.0599324, 33.447047 ], [ -112.0598474, 33.4470467 ], [ -112.0591264, 33.4470482 ], [ -112.059098, 33.4470509 ], [ -112.0590814, 33.4470455 ], [ -112.0590787, 33.4470299 ], [ -112.0590788, 33.4470203 ], [ -112.0590829, 33.4464219 ], [ -112.0590843, 33.4462174 ], [ -112.0590848, 33.4461445 ], [ -112.0590871, 33.4461187 ], [ -112.0590784, 33.4460937 ], [ -112.059078, 33.4460672 ], [ -112.0590862, 33.4460421 ], [ -112.0590868, 33.446005 ], [ -112.059089, 33.4459705 ], [ -112.0590881, 33.4459133 ], [ -112.0590871, 33.4457266 ], [ -112.0590882, 33.4457038 ], [ -112.0591209, 33.4456823 ], [ -112.059140700000015, 33.445682 ], [ -112.0593536, 33.4456793 ], [ -112.0593703, 33.4456828 ], [ -112.059399, 33.4456889 ], [ -112.059459, 33.4456896 ], [ -112.0595677, 33.445691 ], [ -112.0596012, 33.4456962 ], [ -112.059618500000013, 33.4456907 ], [ -112.0596612, 33.4456878 ], [ -112.0598943, 33.4456877 ], [ -112.060146, 33.4456875 ], [ -112.0602014, 33.4456894 ], [ -112.0602488, 33.445689 ], [ -112.0603156, 33.4456885 ], [ -112.0605276, 33.4456876 ], [ -112.0605787, 33.4456873 ], [ -112.0607102, 33.4456872 ], [ -112.0607317, 33.4456921 ], [ -112.0607504, 33.4457051 ], [ -112.0607649, 33.4457257 ], [ -112.060762600000018, 33.4461847 ], [ -112.0607635, 33.4462254 ], [ -112.0607351, 33.4462339 ], [ -112.0607346, 33.4462674 ], [ -112.0607332, 33.4463642 ] ] } },
{ "type": "Feature", "properties": { "name": null, "highway": "service" }, "geometry": { "type": "LineString", "coordinates": [ [ -112.0600572, 33.447116 ], [ -112.0600566, 33.4470474 ], [ -112.060056, 33.4469687 ], [ -112.060054, 33.446506 ], [ -112.0605948, 33.4465021 ], [ -112.0606471, 33.4464546 ], [ -112.060838, 33.4464353 ] ] } },
{ "type": "Feature", "properties": { "name": null, "highway": "service" }, "geometry": { "type": "LineString", "coordinates": [ [ -112.0608417, 33.4469459 ], [ -112.0607453, 33.4469575 ], [ -112.0607168, 33.4469609 ], [ -112.0606273, 33.4469719 ], [ -112.060056, 33.4469687 ] ] } },
{ "type": "Feature", "properties": { "name": "East Jefferson Street", "highway": "primary" }, "geometry": { "type": "LineString", "coordinates": [ [ -112.0600211, 33.4472389 ], [ -112.0595453, 33.4472392 ] ] } },
{ "type": "Feature", "properties": { "name": "East Jefferson Street", "highway": "primary" }, "geometry": { "type": "LineString", "coordinates": [ [ -112.0611149, 33.4472409 ], [ -112.0609536, 33.4472458 ], [ -112.060549600000016, 33.4472365 ], [ -112.0601939, 33.4472388 ], [ -112.0600211, 33.4472389 ] ] } },
{ "type": "Feature", "properties": { "name": null, "highway": "service" }, "geometry": { "type": "LineString", "coordinates": [ [ -112.0601939, 33.4472388 ], [ -112.0601943, 33.4472953 ], [ -112.0601976, 33.4477247 ] ] } },
{ "type": "Feature", "properties": { "name": null, "highway": "service" }, "geometry": { "type": "LineString", "coordinates": [ [ -112.0605495, 33.447721799999989 ], [ -112.060549600000016, 33.4472956 ], [ -112.060549600000016, 33.4472365 ] ] } },
{ "type": "Feature", "properties": { "name": null, "highway": "footway" }, "geometry": { "type": "LineString", "coordinates": [ [ -112.0565734, 33.4470561 ], [ -112.0565651, 33.447077 ] ] } },
{ "type": "Feature", "properties": { "name": "East Jefferson Street", "highway": "primary" }, "geometry": { "type": "LineString", "coordinates": [ [ -112.0575178, 33.4471282 ], [ -112.0565664, 33.4471291 ], [ -112.056443, 33.4471295 ] ] } },
{ "type": "Feature", "properties": { "name": "East Jefferson Street", "highway": "primary" }, "geometry": { "type": "LineString", "coordinates": [ [ -112.05795160000001, 33.4471235 ], [ -112.0578057, 33.4471251 ], [ -112.0577077, 33.4471261 ] ] } },
{ "type": "Feature", "properties": { "name": "East Jefferson Street", "highway": "primary" }, "geometry": { "type": "LineString", "coordinates": [ [ -112.0577077, 33.4471261 ], [ -112.0575178, 33.4471282 ] ] } },
{ "type": "Feature", "properties": { "name": null, "highway": "footway" }, "geometry": { "type": "LineString", "coordinates": [ [ -112.0565651, 33.447077 ], [ -112.0565664, 33.4471291 ], [ -112.0565689, 33.4472237 ], [ -112.0565703, 33.447276 ], [ -112.0565709, 33.447301 ] ] } },
{ "type": "Feature", "properties": { "name": "East Jefferson Street", "highway": "primary" }, "geometry": { "type": "LineString", "coordinates": [ [ -112.0584319, 33.4472442 ], [ -112.0581958, 33.447204 ], [ -112.0577077, 33.4471261 ] ] } },
{ "type": "Feature", "properties": { "name": "East Jefferson Street", "highway": "primary" }, "geometry": { "type": "LineString", "coordinates": [ [ -112.0595453, 33.4472392 ], [ -112.0592182, 33.447238699999986 ], [ -112.0591035, 33.4472383 ], [ -112.0590203, 33.4472392 ], [ -112.0589342, 33.4472402 ], [ -112.0588494, 33.4472412 ], [ -112.0584319, 33.4472442 ], [ -112.0574571, 33.4472648 ], [ -112.0570073, 33.4472705 ], [ -112.0565703, 33.447276 ], [ -112.056444, 33.4472768 ] ] } },
{ "type": "Feature", "properties": { "name": null, "highway": "footway" }, "geometry": { "type": "LineString", "coordinates": [ [ -112.0565709, 33.447301 ], [ -112.0565728, 33.4473214 ] ] } },
{ "type": "Feature", "properties": { "name": null, "highway": "footway" }, "geometry": { "type": "LineString", "coordinates": [ [ -112.0565471, 33.4473324 ], [ -112.0565177, 33.4473259 ] ] } },
{ "type": "Feature", "properties": { "name": null, "highway": "service" }, "geometry": { "type": "LineString", "coordinates": [ [ -112.0564385, 33.4476416 ], [ -112.0565489, 33.4476412 ], [ -112.0568533, 33.4476401 ] ] } },
{ "type": "Feature", "properties": { "name": "East Jefferson Street", "highway": "primary" }, "geometry": { "type": "LineString", "coordinates": [ [ -112.062098, 33.4471007 ], [ -112.061989, 33.4471006 ], [ -112.0618278, 33.4471002 ], [ -112.0616315, 33.447096899999984 ], [ -112.0614659, 33.447094 ], [ -112.0611935, 33.447089 ], [ -112.0609636, 33.447086 ], [ -112.0608427, 33.4470815 ], [ -112.06048490000002, 33.4470908 ], [ -112.0602864, 33.4471205 ] ] } },
{ "type": "Feature", "properties": { "name": "East Jefferson Street", "highway": "primary" }, "geometry": { "type": "LineString", "coordinates": [ [ -112.061983, 33.4472142 ], [ -112.0612887, 33.4471729 ], [ -112.0608412, 33.447133699999988 ], [ -112.0602864, 33.4471205 ] ] } },
{ "type": "Feature", "properties": { "name": "East Jefferson Street", "highway": "primary" }, "geometry": { "type": "LineString", "coordinates": [ [ -112.061983, 33.4472142 ], [ -112.06177, 33.447236 ], [ -112.0615299, 33.4472416 ], [ -112.0611149, 33.4472409 ] ] } },
{ "type": "Feature", "properties": { "name": null, "highway": "service" }, "geometry": { "type": "LineString", "coordinates": [ [ -112.0615316, 33.4473637 ], [ -112.0615307, 33.4472986 ], [ -112.0615299, 33.4472416 ] ] } },
{ "type": "Feature", "properties": { "name": null, "highway": "service" }, "geometry": { "type": "LineString", "coordinates": [ [ -112.0611149, 33.4472409 ], [ -112.061113400000011, 33.4472971 ], [ -112.061111400000016, 33.4473696 ], [ -112.0611199, 33.447670399999986 ] ] } },
{ "type": "Feature", "properties": { "name": null, "highway": "service" }, "geometry": { "type": "LineString", "coordinates": [ [ -112.061111400000016, 33.4473696 ], [ -112.0610362, 33.4473708 ], [ -112.0609234, 33.4473724 ], [ -112.060743700000017, 33.447376 ], [ -112.0607235, 33.4473913 ], [ -112.0607289, 33.4475943 ] ] } },
{ "type": "Feature", "properties": { "name": null, "highway": "service" }, "geometry": { "type": "LineString", "coordinates": [ [ -112.0609307, 33.4475953 ], [ -112.0609234, 33.4473724 ] ] } },
{ "type": "Feature", "properties": { "name": null, "highway": "service" }, "geometry": { "type": "LineString", "coordinates": [ [ -112.0615373, 33.4476682 ], [ -112.0615316, 33.4473637 ] ] } },
{ "type": "Feature", "properties": { "name": null, "highway": "service" }, "geometry": { "type": "LineString", "coordinates": [ [ -112.0613226, 33.4476693 ], [ -112.061318, 33.4473663 ] ] } },
{ "type": "Feature", "properties": { "name": null, "highway": "service" }, "geometry": { "type": "LineString", "coordinates": [ [ -112.0617599, 33.4476685 ], [ -112.0617535, 33.4474018 ], [ -112.0617471, 33.4473709 ], [ -112.0617254, 33.4473614 ], [ -112.0615316, 33.4473637 ], [ -112.061318, 33.4473663 ], [ -112.061111400000016, 33.4473696 ] ] } },
{ "type": "Feature", "properties": { "name": null, "highway": "footway" }, "geometry": { "type": "LineString", "coordinates": [ [ -112.0590542, 33.4473474 ], [ -112.05902, 33.447347699999987 ], [ -112.0590067, 33.4473478 ], [ -112.0589529, 33.4473484 ], [ -112.0589339, 33.4473486 ], [ -112.058909, 33.4473488 ] ] } },
{ "type": "Feature", "properties": { "name": null, "highway": "footway" }, "geometry": { "type": "LineString", "coordinates": [ [ -112.058909, 33.4473488 ], [ -112.0588983, 33.4473551 ] ] } },
{ "type": "Feature", "properties": { "name": null, "highway": "footway" }, "geometry": { "type": "LineString", "coordinates": [ [ -112.0590776, 33.4473612 ], [ -112.0590542, 33.4473474 ] ] } },
{ "type": "Feature", "properties": { "name": null, "highway": "service" }, "geometry": { "type": "LineString", "coordinates": [ [ -112.0595473, 33.4474704 ], [ -112.0593951, 33.447471299999989 ] ] } },
{ "type": "Feature", "properties": { "name": null, "highway": "service" }, "geometry": { "type": "LineString", "coordinates": [ [ -112.0592182, 33.447238699999986 ], [ -112.0592172, 33.4472967 ], [ -112.0592096, 33.4477272 ] ] } },
{ "type": "Feature", "properties": { "name": null, "highway": "service" }, "geometry": { "type": "LineString", "coordinates": [ [ -112.0595495, 33.4477297 ], [ -112.0595486, 33.4476201 ], [ -112.0595473, 33.4474704 ], [ -112.0595458, 33.4472964 ], [ -112.0595453, 33.4472392 ] ] } },
{ "type": "Feature", "properties": { "name": null, "highway": "service" }, "geometry": { "type": "LineString", "coordinates": [ [ -112.0593951, 33.447471299999989 ], [ -112.059396300000017, 33.447621 ] ] } },
{ "type": "Feature", "properties": { "name": "South 11th Street", "highway": "residential" }, "geometry": { "type": "LineString", "coordinates": [ [ -112.0589342, 33.4472402 ], [ -112.0589341, 33.44731 ], [ -112.0589339, 33.4473486 ], [ -112.0589338, 33.4473623 ], [ -112.0589336, 33.4474133 ], [ -112.0589326, 33.447738 ], [ -112.0589316, 33.448020299999989 ], [ -112.0589313, 33.4480904 ], [ -112.0589313, 33.4481141 ], [ -112.0589312, 33.4481379 ], [ -112.058931, 33.4481977 ] ] } },
{ "type": "Feature", "properties": { "name": "South 11th Street", "highway": "residential" }, "geometry": { "type": "LineString", "coordinates": [ [ -112.0590171, 33.4481993 ], [ -112.0590173, 33.4481305 ], [ -112.0590173, 33.4481156 ], [ -112.0590174, 33.4480906 ], [ -112.0590177, 33.4480205 ], [ -112.0590187, 33.4477257 ], [ -112.0590197, 33.4474135 ], [ -112.05902, 33.447347699999987 ], [ -112.05902, 33.4473474 ], [ -112.0590207, 33.4473162 ], [ -112.0590203, 33.4472392 ] ] } },
{ "type": "Feature", "properties": { "name": null, "highway": "footway" }, "geometry": { "type": "LineString", "coordinates": [ [ -112.059081600000013, 33.448107 ], [ -112.059057900000013, 33.4481166 ] ] } },
{ "type": "Feature", "properties": { "name": null, "highway": "footway" }, "geometry": { "type": "LineString", "coordinates": [ [ -112.05785, 33.4472941 ], [ -112.0580047, 33.4472912 ], [ -112.0580556, 33.4472965 ], [ -112.0587938, 33.447298 ], [ -112.0588489, 33.44729370000001 ], [ -112.0588737, 33.4473054 ], [ -112.0588889, 33.4473199 ], [ -112.0588941, 33.447339199999988 ], [ -112.0588983, 33.4473551 ], [ -112.0589082, 33.4473703 ], [ -112.0589118, 33.4473954 ], [ -112.05891, 33.4476545 ], [ -112.0589059, 33.4477934 ], [ -112.0588935, 33.4478254 ], [ -112.058881500000012, 33.447846 ], [ -112.0588719, 33.4478717 ], [ -112.0588679, 33.4478893 ], [ -112.0588655, 33.4480823 ], [ -112.0588726, 33.4481184 ], [ -112.0588681, 33.4481459 ], [ -112.0588419, 33.4481576 ], [ -112.0588022, 33.4481598 ], [ -112.0587094, 33.448151700000011 ], [ -112.058346, 33.448139 ], [ -112.0580166, 33.4481275 ], [ -112.0578306, 33.4481279 ], [ -112.0574259, 33.4481295 ], [ -112.0573741, 33.4481352 ], [ -112.0570103, 33.448135 ], [ -112.0569706, 33.448149 ], [ -112.0568168, 33.4481536 ], [ -112.056764, 33.448138899999982 ], [ -112.0566047, 33.4481348 ], [ -112.0565743, 33.4481294 ], [ -112.0565531, 33.4481117 ], [ -112.056544300000013, 33.4480947 ], [ -112.0565469, 33.4478433 ], [ -112.0565489, 33.4476412 ], [ -112.0565498, 33.4475561 ], [ -112.0565465, 33.4473582 ], [ -112.0565471, 33.4473324 ], [ -112.0565569, 33.4473218 ], [ -112.0565728, 33.4473214 ], [ -112.056581300000019, 33.4473212 ], [ -112.0566168, 33.4473212 ], [ -112.056848100000011, 33.4473172 ], [ -112.0569444, 33.4473066 ], [ -112.0570708, 33.4473039 ], [ -112.0571035, 33.4473066 ], [ -112.0574424, 33.4473008 ], [ -112.05785, 33.4472941 ] ] } },
{ "type": "Feature", "properties": { "name": null, "highway": "service" }, "geometry": { "type": "LineString", "coordinates": [ [ -112.056435400000012, 33.447842799999989 ], [ -112.0565469, 33.4478433 ], [ -112.0571759, 33.4478463 ] ] } },
{ "type": "Feature", "properties": { "name": null, "highway": "footway" }, "geometry": { "type": "LineString", "coordinates": [ [ -112.0565089, 33.4481036 ], [ -112.056544300000013, 33.4480947 ] ] } },
{ "type": "Feature", "properties": { "name": null, "highway": "footway" }, "geometry": { "type": "LineString", "coordinates": [ [ -112.0565665, 33.4481486 ], [ -112.0565743, 33.4481294 ] ] } },
{ "type": "Feature", "properties": { "name": null, "highway": "footway" }, "geometry": { "type": "LineString", "coordinates": [ [ -112.0565651, 33.4482496 ], [ -112.0567052, 33.448249 ] ] } },
{ "type": "Feature", "properties": { "name": null, "highway": "footway" }, "geometry": { "type": "LineString", "coordinates": [ [ -112.0567052, 33.448249 ], [ -112.057185, 33.4482454 ], [ -112.0576534, 33.4482433 ] ] } },
{ "type": "Feature", "properties": { "name": null, "highway": "footway" }, "geometry": { "type": "LineString", "coordinates": [ [ -112.0576534, 33.4482433 ], [ -112.0578761, 33.4482438 ] ] } },
{ "type": "Feature", "properties": { "name": null, "highway": "footway" }, "geometry": { "type": "LineString", "coordinates": [ [ -112.0565634, 33.4483699 ], [ -112.0565642, 33.4483145 ], [ -112.0565651, 33.4482496 ], [ -112.0565655, 33.4482231 ], [ -112.0565662, 33.4481689 ], [ -112.0565665, 33.4481486 ] ] } },
{ "type": "Feature", "properties": { "name": "East Washington Street", "highway": "primary" }, "geometry": { "type": "LineString", "coordinates": [ [ -112.056434, 33.4483148 ], [ -112.0565642, 33.4483145 ], [ -112.0569426, 33.4483144 ], [ -112.0579742, 33.448314 ], [ -112.0580403, 33.448314 ], [ -112.0583315, 33.4483213 ], [ -112.0589898, 33.4483377 ] ] } },
{ "type": "Feature", "properties": { "name": null, "highway": "footway" }, "geometry": { "type": "LineString", "coordinates": [ [ -112.0565731, 33.4484007 ], [ -112.0565634, 33.4483699 ] ] } },
{ "type": "Feature", "properties": { "name": null, "highway": "footway" }, "geometry": { "type": "LineString", "coordinates": [ [ -112.0604279, 33.4472955 ], [ -112.0604257, 33.4476787 ] ] } },
{ "type": "Feature", "properties": { "name": null, "highway": "service" }, "geometry": { "type": "LineString", "coordinates": [ [ -112.0600928, 33.4476168 ], [ -112.0595486, 33.4476201 ], [ -112.059396300000017, 33.447621 ] ] } },
{ "type": "Feature", "properties": { "name": null, "highway": "service" }, "geometry": { "type": "LineString", "coordinates": [ [ -112.0605495, 33.447721799999989 ], [ -112.0601976, 33.4477247 ], [ -112.059986600000016, 33.447726 ], [ -112.0598269, 33.4477309 ], [ -112.0595495, 33.4477297 ], [ -112.0592096, 33.4477272 ], [ -112.0590588, 33.447726 ], [ -112.0590187, 33.4477257 ], [ -112.0589753, 33.4477387 ], [ -112.0589326, 33.447738 ] ] } },
{ "type": "Feature", "properties": { "name": null, "highway": "footway" }, "geometry": { "type": "LineString", "coordinates": [ [ -112.0619891, 33.4474191 ], [ -112.0619915, 33.4475837 ], [ -112.0619914, 33.4476671 ], [ -112.0619908, 33.4481227 ], [ -112.0619925, 33.4481478 ], [ -112.0617731, 33.4481462 ], [ -112.0614548, 33.4481469 ], [ -112.0611174, 33.4481469 ], [ -112.0610748, 33.4481469 ], [ -112.0605996, 33.448153 ], [ -112.0599888, 33.4481542 ], [ -112.0598792, 33.4481544 ], [ -112.0594999, 33.4481538 ], [ -112.0592391, 33.4481545 ], [ -112.0591728, 33.448154 ], [ -112.0591433, 33.4481564 ], [ -112.0591112, 33.4481518 ], [ -112.0590952, 33.4481423 ], [ -112.0590811, 33.4481279 ], [ -112.059081600000013, 33.448107 ], [ -112.0590895, 33.447783899999983 ], [ -112.0590782, 33.4477791 ], [ -112.0590647, 33.4477745 ], [ -112.0590602, 33.4477708 ], [ -112.0590588, 33.447726 ], [ -112.0590527, 33.447528 ], [ -112.059053100000014, 33.447409599999986 ], [ -112.0590554, 33.4473816 ], [ -112.0590776, 33.4473612 ], [ -112.0590978, 33.4472971 ], [ -112.0592172, 33.4472967 ], [ -112.0593305, 33.4472964 ], [ -112.0595046, 33.4472963 ], [ -112.0595458, 33.4472964 ], [ -112.0598306, 33.4472968 ], [ -112.0601634, 33.4472953 ], [ -112.0601943, 33.4472953 ], [ -112.0604279, 33.4472955 ], [ -112.0604824, 33.4472955 ], [ -112.060549600000016, 33.4472956 ], [ -112.0606648, 33.4472957 ], [ -112.0610587, 33.4472967 ], [ -112.061113400000011, 33.4472971 ], [ -112.0612986, 33.4472986 ], [ -112.0615307, 33.4472986 ], [ -112.0616704, 33.4472986 ], [ -112.0619577, 33.4472971 ], [ -112.061985, 33.4473141 ], [ -112.0619911, 33.4473337 ], [ -112.0619891, 33.4474191 ] ] } },
{ "type": "Feature", "properties": { "name": null, "highway": "service" }, "geometry": { "type": "LineString", "coordinates": [ [ -112.059623300000013, 33.4478815 ], [ -112.0598308, 33.4478817 ], [ -112.0598269, 33.4477309 ] ] } },
{ "type": "Feature", "properties": { "name": null, "highway": "service" }, "geometry": { "type": "LineString", "coordinates": [ [ -112.059986600000016, 33.447726 ], [ -112.0599888, 33.4481542 ], [ -112.059989, 33.4482013 ] ] } },
{ "type": "Feature", "properties": { "name": "East Washington Street", "highway": "primary" }, "geometry": { "type": "LineString", "coordinates": [ [ -112.0594018, 33.4482013 ], [ -112.0596779, 33.4482508 ], [ -112.0602482, 33.4483366 ] ] } },
{ "type": "Feature", "properties": { "name": "East Washington Street", "highway": "primary" }, "geometry": { "type": "LineString", "coordinates": [ [ -112.059878500000011, 33.4483369 ], [ -112.059893, 33.4483369 ], [ -112.0602482, 33.4483366 ] ] } },
{ "type": "Feature", "properties": { "name": null, "highway": "service" }, "geometry": { "type": "LineString", "coordinates": [ [ -112.059893, 33.4483369 ], [ -112.059894200000016, 33.4484105 ], [ -112.059894600000021, 33.448433 ] ] } },
{ "type": "Feature", "properties": { "name": null, "highway": "service" }, "geometry": { "type": "LineString", "coordinates": [ [ -112.0605269, 33.4483373 ], [ -112.06052750000002, 33.4484085 ], [ -112.060528, 33.4484785 ] ] } },
{ "type": "Feature", "properties": { "name": null, "highway": "service" }, "geometry": { "type": "LineString", "coordinates": [ [ -112.0606849, 33.4476751 ], [ -112.06107440000001, 33.447673 ], [ -112.0611199, 33.447670399999986 ], [ -112.0613226, 33.4476693 ], [ -112.0615373, 33.4476682 ], [ -112.0617599, 33.4476685 ], [ -112.0619914, 33.4476671 ], [ -112.0621008, 33.4476664 ] ] } },
{ "type": "Feature", "properties": { "name": null, "highway": "service" }, "geometry": { "type": "LineString", "coordinates": [ [ -112.0610764, 33.4478519 ], [ -112.0614329, 33.4478558 ] ] } },
{ "type": "Feature", "properties": { "name": null, "highway": "service" }, "geometry": { "type": "LineString", "coordinates": [ [ -112.0614329, 33.4478558 ], [ -112.0614322, 33.4480094 ] ] } },
{ "type": "Feature", "properties": { "name": null, "highway": "service" }, "geometry": { "type": "LineString", "coordinates": [ [ -112.0611189, 33.4482011 ], [ -112.0611174, 33.4481469 ], [ -112.0610791, 33.4480996 ], [ -112.0610781, 33.4480101 ], [ -112.0610764, 33.4478519 ], [ -112.06107440000001, 33.447673 ] ] } },
{ "type": "Feature", "properties": { "name": null, "highway": "service" }, "geometry": { "type": "LineString", "coordinates": [ [ -112.0610781, 33.4480101 ], [ -112.0614322, 33.4480094 ] ] } },
{ "type": "Feature", "properties": { "name": null, "highway": "service" }, "geometry": { "type": "LineString", "coordinates": [ [ -112.0610791, 33.4480996 ], [ -112.0614361, 33.4480978 ], [ -112.0614322, 33.4480094 ] ] } },
{ "type": "Feature", "properties": { "name": "East Washington Street", "highway": "primary" }, "geometry": { "type": "LineString", "coordinates": [ [ -112.0602482, 33.4483366 ], [ -112.0605269, 33.4483373 ], [ -112.0609613, 33.448338 ], [ -112.0610964, 33.448338199999988 ], [ -112.0611448, 33.448338199999988 ] ] } },
{ "type": "Feature", "properties": { "name": "East Washington Street", "highway": "primary" }, "geometry": { "type": "LineString", "coordinates": [ [ -112.0611448, 33.448338199999988 ], [ -112.0613202, 33.4483385 ], [ -112.0618355, 33.4483393 ] ] } },
{ "type": "Feature", "properties": { "name": null, "highway": "service" }, "geometry": { "type": "LineString", "coordinates": [ [ -112.0610964, 33.448338199999988 ], [ -112.06109570000001, 33.4484082 ], [ -112.061093700000015, 33.448607 ] ] } },
{ "type": "Feature", "properties": { "name": "Faith North School Bus Loading Zone", "highway": "service" }, "geometry": { "type": "LineString", "coordinates": [ [ -112.0613202, 33.4483385 ], [ -112.0613439, 33.448408 ], [ -112.0613766, 33.4485038 ], [ -112.0619851, 33.4485833 ], [ -112.0620966, 33.4485979 ] ] } },
{ "type": "Feature", "properties": { "name": null, "highway": "footway" }, "geometry": { "type": "LineString", "coordinates": [ [ -112.0589051, 33.448113599999985 ], [ -112.0589313, 33.4481141 ], [ -112.0589483, 33.4481144 ], [ -112.0590094, 33.4481154 ], [ -112.0590173, 33.4481156 ], [ -112.059057900000013, 33.4481166 ] ] } },
{ "type": "Feature", "properties": { "name": null, "highway": "footway" }, "geometry": { "type": "LineString", "coordinates": [ [ -112.0588726, 33.4481184 ], [ -112.0589051, 33.448113599999985 ] ] } },
{ "type": "Feature", "properties": { "name": "East Washington Street", "highway": "primary" }, "geometry": { "type": "LineString", "coordinates": [ [ -112.056432, 33.4481694 ], [ -112.0565662, 33.4481689 ], [ -112.0575257, 33.4481707 ], [ -112.0578359, 33.4481707 ], [ -112.0587369, 33.4481974 ], [ -112.0588742, 33.448196599999989 ], [ -112.058931, 33.4481977 ], [ -112.0590171, 33.4481993 ], [ -112.0590996, 33.4482009 ], [ -112.0594018, 33.4482013 ], [ -112.059989, 33.4482013 ], [ -112.0611189, 33.4482011 ], [ -112.0619859, 33.448203 ], [ -112.0621, 33.4482029 ] ] } },
{ "type": "Feature", "properties": { "name": "East Washington Street", "highway": "primary" }, "geometry": { "type": "LineString", "coordinates": [ [ -112.0589898, 33.4483377 ], [ -112.059878500000011, 33.4483369 ] ] } },
{ "type": "Feature", "properties": { "name": null, "highway": "footway" }, "geometry": { "type": "LineString", "coordinates": [ [ -112.059052, 33.4484167 ], [ -112.0589893, 33.4484175 ], [ -112.0589169, 33.4484185 ] ] } },
{ "type": "Feature", "properties": { "name": null, "highway": "footway" }, "geometry": { "type": "LineString", "coordinates": [ [ -112.0590715, 33.4484237 ], [ -112.059052, 33.4484167 ] ] } },
{ "type": "Feature", "properties": { "name": null, "highway": "footway" }, "geometry": { "type": "LineString", "coordinates": [ [ -112.0589169, 33.4484185 ], [ -112.0588756, 33.4484286 ] ] } },
{ "type": "Feature", "properties": { "name": null, "highway": "service" }, "geometry": { "type": "LineString", "coordinates": [ [ -112.0589857, 33.4489921 ], [ -112.0590728, 33.4489923 ], [ -112.059155, 33.4489924 ], [ -112.0599754, 33.4489917 ], [ -112.0599794, 33.448831 ], [ -112.059982, 33.4487253 ] ] } },
{ "type": "Feature", "properties": { "name": "North 11th Street", "highway": "tertiary" }, "geometry": { "type": "LineString", "coordinates": [ [ -112.0589898, 33.4483377 ], [ -112.0589893, 33.4484175 ], [ -112.0589893, 33.4484213 ], [ -112.0589857, 33.4489921 ], [ -112.0589846, 33.4491744 ], [ -112.0589809, 33.4497515 ], [ -112.0589804, 33.4498369 ] ] } },
{ "type": "Feature", "properties": { "name": null, "highway": "service" }, "geometry": { "type": "LineString", "coordinates": [ [ -112.0589846, 33.4491744 ], [ -112.059072400000019, 33.4491742 ], [ -112.0595318, 33.4491729 ], [ -112.0595324, 33.449326 ] ] } },
{ "type": "Feature", "properties": { "name": null, "highway": "service" }, "geometry": { "type": "LineString", "coordinates": [ [ -112.0621017, 33.4458055 ], [ -112.0622923, 33.4458392 ], [ -112.062366, 33.4458522 ], [ -112.0627947, 33.445843 ], [ -112.0628276, 33.445873899999988 ], [ -112.0628263, 33.446026399999987 ] ] } },
{ "type": "Feature", "properties": { "name": "South 9th Street", "highway": "residential" }, "geometry": { "type": "LineString", "coordinates": [ [ -112.062098, 33.4471007 ], [ -112.0620974, 33.4470208 ], [ -112.0620972, 33.4469145 ], [ -112.062099, 33.446454900000013 ], [ -112.0620998, 33.4462665 ], [ -112.0621017, 33.4458055 ], [ -112.0621025, 33.4456248 ], [ -112.0621011, 33.4455657 ], [ -112.0620939, 33.445258 ], [ -112.0620912, 33.4451458 ], [ -112.0620888, 33.4450422 ] ] } },
{ "type": "Feature", "properties": { "name": null, "highway": "service" }, "geometry": { "type": "LineString", "coordinates": [ [ -112.0630697, 33.4471011 ], [ -112.0630693, 33.4470458 ], [ -112.0630684, 33.4469329 ], [ -112.063067, 33.4467482 ], [ -112.0630777, 33.4465266 ], [ -112.0631206, 33.4464449 ], [ -112.0631099, 33.4462771 ] ] } },
{ "type": "Feature", "properties": { "name": null, "highway": "service" }, "geometry": { "type": "LineString", "coordinates": [ [ -112.062930600000016, 33.447101 ], [ -112.06292980000002, 33.4470456 ], [ -112.062928, 33.4469187 ], [ -112.0620972, 33.4469145 ] ] } },
{ "type": "Feature", "properties": { "name": null, "highway": "footway" }, "geometry": { "type": "LineString", "coordinates": [ [ -112.0621763, 33.4470181 ], [ -112.0620974, 33.4470208 ], [ -112.0620436, 33.4470194 ] ] } },
{ "type": "Feature", "properties": { "name": null, "highway": "footway" }, "geometry": { "type": "LineString", "coordinates": [ [ -112.061985, 33.4470696 ], [ -112.0619958, 33.4470245 ], [ -112.0620436, 33.4470194 ] ] } },
{ "type": "Feature", "properties": { "name": null, "highway": "footway" }, "geometry": { "type": "LineString", "coordinates": [ [ -112.0622133, 33.4470734 ], [ -112.0622171, 33.4470403 ], [ -112.0621763, 33.4470181 ] ] } },
{ "type": "Feature", "properties": { "name": "South 9th Street", "highway": "residential" }, "geometry": { "type": "LineString", "coordinates": [ [ -112.062099, 33.4472147 ], [ -112.0620986, 33.4471519 ], [ -112.062098, 33.4471007 ] ] } },
{ "type": "Feature", "properties": { "name": null, "highway": "footway" }, "geometry": { "type": "LineString", "coordinates": [ [ -112.061985, 33.447269 ], [ -112.061983, 33.4472142 ], [ -112.0619863, 33.4471518 ], [ -112.061989, 33.4471006 ], [ -112.061985, 33.4470696 ] ] } },
{ "type": "Feature", "properties": { "name": null, "highway": "footway" }, "geometry": { "type": "LineString", "coordinates": [ [ -112.06221170000002, 33.4472806 ], [ -112.0622113, 33.447214799999983 ], [ -112.0622119, 33.4471514 ], [ -112.0622124, 33.4471009 ], [ -112.0622133, 33.4470734 ] ] } },
{ "type": "Feature", "properties": { "name": null, "highway": "service" }, "geometry": { "type": "LineString", "coordinates": [ [ -112.060836900000012, 33.4462766 ], [ -112.0613127, 33.4462728 ], [ -112.0616434, 33.4462701 ], [ -112.0619928, 33.4462673 ], [ -112.0620998, 33.4462665 ] ] } },
{ "type": "Feature", "properties": { "name": null, "highway": "footway" }, "geometry": { "type": "LineString", "coordinates": [ [ -112.0619945, 33.44566240000001 ], [ -112.0619932, 33.4458054 ], [ -112.0619918, 33.4459511 ], [ -112.0619928, 33.4462673 ], [ -112.061993, 33.4463289 ], [ -112.0619914, 33.4464554 ], [ -112.0619869, 33.446819 ], [ -112.0619895, 33.4469153 ], [ -112.0619908, 33.4469608 ], [ -112.0619958, 33.4470245 ], [ -112.0619588, 33.4470469 ], [ -112.0617272, 33.447049 ], [ -112.0617051, 33.4470341 ], [ -112.0616002, 33.4470335 ], [ -112.0615826, 33.4470477 ], [ -112.0614654, 33.4470482 ], [ -112.061154800000011, 33.4470495 ], [ -112.0609465, 33.4470505 ], [ -112.0609258, 33.4470462 ], [ -112.0609125, 33.44703 ], [ -112.0609073, 33.4470162 ], [ -112.060901, 33.4469995 ], [ -112.0608944, 33.4469915 ], [ -112.060894800000014, 33.446946 ], [ -112.0608958, 33.4468448 ], [ -112.0612753, 33.4468452 ] ] } },
{ "type": "Feature", "properties": { "name": "South 10th Street", "highway": "residential" }, "geometry": { "type": "LineString", "coordinates": [ [ -112.0608322, 33.4456176 ], [ -112.0608335, 33.445804499999987 ], [ -112.060836900000012, 33.4462766 ], [ -112.060838, 33.4464353 ], [ -112.0608417, 33.4469459 ], [ -112.0608423, 33.4470221 ], [ -112.0608427, 33.4470815 ], [ -112.0608412, 33.447133699999988 ] ] } },
{ "type": "Feature", "properties": { "name": null, "highway": "service" }, "geometry": { "type": "LineString", "coordinates": [ [ -112.062099, 33.446454900000013 ], [ -112.0619914, 33.4464554 ], [ -112.0614257, 33.4464581 ] ] } },
{ "type": "Feature", "properties": { "name": null, "highway": "service" }, "geometry": { "type": "LineString", "coordinates": [ [ -112.0613205, 33.4469471 ], [ -112.0613127, 33.4462728 ] ] } },
{ "type": "Feature", "properties": { "name": null, "highway": "service" }, "geometry": { "type": "LineString", "coordinates": [ [ -112.0613793, 33.4469473 ], [ -112.0613205, 33.4469471 ], [ -112.060894800000014, 33.446946 ], [ -112.0608417, 33.4469459 ] ] } },
{ "type": "Feature", "properties": { "name": null, "highway": "service" }, "geometry": { "type": "LineString", "coordinates": [ [ -112.0620972, 33.4469145 ], [ -112.0619895, 33.4469153 ], [ -112.061464, 33.4469192 ], [ -112.0614654, 33.4470482 ], [ -112.0614659, 33.447094 ] ] } },
{ "type": "Feature", "properties": { "name": null, "highway": "footway" }, "geometry": { "type": "LineString", "coordinates": [ [ -112.0609073, 33.4470162 ], [ -112.0608877, 33.4470213 ] ] } },
{ "type": "Feature", "properties": { "name": null, "highway": "footway" }, "geometry": { "type": "LineString", "coordinates": [ [ -112.0607448, 33.4470199 ], [ -112.0607679, 33.4470235 ] ] } },
{ "type": "Feature", "properties": { "name": null, "highway": "footway" }, "geometry": { "type": "LineString", "coordinates": [ [ -112.0607679, 33.4470235 ], [ -112.0608423, 33.4470221 ], [ -112.0608877, 33.4470213 ] ] } },
{ "type": "Feature", "properties": { "name": null, "highway": "service" }, "geometry": { "type": "LineString", "coordinates": [ [ -112.0631206, 33.4464449 ], [ -112.0647125, 33.44644610000001 ], [ -112.06475540000001, 33.4464796 ], [ -112.064801, 33.4465949 ], [ -112.0648265, 33.446674299999984 ], [ -112.064818500000015, 33.4468165 ], [ -112.0648091, 33.4468858 ], [ -112.0647595, 33.4469362 ], [ -112.064384, 33.4469383 ], [ -112.0637523, 33.4469418 ], [ -112.06345180000001, 33.4469379 ], [ -112.0630684, 33.4469329 ] ] } },
{ "type": "Feature", "properties": { "name": null, "highway": "footway" }, "geometry": { "type": "LineString", "coordinates": [ [ -112.0622171, 33.4470403 ], [ -112.0622512, 33.4470443 ], [ -112.06292980000002, 33.4470456 ], [ -112.0630693, 33.4470458 ], [ -112.0633334, 33.4470463 ], [ -112.0634519, 33.4470459 ], [ -112.0643823, 33.4470431 ], [ -112.0645475, 33.4470426 ], [ -112.0645852, 33.4470376 ], [ -112.0646915, 33.4470367 ], [ -112.064726100000016, 33.4470422 ], [ -112.0648606, 33.447043 ], [ -112.0648957, 33.4470228 ], [ -112.0649146, 33.4470076 ], [ -112.0649126, 33.446655 ], [ -112.0649145, 33.4465559 ] ] } },
{ "type": "Feature", "properties": { "name": null, "highway": "service" }, "geometry": { "type": "LineString", "coordinates": [ [ -112.0634519, 33.4471013 ], [ -112.0634519, 33.4470459 ], [ -112.06345180000001, 33.4469379 ] ] } },
{ "type": "Feature", "properties": { "name": null, "highway": "service" }, "geometry": { "type": "LineString", "coordinates": [ [ -112.0643813, 33.447102 ], [ -112.0643823, 33.4470431 ], [ -112.064384, 33.4469383 ] ] } },
{ "type": "Feature", "properties": { "name": "East Jefferson Street", "highway": "primary" }, "geometry": { "type": "LineString", "coordinates": [ [ -112.064992, 33.4471026 ], [ -112.0648704, 33.4471032 ], [ -112.064613, 33.4471022 ], [ -112.0643813, 33.447102 ], [ -112.0636689, 33.4471014 ], [ -112.0634519, 33.4471013 ], [ -112.0630697, 33.4471011 ], [ -112.062930600000016, 33.447101 ], [ -112.0624435, 33.447102 ], [ -112.0622124, 33.4471009 ], [ -112.062098, 33.4471007 ] ] } },
{ "type": "Feature", "properties": { "name": "East Jefferson Street", "highway": "primary" }, "geometry": { "type": "LineString", "coordinates": [ [ -112.064992, 33.4472134 ], [ -112.064884800000016, 33.4472129 ], [ -112.0644884, 33.4472142 ], [ -112.0636577, 33.4472173 ], [ -112.0631084, 33.447215299999989 ], [ -112.0628247, 33.4472143 ], [ -112.0624355, 33.4472129 ], [ -112.0622113, 33.447214799999983 ], [ -112.062099, 33.4472147 ] ] } },
{ "type": "Feature", "properties": { "name": null, "highway": "footway" }, "geometry": { "type": "LineString", "coordinates": [ [ -112.0635955, 33.4473189 ], [ -112.063565, 33.4473202 ] ] } },
{ "type": "Feature", "properties": { "name": null, "highway": "footway" }, "geometry": { "type": "LineString", "coordinates": [ [ -112.0635955, 33.4473189 ], [ -112.0636585, 33.4473197 ], [ -112.063713, 33.4473204 ] ] } },
{ "type": "Feature", "properties": { "name": null, "highway": "footway" }, "geometry": { "type": "LineString", "coordinates": [ [ -112.0637654, 33.4473195 ], [ -112.063713, 33.4473204 ] ] } },
{ "type": "Feature", "properties": { "name": null, "highway": "service" }, "geometry": { "type": "LineString", "coordinates": [ [ -112.0636595, 33.4474651 ], [ -112.0636056, 33.4474656 ], [ -112.0635887, 33.4474658 ], [ -112.0634513, 33.447467 ] ] } },
{ "type": "Feature", "properties": { "name": "East Jefferson Street", "highway": "primary" }, "geometry": { "type": "LineString", "coordinates": [ [ -112.062099, 33.4472147 ], [ -112.061983, 33.4472142 ] ] } },
{ "type": "Feature", "properties": { "name": null, "highway": "footway" }, "geometry": { "type": "LineString", "coordinates": [ [ -112.0620406, 33.4473153 ], [ -112.061985, 33.4473141 ], [ -112.061985, 33.447269 ] ] } },
{ "type": "Feature", "properties": { "name": null, "highway": "footway" }, "geometry": { "type": "LineString", "coordinates": [ [ -112.0621608, 33.4473179 ], [ -112.0622, 33.4473095 ], [ -112.06221170000002, 33.4472806 ] ] } },
{ "type": "Feature", "properties": { "name": null, "highway": "footway" }, "geometry": { "type": "LineString", "coordinates": [ [ -112.0621608, 33.4473179 ], [ -112.0621001, 33.4473201 ], [ -112.0620406, 33.4473153 ] ] } },
{ "type": "Feature", "properties": { "name": null, "highway": "service" }, "geometry": { "type": "LineString", "coordinates": [ [ -112.0628039, 33.4476113 ], [ -112.0630988, 33.4476088 ], [ -112.063103400000017, 33.447423799999989 ], [ -112.0631064, 33.4472993 ], [ -112.0631084, 33.447215299999989 ] ] } },
{ "type": "Feature", "properties": { "name": null, "highway": "service" }, "geometry": { "type": "LineString", "coordinates": [ [ -112.063103400000017, 33.447423799999989 ], [ -112.0628136, 33.4474264 ] ] } },
{ "type": "Feature", "properties": { "name": null, "highway": "service" }, "geometry": { "type": "LineString", "coordinates": [ [ -112.0628247, 33.4472143 ], [ -112.0628201, 33.4473014 ], [ -112.0628136, 33.4474264 ], [ -112.0628039, 33.4476113 ], [ -112.0628018, 33.44765180000001 ] ] } },
{ "type": "Feature", "properties": { "name": null, "highway": "service" }, "geometry": { "type": "LineString", "coordinates": [ [ -112.0628018, 33.44765180000001 ], [ -112.0622038, 33.4476643 ], [ -112.0621008, 33.4476664 ] ] } },
{ "type": "Feature", "properties": { "name": "South 9th Street", "highway": "residential" }, "geometry": { "type": "LineString", "coordinates": [ [ -112.0621, 33.4482029 ], [ -112.0621007, 33.448133 ], [ -112.06210160000002, 33.44805310000001 ], [ -112.062101, 33.447784 ], [ -112.0621008, 33.4476664 ], [ -112.0621001, 33.4473201 ], [ -112.062099, 33.4472147 ] ] } },
{ "type": "Feature", "properties": { "name": null, "highway": "footway" }, "geometry": { "type": "LineString", "coordinates": [ [ -112.0633604, 33.4472978 ], [ -112.0633848, 33.4473 ], [ -112.0635456, 33.4472996 ], [ -112.063565, 33.4473202 ], [ -112.0635874, 33.447344 ], [ -112.0635887, 33.4474047 ], [ -112.0635887, 33.4474658 ], [ -112.0635885, 33.4476101 ], [ -112.0635842, 33.4480984 ], [ -112.0635731, 33.4481225 ], [ -112.0635596, 33.4481367 ], [ -112.0635511, 33.448145699999984 ], [ -112.063525, 33.4481494 ], [ -112.0633407, 33.4481491 ], [ -112.0629869, 33.4481493 ], [ -112.0625319, 33.4481474 ], [ -112.0622068, 33.4481472 ], [ -112.0622002, 33.448131 ], [ -112.062200800000014, 33.4480524 ], [ -112.0622029, 33.4477834 ], [ -112.0622038, 33.4476643 ], [ -112.0622045, 33.4475773 ], [ -112.0622045, 33.44738980000001 ], [ -112.0622, 33.4473095 ], [ -112.062235, 33.4473009 ], [ -112.0628201, 33.4473014 ], [ -112.063038300000017, 33.4473016 ], [ -112.0631064, 33.4472993 ], [ -112.0631445, 33.447298 ], [ -112.0633604, 33.4472978 ] ] } },
{ "type": "Feature", "properties": { "name": null, "highway": "service" }, "geometry": { "type": "LineString", "coordinates": [ [ -112.064489400000014, 33.447727 ], [ -112.064488600000018, 33.4475826 ], [ -112.0644888, 33.447404499999983 ], [ -112.0644885, 33.4472829 ], [ -112.0644884, 33.4472142 ] ] } },
{ "type": "Feature", "properties": { "name": null, "highway": "service" }, "geometry": { "type": "LineString", "coordinates": [ [ -112.0634513, 33.447467 ], [ -112.0632897, 33.447469799999986 ], [ -112.0632875, 33.4476691 ], [ -112.0634513, 33.4476663 ], [ -112.0634513, 33.447467 ] ] } },
{ "type": "Feature", "properties": { "name": null, "highway": "service" }, "geometry": { "type": "LineString", "coordinates": [ [ -112.0644888, 33.447404499999983 ], [ -112.0641538, 33.4474082 ], [ -112.0641535, 33.4475816 ], [ -112.064154, 33.4477268 ] ] } },
{ "type": "Feature", "properties": { "name": null, "highway": "service" }, "geometry": { "type": "LineString", "coordinates": [ [ -112.064488600000018, 33.4475826 ], [ -112.0641535, 33.4475816 ] ] } },
{ "type": "Feature", "properties": { "name": null, "highway": "footway" }, "geometry": { "type": "LineString", "coordinates": [ [ -112.0637579, 33.4476069 ], [ -112.0640435, 33.4476034 ], [ -112.0640435, 33.4475848 ] ] } },
{ "type": "Feature", "properties": { "name": null, "highway": "footway" }, "geometry": { "type": "LineString", "coordinates": [ [ -112.064926200000016, 33.4473914 ], [ -112.0649249, 33.4473331 ], [ -112.0649008, 33.4473104 ], [ -112.0648484, 33.4472832 ], [ -112.0645503, 33.4472822 ], [ -112.0644885, 33.4472829 ], [ -112.0643573, 33.447284400000015 ], [ -112.0642683, 33.4473009 ], [ -112.0641464, 33.4473002 ], [ -112.0639771, 33.4473018 ], [ -112.0637875, 33.4473016 ], [ -112.0637654, 33.4473195 ], [ -112.0637611, 33.4473445 ], [ -112.0637605, 33.4474637 ], [ -112.0637579, 33.4476069 ], [ -112.0637569, 33.4476621 ], [ -112.063757200000012, 33.4476867 ], [ -112.0637183, 33.4476864 ], [ -112.0637179, 33.447737299999986 ], [ -112.0637177, 33.4477716 ], [ -112.06372, 33.447874 ], [ -112.0637217, 33.4479113 ], [ -112.0637211, 33.4479323 ], [ -112.0637186, 33.4480024 ], [ -112.0637178, 33.4480265 ], [ -112.0637181, 33.4481159 ], [ -112.0637424, 33.4481336 ], [ -112.0637725, 33.4481557 ], [ -112.0643137, 33.448153499999989 ], [ -112.0647279, 33.448151099999983 ], [ -112.0648312, 33.4481429 ], [ -112.0648794, 33.4481345 ], [ -112.0649054, 33.4481297 ], [ -112.064927, 33.4481084 ], [ -112.0649349, 33.448092 ], [ -112.0649319, 33.4477287 ], [ -112.064931, 33.4476196 ], [ -112.064926200000016, 33.4473914 ] ] } },
{ "type": "Feature", "properties": { "name": "South 8th Street", "highway": "residential" }, "geometry": { "type": "LineString", "coordinates": [ [ -112.063665, 33.4482486 ], [ -112.0636642, 33.4481405 ], [ -112.063664, 33.4481185 ], [ -112.0636633, 33.4480027 ], [ -112.0636614, 33.4477368 ], [ -112.0636595, 33.4474651 ], [ -112.0636585, 33.447325 ], [ -112.0636585, 33.4473197 ], [ -112.0636577, 33.4472173 ] ] } },
{ "type": "Feature", "properties": { "name": null, "highway": "service" }, "geometry": { "type": "LineString", "coordinates": [ [ -112.0649948, 33.447729 ], [ -112.0649319, 33.4477287 ], [ -112.0647292, 33.4477279 ], [ -112.064489400000014, 33.447727 ], [ -112.064154, 33.4477268 ], [ -112.0640312, 33.4477267 ], [ -112.0639185, 33.4477356 ], [ -112.0637924, 33.4477379 ], [ -112.0637179, 33.447737299999986 ], [ -112.0636614, 33.4477368 ] ] } },
{ "type": "Feature", "properties": { "name": null, "highway": "service" }, "geometry": { "type": "LineString", "coordinates": [ [ -112.0647292, 33.4477279 ], [ -112.0647294, 33.4478141 ], [ -112.0647298, 33.4479426 ], [ -112.0647127, 33.4479803 ], [ -112.0646651, 33.4479976 ], [ -112.063840400000018, 33.448001799999986 ], [ -112.0637186, 33.4480024 ], [ -112.0636633, 33.4480027 ] ] } },
{ "type": "Feature", "properties": { "name": null, "highway": "service" }, "geometry": { "type": "LineString", "coordinates": [ [ -112.0647294, 33.4478141 ], [ -112.0639042, 33.4478125 ], [ -112.0638756, 33.4478164 ], [ -112.0638488, 33.4478372 ], [ -112.0638395, 33.4478727 ], [ -112.063840400000018, 33.448001799999986 ] ] } },
{ "type": "Feature", "properties": { "name": null, "highway": "service" }, "geometry": { "type": "LineString", "coordinates": [ [ -112.062101, 33.447784 ], [ -112.0622029, 33.4477834 ], [ -112.0627494, 33.44778 ], [ -112.062756600000014, 33.4480483 ], [ -112.062200800000014, 33.4480524 ], [ -112.06210160000002, 33.44805310000001 ] ] } },
{ "type": "Feature", "properties": { "name": null, "highway": "footway" }, "geometry": { "type": "LineString", "coordinates": [ [ -112.0621588, 33.4481317 ], [ -112.0621007, 33.448133 ], [ -112.0620353, 33.4481344 ] ] } },
{ "type": "Feature", "properties": { "name": null, "highway": "footway" }, "geometry": { "type": "LineString", "coordinates": [ [ -112.0622057, 33.4481755 ], [ -112.0622068, 33.4481472 ], [ -112.0621588, 33.4481317 ] ] } },
{ "type": "Feature", "properties": { "name": null, "highway": "footway" }, "geometry": { "type": "LineString", "coordinates": [ [ -112.0619872, 33.4481861 ], [ -112.0619925, 33.4481478 ], [ -112.0620353, 33.4481344 ] ] } },
{ "type": "Feature", "properties": { "name": "East Washington Street", "highway": "primary" }, "geometry": { "type": "LineString", "coordinates": [ [ -112.0621, 33.4482029 ], [ -112.0622057, 33.4482009 ], [ -112.0631628, 33.4482014 ], [ -112.0633111, 33.4482099 ], [ -112.063665, 33.4482486 ] ] } },
{ "type": "Feature", "properties": { "name": "South 9th Street", "highway": "residential" }, "geometry": { "type": "LineString", "coordinates": [ [ -112.062098, 33.4483394 ], [ -112.0621008, 33.4482538 ], [ -112.0621, 33.4482029 ] ] } },
{ "type": "Feature", "properties": { "name": null, "highway": "footway" }, "geometry": { "type": "LineString", "coordinates": [ [ -112.0622057, 33.44838870000001 ], [ -112.0622057, 33.4483409 ], [ -112.0622057, 33.4482548 ], [ -112.0622057, 33.4482009 ], [ -112.0622057, 33.4481755 ] ] } },
{ "type": "Feature", "properties": { "name": null, "highway": "footway" }, "geometry": { "type": "LineString", "coordinates": [ [ -112.061971, 33.4483895 ], [ -112.0619751, 33.4483385 ], [ -112.0619819, 33.4482532 ], [ -112.0619859, 33.448203 ], [ -112.0619872, 33.4481861 ] ] } },
{ "type": "Feature", "properties": { "name": "East Washington Street", "highway": "primary_link" }, "geometry": { "type": "LineString", "coordinates": [ [ -112.0622637, 33.4483409 ], [ -112.0625778, 33.448317 ], [ -112.0629442, 33.4482841 ], [ -112.0631936, 33.4482589 ], [ -112.0633353, 33.4482507 ], [ -112.063665, 33.4482486 ] ] } },
{ "type": "Feature", "properties": { "name": "East Washington Street", "highway": "primary" }, "geometry": { "type": "LineString", "coordinates": [ [ -112.0618355, 33.4483393 ], [ -112.0619751, 33.4483385 ], [ -112.062098, 33.4483394 ] ] } },
{ "type": "Feature", "properties": { "name": null, "highway": "footway" }, "geometry": { "type": "LineString", "coordinates": [ [ -112.0637424, 33.4481336 ], [ -112.0637163, 33.4481403 ] ] } },
{ "type": "Feature", "properties": { "name": null, "highway": "footway" }, "geometry": { "type": "LineString", "coordinates": [ [ -112.0635596, 33.4481367 ], [ -112.0635936, 33.4481408 ] ] } },
{ "type": "Feature", "properties": { "name": null, "highway": "footway" }, "geometry": { "type": "LineString", "coordinates": [ [ -112.0635936, 33.4481408 ], [ -112.0636642, 33.4481405 ], [ -112.0637163, 33.4481403 ] ] } },
{ "type": "Feature", "properties": { "name": "East Washington Street", "highway": "primary" }, "geometry": { "type": "LineString", "coordinates": [ [ -112.0639745, 33.4482463 ], [ -112.0643489, 33.4482436 ], [ -112.0646197, 33.4482387 ] ] } },
{ "type": "Feature", "properties": { "name": "East Washington Street", "highway": "primary" }, "geometry": { "type": "LineString", "coordinates": [ [ -112.063665, 33.4482486 ], [ -112.0639745, 33.4482463 ] ] } },
{ "type": "Feature", "properties": { "name": "East Washington Street", "highway": "primary" }, "geometry": { "type": "LineString", "coordinates": [ [ -112.0640574, 33.4483929 ], [ -112.0648671, 33.4483954 ], [ -112.065013, 33.448391 ] ] } },
{ "type": "Feature", "properties": { "name": null, "highway": "service" }, "geometry": { "type": "LineString", "coordinates": [ [ -112.0620956, 33.4488091 ], [ -112.0622015, 33.4488096 ], [ -112.0649385, 33.4488235 ], [ -112.0649699, 33.4488229 ], [ -112.0651056, 33.4488203 ] ] } },
{ "type": "Feature", "properties": { "name": null, "highway": "service" }, "geometry": { "type": "LineString", "coordinates": [ [ -112.063629, 33.4490006 ], [ -112.0636694, 33.4490514 ], [ -112.0636984, 33.4491131 ], [ -112.063692500000016, 33.449184 ], [ -112.0636698, 33.4492954 ], [ -112.0636489, 33.4493571 ], [ -112.0636248, 33.4494054 ], [ -112.0636304, 33.449516599999988 ], [ -112.0636564, 33.4495956 ] ] } },
{ "type": "Feature", "properties": { "name": null, "highway": "service" }, "geometry": { "type": "LineString", "coordinates": [ [ -112.063911100000013, 33.450215 ], [ -112.0635438, 33.4502114 ], [ -112.0631893, 33.4502125 ], [ -112.0629929, 33.450209099999988 ], [ -112.0626884, 33.450273 ], [ -112.062539, 33.4502752 ], [ -112.0624107, 33.4502689 ], [ -112.062346300000016, 33.4502239 ], [ -112.062331, 33.450089499999983 ], [ -112.0623389, 33.44990760000001 ], [ -112.0622825, 33.4498202 ], [ -112.0622823, 33.4491996 ], [ -112.06233180000001, 33.449062399999988 ], [ -112.062371, 33.4489679 ], [ -112.062430300000017, 33.4489099 ], [ -112.0625041, 33.4488933 ], [ -112.0627198, 33.4489026 ], [ -112.0629096, 33.4489489 ], [ -112.063247, 33.448949 ], [ -112.0635274, 33.4489514 ], [ -112.063629, 33.4490006 ], [ -112.063709800000012, 33.4489451 ], [ -112.0638074, 33.4489134 ], [ -112.0639064, 33.4488946 ], [ -112.0640105, 33.4489075 ], [ -112.0641313, 33.4489374 ], [ -112.0645091, 33.4489376 ], [ -112.0647485, 33.4489515 ], [ -112.0648135, 33.44899920000001 ] ] } },
{ "type": "Feature", "properties": { "name": null, "highway": "service" }, "geometry": { "type": "LineString", "coordinates": [ [ -112.0629929, 33.450209099999988 ], [ -112.0629928, 33.4498647 ], [ -112.0629903, 33.4497566 ], [ -112.0630115, 33.4496407 ], [ -112.0632058, 33.4496297 ], [ -112.0633918, 33.4496436 ], [ -112.0635583, 33.4496292 ], [ -112.0636564, 33.4495956 ], [ -112.0637558, 33.4496194 ], [ -112.0638843, 33.4496561 ], [ -112.0640939, 33.4496985 ], [ -112.0642715, 33.449730699999989 ], [ -112.0644758, 33.4497353 ], [ -112.064557, 33.449699 ], [ -112.0648266, 33.4493804 ], [ -112.0649208, 33.4493688 ], [ -112.0649452, 33.4493688 ], [ -112.0651225, 33.449374 ] ] } },
{ "type": "Feature", "properties": { "name": null, "highway": "service" }, "geometry": { "type": "LineString", "coordinates": [ [ -112.061093700000015, 33.448607 ], [ -112.0611018, 33.4488701 ] ] } },
{ "type": "Feature", "properties": { "name": null, "highway": "service" }, "geometry": { "type": "LineString", "coordinates": [ [ -112.0611018, 33.4488701 ], [ -112.0611382, 33.4489199 ], [ -112.0611072, 33.4489542 ], [ -112.060861, 33.4489597 ], [ -112.0608426, 33.4489886 ], [ -112.0608426, 33.4491334 ], [ -112.0608697, 33.4491533 ], [ -112.0611192, 33.4491506 ], [ -112.0611539, 33.4491271 ], [ -112.061153, 33.4489958 ], [ -112.0612256, 33.4489127 ], [ -112.0612851, 33.4488619 ], [ -112.061275, 33.4486645 ], [ -112.0612228, 33.448623 ], [ -112.061203400000011, 33.4486077 ], [ -112.061093700000015, 33.448607 ] ] } },
{ "type": "Feature", "properties": { "name": null, "highway": "service" }, "geometry": { "type": "LineString", "coordinates": [ [ -112.0611382, 33.4489199 ], [ -112.0612256, 33.4489127 ] ] } },
{ "type": "Feature", "properties": { "name": null, "highway": "footway" }, "geometry": { "type": "LineString", "coordinates": [ [ -112.0619815, 33.449773 ], [ -112.0619804, 33.4495067 ], [ -112.0619837, 33.4489337 ], [ -112.0619851, 33.4485833 ], [ -112.0619856, 33.4484408 ], [ -112.061972600000018, 33.4484262 ], [ -112.0619492, 33.4484102 ], [ -112.0619139, 33.4484088 ], [ -112.0613439, 33.448408 ], [ -112.0612133, 33.4484078 ], [ -112.06109570000001, 33.4484082 ], [ -112.060989, 33.4484085 ], [ -112.0609726, 33.4483935 ], [ -112.0608578, 33.4483934 ], [ -112.0608431, 33.4484066 ], [ -112.0605961, 33.4484092 ] ] } },
{ "type": "Feature", "properties": { "name": null, "highway": "footway" }, "geometry": { "type": "LineString", "coordinates": [ [ -112.0608292, 33.4498336 ], [ -112.0608024, 33.4498176 ], [ -112.060737700000018, 33.4494221 ] ] } },
{ "type": "Feature", "properties": { "name": "North 10th Street", "highway": "residential" }, "geometry": { "type": "LineString", "coordinates": [ [ -112.060801, 33.4501075 ], [ -112.060795, 33.4500586 ], [ -112.0607784, 33.4499858 ], [ -112.0607605, 33.4499178 ], [ -112.060743, 33.4498611 ], [ -112.0606709, 33.4493749 ], [ -112.0606513, 33.4493023 ] ] } },
{ "type": "Feature", "properties": { "name": null, "highway": "footway" }, "geometry": { "type": "LineString", "coordinates": [ [ -112.0608292, 33.4498336 ], [ -112.0608531, 33.4498376 ], [ -112.0611181, 33.44977380000001 ], [ -112.0619815, 33.449773 ], [ -112.0620059, 33.449773 ] ] } },
{ "type": "Feature", "properties": { "name": null, "highway": "footway" }, "geometry": { "type": "LineString", "coordinates": [ [ -112.0608292, 33.4498336 ], [ -112.060825300000019, 33.4498387 ] ] } },
{ "type": "Feature", "properties": { "name": null, "highway": "footway" }, "geometry": { "type": "LineString", "coordinates": [ [ -112.060825300000019, 33.4498387 ], [ -112.060743, 33.4498611 ], [ -112.0606802, 33.4498788 ] ] } },
{ "type": "Feature", "properties": { "name": null, "highway": "footway" }, "geometry": { "type": "LineString", "coordinates": [ [ -112.060825300000019, 33.4498387 ], [ -112.0608381, 33.4499001 ], [ -112.060852, 33.449964 ] ] } },
{ "type": "Feature", "properties": { "name": "East Washington Street", "highway": "primary" }, "geometry": { "type": "LineString", "coordinates": [ [ -112.062098, 33.4483394 ], [ -112.0622057, 33.4483409 ], [ -112.0622637, 33.4483409 ] ] } },
{ "type": "Feature", "properties": { "name": "East Washington Street", "highway": "primary" }, "geometry": { "type": "LineString", "coordinates": [ [ -112.0622637, 33.4483409 ], [ -112.0625849, 33.4483593 ], [ -112.062748, 33.448364399999988 ], [ -112.0631362, 33.4483704 ], [ -112.0634574, 33.4483823 ], [ -112.0640574, 33.4483929 ] ] } },
{ "type": "Feature", "properties": { "name": null, "highway": "footway" }, "geometry": { "type": "LineString", "coordinates": [ [ -112.0620364, 33.4484325 ], [ -112.061972600000018, 33.4484262 ], [ -112.061971, 33.4483895 ] ] } },
{ "type": "Feature", "properties": { "name": null, "highway": "footway" }, "geometry": { "type": "LineString", "coordinates": [ [ -112.0622057, 33.44838870000001 ], [ -112.0621852, 33.4484107 ], [ -112.0621631, 33.44843430000001 ] ] } },
{ "type": "Feature", "properties": { "name": null, "highway": "footway" }, "geometry": { "type": "LineString", "coordinates": [ [ -112.0621852, 33.4484107 ], [ -112.0622279, 33.4483986 ], [ -112.0623087, 33.4483978 ], [ -112.0623132, 33.4484074 ], [ -112.062629, 33.4484083 ], [ -112.0626785, 33.4484064 ], [ -112.0626964, 33.4484042 ], [ -112.0628763, 33.4484063 ], [ -112.0628954, 33.4484087 ], [ -112.063040700000016, 33.4484123 ], [ -112.0631537, 33.4484155 ], [ -112.0631787, 33.4484229 ], [ -112.0633191, 33.4484274 ] ] } },
{ "type": "Feature", "properties": { "name": null, "highway": "footway" }, "geometry": { "type": "LineString", "coordinates": [ [ -112.0621631, 33.44843430000001 ], [ -112.0620973, 33.4484334 ], [ -112.0620364, 33.4484325 ] ] } },
{ "type": "Feature", "properties": { "name": "North 9th Street", "highway": "residential" }, "geometry": { "type": "LineString", "coordinates": [ [ -112.062098, 33.4483394 ], [ -112.0620973, 33.4484334 ], [ -112.0620966, 33.4485979 ], [ -112.0620956, 33.4488091 ] ] } },
{ "type": "Feature", "properties": { "name": null, "highway": "footway" }, "geometry": { "type": "LineString", "coordinates": [ [ -112.0622015, 33.4487872 ], [ -112.0622012, 33.4484461 ], [ -112.0621852, 33.4484107 ] ] } },
{ "type": "Feature", "properties": { "name": null, "highway": "footway" }, "geometry": { "type": "LineString", "coordinates": [ [ -112.0622016, 33.4488573 ], [ -112.0622015, 33.4488096 ], [ -112.0622015, 33.4487872 ] ] } },
{ "type": "Feature", "properties": { "name": "North 9th Street", "highway": "residential" }, "geometry": { "type": "LineString", "coordinates": [ [ -112.0620956, 33.4488091 ], [ -112.0620844, 33.4498281 ], [ -112.0620849, 33.4498937 ], [ -112.062089, 33.4503945 ] ] } },
{ "type": "Feature", "properties": { "name": null, "highway": "footway" }, "geometry": { "type": "LineString", "coordinates": [ [ -112.062173, 33.4503806 ], [ -112.0621714, 33.4501731 ], [ -112.0622016, 33.4500967 ], [ -112.0621992, 33.4500565 ], [ -112.0621741, 33.4500023 ], [ -112.0621695, 33.4499308 ], [ -112.0621584, 33.4498985 ], [ -112.0621583, 33.449894 ], [ -112.062157, 33.4498258 ], [ -112.0621584, 33.4497586 ], [ -112.0621781, 33.4496979 ], [ -112.0621744, 33.4496446 ], [ -112.0621796, 33.449605799999986 ], [ -112.062181, 33.4495582 ], [ -112.0621788, 33.4495292 ], [ -112.0621694, 33.4494848 ], [ -112.0621697, 33.4494331 ], [ -112.0621659, 33.4493873 ], [ -112.0621675, 33.449359699999988 ], [ -112.062168, 33.4493415 ], [ -112.0621614, 33.4493155 ], [ -112.0621584, 33.4492844 ], [ -112.0621593, 33.4492673 ], [ -112.0621629, 33.4492523 ], [ -112.0621686, 33.4492308 ], [ -112.0621736, 33.4492074 ], [ -112.062171, 33.4491583 ], [ -112.062169, 33.44913 ], [ -112.0621717, 33.4491024 ], [ -112.0621786, 33.4490671 ], [ -112.0621898, 33.4490359 ], [ -112.0621979, 33.4490054 ], [ -112.0621973, 33.4489913 ], [ -112.0621941, 33.4489735 ], [ -112.0621891, 33.4489515 ], [ -112.0621819, 33.4489307 ], [ -112.0621812, 33.4489154 ], [ -112.0621839, 33.4488977 ], [ -112.0621932, 33.4488797 ], [ -112.0622006, 33.4488689 ], [ -112.0622016, 33.4488573 ] ] } },
{ "type": "Feature", "properties": { "name": null, "highway": "service" }, "geometry": { "type": "LineString", "coordinates": [ [ -112.0622825, 33.4498202 ], [ -112.0622064, 33.4498243 ] ] } },
{ "type": "Feature", "properties": { "name": null, "highway": "service" }, "geometry": { "type": "LineString", "coordinates": [ [ -112.0622064, 33.4498243 ], [ -112.062157, 33.4498258 ], [ -112.0620844, 33.4498281 ] ] } },
{ "type": "Feature", "properties": { "name": null, "highway": "footway" }, "geometry": { "type": "LineString", "coordinates": [ [ -112.0620092, 33.4498916 ], [ -112.0620057, 33.4498289 ], [ -112.0620059, 33.449773 ] ] } },
{ "type": "Feature", "properties": { "name": null, "highway": "footway" }, "geometry": { "type": "LineString", "coordinates": [ [ -112.0620092, 33.4498916 ], [ -112.0620849, 33.4498937 ], [ -112.0621504, 33.449893 ] ] } },
{ "type": "Feature", "properties": { "name": null, "highway": "footway" }, "geometry": { "type": "LineString", "coordinates": [ [ -112.0621504, 33.449893 ], [ -112.0621583, 33.449894 ] ] } },
{ "type": "Feature", "properties": { "name": null, "highway": "footway" }, "geometry": { "type": "LineString", "coordinates": [ [ -112.0620035, 33.449916 ], [ -112.0620092, 33.4498916 ] ] } },
{ "type": "Feature", "properties": { "name": null, "highway": "footway" }, "geometry": { "type": "LineString", "coordinates": [ [ -112.0620024, 33.450361899999983 ], [ -112.0620035, 33.449916 ] ] } },
{ "type": "Feature", "properties": { "name": null, "highway": "service" }, "geometry": { "type": "LineString", "coordinates": [ [ -112.0620892, 33.4504353 ], [ -112.0625856, 33.4504448 ], [ -112.0628139, 33.4504135 ] ] } },
{ "type": "Feature", "properties": { "name": "North 9th Street", "highway": "residential" }, "geometry": { "type": "LineString", "coordinates": [ [ -112.062089, 33.4503945 ], [ -112.0620892, 33.4504353 ], [ -112.0620886, 33.4504914 ], [ -112.0620856, 33.4507917 ], [ -112.0620903, 33.4508327 ], [ -112.0620959, 33.4508822 ] ] } },
{ "type": "Feature", "properties": { "name": null, "highway": "service" }, "geometry": { "type": "LineString", "coordinates": [ [ -112.0602445, 33.4484778 ], [ -112.060528, 33.4484785 ], [ -112.0607717, 33.4484791 ] ] } },
{ "type": "Feature", "properties": { "name": null, "highway": "service" }, "geometry": { "type": "LineString", "coordinates": [ [ -112.0602482, 33.4483366 ], [ -112.060245400000014, 33.4484073 ], [ -112.0602445, 33.4484778 ], [ -112.0602079, 33.4485123 ], [ -112.0602034, 33.44882710000001 ], [ -112.0603075, 33.4488601 ], [ -112.0607778, 33.4488624 ] ] } },
{ "type": "Feature", "properties": { "name": null, "highway": "service" }, "geometry": { "type": "LineString", "coordinates": [ [ -112.0599794, 33.448831 ], [ -112.0598222, 33.4488294 ] ] } },
{ "type": "Feature", "properties": { "name": null, "highway": "service" }, "geometry": { "type": "LineString", "coordinates": [ [ -112.0599754, 33.4489917 ], [ -112.0600187, 33.4490516 ], [ -112.0600209, 33.4490546 ], [ -112.0600622, 33.4491116 ] ] } },
{ "type": "Feature", "properties": { "name": null, "highway": "footway" }, "geometry": { "type": "LineString", "coordinates": [ [ -112.060677, 33.4498761 ], [ -112.0606299, 33.4498914 ], [ -112.0601248, 33.4498887 ], [ -112.0598019, 33.449814799999984 ], [ -112.0596538, 33.4497806 ], [ -112.0595429, 33.4497791 ], [ -112.0591358, 33.4497736 ], [ -112.059096100000019, 33.4497749 ], [ -112.0590837, 33.4497673 ], [ -112.0590728, 33.4497481 ], [ -112.0590703, 33.44970330000001 ], [ -112.059072400000019, 33.4491742 ], [ -112.0590729, 33.4490336 ], [ -112.0590728, 33.4489923 ], [ -112.0590708, 33.448452199999984 ], [ -112.0590678, 33.448433 ], [ -112.0590715, 33.4484237 ], [ -112.0590745, 33.448416 ], [ -112.059097, 33.4484133 ], [ -112.0591215, 33.4484118 ], [ -112.0592055, 33.4484095 ], [ -112.0595967, 33.4484091 ], [ -112.059894200000016, 33.4484105 ], [ -112.059987400000011, 33.4484109 ], [ -112.0601781, 33.4484081 ], [ -112.060245400000014, 33.4484073 ], [ -112.06032620000002, 33.4484063 ], [ -112.06052750000002, 33.4484085 ], [ -112.0605961, 33.4484092 ] ] } },
{ "type": "Feature", "properties": { "name": "East Adams Street", "highway": "residential" }, "geometry": { "type": "LineString", "coordinates": [ [ -112.0601767, 33.4491633 ], [ -112.0601658, 33.4491404 ], [ -112.0601462, 33.449122 ], [ -112.0601203, 33.4491103 ], [ -112.0600911, 33.4491067 ], [ -112.0600622, 33.4491116 ], [ -112.0600371, 33.449124500000011 ], [ -112.0600202, 33.4491417 ], [ -112.0600104, 33.4491623 ], [ -112.0600088, 33.4491845 ], [ -112.0600155, 33.449206 ], [ -112.0600299, 33.4492247 ], [ -112.0600504, 33.4492388 ], [ -112.0600752, 33.4492469 ], [ -112.0601018, 33.4492482 ], [ -112.0601275, 33.4492426 ], [ -112.0601499, 33.4492306 ], [ -112.0601682, 33.4492113 ], [ -112.0601775, 33.4491879 ], [ -112.0601767, 33.4491633 ] ] } },
{ "type": "Feature", "properties": { "name": "East Adams Street", "highway": "residential" }, "geometry": { "type": "LineString", "coordinates": [ [ -112.0606513, 33.4493023 ], [ -112.0605522, 33.4492842 ], [ -112.0602577, 33.449267 ], [ -112.0601955, 33.4492523 ], [ -112.0601499, 33.4492306 ] ] } },
{ "type": "Feature", "properties": { "name": null, "highway": "footway" }, "geometry": { "type": "LineString", "coordinates": [ [ -112.060737700000018, 33.4494221 ], [ -112.0607435, 33.449345099999988 ], [ -112.0607435, 33.449294 ], [ -112.0607186, 33.4492499 ], [ -112.0606615, 33.449217 ], [ -112.0605982, 33.4492161 ], [ -112.060561, 33.449228 ] ] } },
{ "type": "Feature", "properties": { "name": null, "highway": "footway" }, "geometry": { "type": "LineString", "coordinates": [ [ -112.060677, 33.4498761 ], [ -112.0606893, 33.4498458 ], [ -112.0606216, 33.4494334 ], [ -112.0606152, 33.4494166 ], [ -112.0606082, 33.449394 ], [ -112.0605921, 33.4493733 ], [ -112.0605692, 33.4493554 ], [ -112.0605414, 33.4493412 ], [ -112.0604984, 33.4493322 ], [ -112.0604479, 33.4493304 ], [ -112.0602563, 33.44932 ], [ -112.060153, 33.449317 ], [ -112.0600828, 33.44931230000001 ], [ -112.0600397, 33.4493082 ], [ -112.0600117, 33.4492992 ], [ -112.0599868, 33.4492797 ], [ -112.0599701, 33.4492569 ], [ -112.0599524, 33.4492206 ], [ -112.0599507, 33.4491844 ], [ -112.059955, 33.449141 ], [ -112.0599609, 33.449107 ], [ -112.0599835, 33.4490774 ], [ -112.060007100000021, 33.4490609 ], [ -112.0600209, 33.4490546 ], [ -112.0600398, 33.4490461 ], [ -112.0600709, 33.4490389 ], [ -112.0601088, 33.449032499999987 ], [ -112.0601528, 33.4490347 ], [ -112.0601774, 33.4490455 ], [ -112.0602, 33.4490688 ], [ -112.0602262, 33.4491363 ], [ -112.060228900000013, 33.4491632 ], [ -112.0602321, 33.4491887 ], [ -112.0602477, 33.4492124 ], [ -112.0602761, 33.4492205 ], [ -112.0603137, 33.4492227 ], [ -112.0605015, 33.4492317 ], [ -112.0605287, 33.449232199999983 ], [ -112.060561, 33.449228 ] ] } },
{ "type": "Feature", "properties": { "name": null, "highway": "footway" }, "geometry": { "type": "LineString", "coordinates": [ [ -112.0606802, 33.4498788 ], [ -112.060677, 33.4498761 ] ] } },
{ "type": "Feature", "properties": { "name": null, "highway": "service" }, "geometry": { "type": "LineString", "coordinates": [ [ -112.0595469, 33.4498297 ], [ -112.0595429, 33.4497791 ], [ -112.0595425, 33.4497736 ], [ -112.0595327, 33.449412 ] ] } },
{ "type": "Feature", "properties": { "name": null, "highway": "footway" }, "geometry": { "type": "LineString", "coordinates": [ [ -112.0590728, 33.4497481 ], [ -112.0590451, 33.4497503 ] ] } },
{ "type": "Feature", "properties": { "name": null, "highway": "footway" }, "geometry": { "type": "LineString", "coordinates": [ [ -112.0590451, 33.4497503 ], [ -112.0589809, 33.4497515 ], [ -112.0589157, 33.4497527 ] ] } },
{ "type": "Feature", "properties": { "name": null, "highway": "footway" }, "geometry": { "type": "LineString", "coordinates": [ [ -112.0589157, 33.4497527 ], [ -112.0588714, 33.4497519 ] ] } },
{ "type": "Feature", "properties": { "name": null, "highway": "footway" }, "geometry": { "type": "LineString", "coordinates": [ [ -112.0588715, 33.449769 ], [ -112.0588711, 33.4497875 ] ] } },
{ "type": "Feature", "properties": { "name": null, "highway": "footway" }, "geometry": { "type": "LineString", "coordinates": [ [ -112.0590954, 33.4497858 ], [ -112.059096100000019, 33.4497749 ] ] } },
{ "type": "Feature", "properties": { "name": null, "highway": "footway" }, "geometry": { "type": "LineString", "coordinates": [ [ -112.0588784, 33.4498776 ], [ -112.0588751, 33.449837099999989 ], [ -112.0588711, 33.4497875 ] ] } },
{ "type": "Feature", "properties": { "name": null, "highway": "footway" }, "geometry": { "type": "LineString", "coordinates": [ [ -112.0590947, 33.4498822 ], [ -112.059095, 33.4498354 ], [ -112.0590954, 33.4497858 ] ] } },
{ "type": "Feature", "properties": { "name": null, "highway": "footway" }, "geometry": { "type": "LineString", "coordinates": [ [ -112.0589126, 33.449901799999985 ], [ -112.0588782, 33.4498975 ], [ -112.0588786, 33.44988810000001 ], [ -112.0588784, 33.4498776 ] ] } },
{ "type": "Feature", "properties": { "name": null, "highway": "footway" }, "geometry": { "type": "LineString", "coordinates": [ [ -112.0590947, 33.4498822 ], [ -112.0590959, 33.4499013 ] ] } },
{ "type": "Feature", "properties": { "name": "East Monroe Street", "highway": "residential" }, "geometry": { "type": "LineString", "coordinates": [ [ -112.0620844, 33.4498281 ], [ -112.0620057, 33.4498289 ], [ -112.0612125, 33.449829 ], [ -112.0611222, 33.4498347 ], [ -112.0608381, 33.4499001 ], [ -112.0607605, 33.4499178 ], [ -112.0606933, 33.4499331 ], [ -112.0605847, 33.4499582 ], [ -112.0601556, 33.449951 ], [ -112.0598968, 33.4499098 ], [ -112.059735, 33.4498579 ], [ -112.0595805, 33.4498293 ], [ -112.0595469, 33.4498297 ], [ -112.059095, 33.4498354 ], [ -112.0589804, 33.4498369 ] ] } },
{ "type": "Feature", "properties": { "name": null, "highway": "footway" }, "geometry": { "type": "LineString", "coordinates": [ [ -112.0598007, 33.4499523 ], [ -112.0598145, 33.449948 ] ] } },
{ "type": "Feature", "properties": { "name": null, "highway": "footway" }, "geometry": { "type": "LineString", "coordinates": [ [ -112.0599512, 33.4499774 ], [ -112.0598815, 33.4499624 ], [ -112.0598145, 33.449948 ] ] } },
{ "type": "Feature", "properties": { "name": null, "highway": "footway" }, "geometry": { "type": "LineString", "coordinates": [ [ -112.0599577, 33.4499838 ], [ -112.0599512, 33.4499774 ] ] } },
{ "type": "Feature", "properties": { "name": "North 10th Place", "highway": "residential" }, "geometry": { "type": "LineString", "coordinates": [ [ -112.0598968, 33.4499098 ], [ -112.0598841, 33.4499545 ], [ -112.0598815, 33.4499624 ], [ -112.0598391, 33.450089099999985 ] ] } },
{ "type": "Feature", "properties": { "name": null, "highway": "footway" }, "geometry": { "type": "LineString", "coordinates": [ [ -112.0606466, 33.450139 ], [ -112.060672, 33.4501036 ], [ -112.0607191, 33.450073 ], [ -112.0607321, 33.4500544 ], [ -112.0607332, 33.4500281 ], [ -112.0607116, 33.4500047 ], [ -112.0606834, 33.4500048 ], [ -112.0606607, 33.450013 ], [ -112.060118, 33.4500167 ], [ -112.05999340000001, 33.4499898 ], [ -112.0599577, 33.4499838 ], [ -112.0599244, 33.4500052 ], [ -112.0599144, 33.4500532 ], [ -112.059939200000017, 33.4501098 ], [ -112.0599528, 33.4501464 ], [ -112.0599546, 33.4501847 ], [ -112.0599683, 33.4501998 ] ] } },
{ "type": "Feature", "properties": { "name": "North 10th Place", "highway": "residential" }, "geometry": { "type": "LineString", "coordinates": [ [ -112.0597229, 33.450165 ], [ -112.05973, 33.4501885 ], [ -112.0597457, 33.4502087 ], [ -112.0597684, 33.4502237 ], [ -112.0597957, 33.4502318 ], [ -112.0598246, 33.450232 ], [ -112.0598521, 33.4502245 ], [ -112.0598752, 33.4502099 ], [ -112.0598917, 33.4501895 ], [ -112.0598992, 33.4501657 ], [ -112.0598969, 33.4501412 ], [ -112.0598851, 33.4501187 ], [ -112.0598651, 33.4501006 ], [ -112.0598391, 33.450089099999985 ], [ -112.0598105, 33.4500853 ], [ -112.059782, 33.4500894 ], [ -112.0597566, 33.450101 ], [ -112.059737, 33.450118799999984 ], [ -112.059725400000019, 33.450140899999987 ], [ -112.0597229, 33.450165 ] ] } },
{ "type": "Feature", "properties": { "name": null, "highway": "footway" }, "geometry": { "type": "LineString", "coordinates": [ [ -112.0599006, 33.4502725 ], [ -112.0599303, 33.4502407 ], [ -112.0599683, 33.4501998 ] ] } },
{ "type": "Feature", "properties": { "name": "East Woodland Avenue", "highway": "residential" }, "geometry": { "type": "LineString", "coordinates": [ [ -112.0598752, 33.4502099 ], [ -112.0599303, 33.4502407 ], [ -112.0600024, 33.4502824 ], [ -112.0601109, 33.4503108 ], [ -112.060453, 33.4503092 ], [ -112.0605858, 33.4502862 ], [ -112.0606697, 33.450245 ], [ -112.0607101, 33.4502221 ] ] } },
{ "type": "Feature", "properties": { "name": null, "highway": "footway" }, "geometry": { "type": "LineString", "coordinates": [ [ -112.059894200000016, 33.4502766 ], [ -112.0599006, 33.4502725 ] ] } },
{ "type": "Feature", "properties": { "name": null, "highway": "footway" }, "geometry": { "type": "LineString", "coordinates": [ [ -112.0590452, 33.449928099999987 ], [ -112.0589804, 33.449915299999986 ], [ -112.0589126, 33.449901799999985 ] ] } },
{ "type": "Feature", "properties": { "name": null, "highway": "footway" }, "geometry": { "type": "LineString", "coordinates": [ [ -112.0590743, 33.449927699999989 ], [ -112.0590452, 33.449928099999987 ] ] } },
{ "type": "Feature", "properties": { "name": null, "highway": "footway" }, "geometry": { "type": "LineString", "coordinates": [ [ -112.0600897, 33.4503514 ], [ -112.060050500000017, 33.4503452 ], [ -112.0600017, 33.4503323 ], [ -112.059967700000016, 33.4503176 ], [ -112.0599307, 33.450298 ], [ -112.059894200000016, 33.4502766 ], [ -112.059871, 33.4502701 ], [ -112.0598414, 33.4502726 ], [ -112.0598121, 33.4502752 ], [ -112.0597737, 33.450268799999989 ], [ -112.0597398, 33.4502563 ], [ -112.0597133, 33.4502373 ], [ -112.0597009, 33.4502265 ], [ -112.0596863, 33.4502049 ], [ -112.0596795, 33.4501859 ], [ -112.0596763, 33.450162 ], [ -112.0596779, 33.450138899999985 ], [ -112.059687, 33.4501143 ], [ -112.0596988, 33.4500964 ], [ -112.059717, 33.4500758 ], [ -112.0597559, 33.4500545 ], [ -112.0597809, 33.4500363 ], [ -112.0597964, 33.45002 ], [ -112.0598073, 33.4500003 ], [ -112.059811400000015, 33.4499794 ], [ -112.0598064, 33.4499586 ], [ -112.0598007, 33.4499523 ], [ -112.05979090000001, 33.4499415 ], [ -112.059768800000015, 33.449937 ], [ -112.0597151, 33.449923599999984 ], [ -112.0596325, 33.4499057 ], [ -112.0596041, 33.4499003 ], [ -112.0595724, 33.449899 ], [ -112.059537, 33.4498976 ], [ -112.0594139, 33.4498982 ], [ -112.0591405, 33.4498981 ], [ -112.0591043, 33.4498997 ], [ -112.0590959, 33.4499013 ], [ -112.0590893, 33.4499026 ], [ -112.0590782, 33.4499112 ], [ -112.0590743, 33.449927699999989 ], [ -112.0590728, 33.449934 ], [ -112.0590693, 33.4502711 ], [ -112.0590721, 33.450786 ], [ -112.0590715, 33.4509319 ], [ -112.0590704, 33.4512093 ], [ -112.0590788, 33.4512363 ], [ -112.0590968, 33.4512536 ], [ -112.0591049, 33.4512551 ] ] } },
{ "type": "Feature", "properties": { "name": "North 11th Street", "highway": "tertiary" }, "geometry": { "type": "LineString", "coordinates": [ [ -112.0589804, 33.4498369 ], [ -112.0589804, 33.449915299999986 ], [ -112.0589808, 33.450464 ], [ -112.0589814, 33.4505886 ], [ -112.0589829, 33.4509095 ], [ -112.0589838, 33.4509304 ], [ -112.0589821, 33.451236 ], [ -112.05898, 33.4513481 ] ] } },
{ "type": "Feature", "properties": { "name": null, "highway": "service" }, "geometry": { "type": "LineString", "coordinates": [ [ -112.059631, 33.450775299999989 ], [ -112.0593607, 33.4507747 ], [ -112.0591252, 33.4507717 ] ] } },
{ "type": "Feature", "properties": { "name": null, "highway": "service" }, "geometry": { "type": "LineString", "coordinates": [ [ -112.0589838, 33.4509304 ], [ -112.0590715, 33.4509319 ], [ -112.0590921, 33.4509322 ], [ -112.0591312, 33.4509329 ] ] } },
{ "type": "Feature", "properties": { "name": null, "highway": "service" }, "geometry": { "type": "MultiLineString", "coordinates": [ [ [ -112.0593607, 33.4507747 ], [ -112.0593651, 33.4509369 ] ], [ [ -112.0593651, 33.4509369 ], [ -112.0593676, 33.4511118 ], [ -112.059138, 33.4511097 ], [ -112.0591312, 33.4509329 ], [ -112.0593651, 33.4509369 ] ] ] } },
{ "type": "Feature", "properties": { "name": null, "highway": "service" }, "geometry": { "type": "LineString", "coordinates": [ [ -112.0589829, 33.4509095 ], [ -112.0588675, 33.4509047 ], [ -112.058859400000017, 33.4509044 ], [ -112.0587972, 33.4509108 ], [ -112.0587832, 33.4511989 ] ] } },
{ "type": "Feature", "properties": { "name": null, "highway": "service" }, "geometry": { "type": "LineString", "coordinates": [ [ -112.0593676, 33.4511118 ], [ -112.0593698, 33.4511493 ] ] } },
{ "type": "Feature", "properties": { "name": null, "highway": "service" }, "geometry": { "type": "LineString", "coordinates": [ [ -112.0596113, 33.4513502 ], [ -112.05961, 33.4512547 ], [ -112.0596113, 33.4512285 ], [ -112.0596112, 33.4510044 ], [ -112.0597715, 33.4510083 ] ] } },
{ "type": "Feature", "properties": { "name": null, "highway": "footway" }, "geometry": { "type": "LineString", "coordinates": [ [ -112.0607116, 33.4500003 ], [ -112.0606933, 33.4499331 ], [ -112.0606802, 33.4498788 ] ] } },
{ "type": "Feature", "properties": { "name": null, "highway": "footway" }, "geometry": { "type": "LineString", "coordinates": [ [ -112.0608566, 33.449968 ], [ -112.060852, 33.449964 ] ] } },
{ "type": "Feature", "properties": { "name": null, "highway": "footway" }, "geometry": { "type": "LineString", "coordinates": [ [ -112.060852, 33.449964 ], [ -112.0607784, 33.4499858 ], [ -112.0607116, 33.4500003 ] ] } },
{ "type": "Feature", "properties": { "name": null, "highway": "footway" }, "geometry": { "type": "LineString", "coordinates": [ [ -112.0607116, 33.4500003 ], [ -112.0607116, 33.4500047 ] ] } },
{ "type": "Feature", "properties": { "name": null, "highway": "footway" }, "geometry": { "type": "LineString", "coordinates": [ [ -112.0620035, 33.449916 ], [ -112.0619856, 33.4499011 ], [ -112.0611293, 33.4499036 ], [ -112.0608566, 33.449968 ], [ -112.0608449, 33.4499941 ], [ -112.0608865, 33.4501018 ], [ -112.0609145, 33.4501662 ], [ -112.0609057, 33.4502274 ], [ -112.0608604, 33.45027790000001 ], [ -112.0607882, 33.4502988 ], [ -112.0607215, 33.4502947 ], [ -112.0606342, 33.4503356 ], [ -112.06053270000001, 33.4503585 ], [ -112.0600897, 33.4503514 ] ] } },
{ "type": "Feature", "properties": { "name": "North 10th Street", "highway": "residential" }, "geometry": { "type": "LineString", "coordinates": [ [ -112.0608503, 33.450203199999983 ], [ -112.0608574, 33.4501806 ], [ -112.0608552, 33.4501574 ], [ -112.0608442, 33.450136 ], [ -112.0608254, 33.4501187 ], [ -112.060801, 33.4501075 ], [ -112.0607734, 33.4501035 ], [ -112.060745700000012, 33.4501072 ], [ -112.060721, 33.4501182 ], [ -112.060702, 33.4501353 ], [ -112.0606906, 33.4501566 ], [ -112.0606881, 33.4501799 ], [ -112.0606949, 33.4502025 ], [ -112.0607101, 33.4502221 ], [ -112.0607321, 33.4502365 ], [ -112.0607584, 33.4502442 ], [ -112.0607864, 33.4502443 ], [ -112.0608128, 33.4502368 ], [ -112.0608349, 33.4502226 ], [ -112.0608503, 33.450203199999983 ] ] } },
{ "type": "Feature", "properties": { "name": null, "highway": "service" }, "geometry": { "type": "LineString", "coordinates": [ [ -112.0610911, 33.4505476 ], [ -112.0611249, 33.4505566 ], [ -112.0611603, 33.4505562 ], [ -112.0611937, 33.4505463 ], [ -112.0612216, 33.4505281 ], [ -112.0612411, 33.4505035 ], [ -112.0612502, 33.4504749 ], [ -112.0612476, 33.450444 ], [ -112.0612327, 33.4504156 ], [ -112.0612073, 33.4503929 ], [ -112.0611743, 33.4503786 ], [ -112.061137500000015, 33.4503743 ], [ -112.061101, 33.4503805 ], [ -112.06106920000002, 33.4503965 ], [ -112.06104550000002, 33.4504205 ], [ -112.0610331, 33.4504482 ], [ -112.061032, 33.450477699999986 ], [ -112.0610421, 33.450506 ], [ -112.0610625, 33.4505302 ], [ -112.0610911, 33.4505476 ] ] } },
{ "type": "Feature", "properties": { "name": null, "highway": "service" }, "geometry": { "type": "LineString", "coordinates": [ [ -112.0620886, 33.4504914 ], [ -112.0612502, 33.4504749 ] ] } },
{ "type": "Feature", "properties": { "name": null, "highway": "footway" }, "geometry": { "type": "LineString", "coordinates": [ [ -112.0617408, 33.4512492 ], [ -112.061736300000021, 33.4510708 ], [ -112.0618206, 33.4510711 ], [ -112.0618798, 33.4510224 ], [ -112.0618795, 33.4509682 ], [ -112.0620027, 33.4509676 ] ] } },
{ "type": "Feature", "properties": { "name": null, "highway": "service" }, "geometry": { "type": "LineString", "coordinates": [ [ -112.0617729, 33.4513507 ], [ -112.0618395, 33.4512489 ], [ -112.061868500000017, 33.4512058 ], [ -112.0618704, 33.4510495 ], [ -112.0620453, 33.4510535 ] ] } },
{ "type": "Feature", "properties": { "name": null, "highway": "service" }, "geometry": { "type": "LineString", "coordinates": [ [ -112.0593698, 33.4511493 ], [ -112.059371, 33.4512279 ] ] } },
{ "type": "Feature", "properties": { "name": null, "highway": "footway" }, "geometry": { "type": "LineString", "coordinates": [ [ -112.0589125, 33.4512352 ], [ -112.0589821, 33.451236 ], [ -112.059053100000014, 33.4512347 ] ] } },
{ "type": "Feature", "properties": { "name": null, "highway": "footway" }, "geometry": { "type": "LineString", "coordinates": [ [ -112.059053100000014, 33.4512347 ], [ -112.0590788, 33.4512363 ] ] } },
{ "type": "Feature", "properties": { "name": null, "highway": "footway" }, "geometry": { "type": "LineString", "coordinates": [ [ -112.0588617, 33.4512788 ], [ -112.0588639, 33.4512368 ], [ -112.0589125, 33.4512352 ] ] } },
{ "type": "Feature", "properties": { "name": null, "highway": "footway" }, "geometry": { "type": "LineString", "coordinates": [ [ -112.0590971, 33.4512732 ], [ -112.0591049, 33.4512551 ] ] } },
{ "type": "Feature", "properties": { "name": null, "highway": "service" }, "geometry": { "type": "LineString", "coordinates": [ [ -112.059371, 33.4512279 ], [ -112.059371, 33.4512549 ], [ -112.059371, 33.4513489 ] ] } },
{ "type": "Feature", "properties": { "name": "East Van Buren Street", "highway": "primary" }, "geometry": { "type": "LineString", "coordinates": [ [ -112.05898, 33.4513481 ], [ -112.0590942, 33.4513484 ], [ -112.0592385, 33.4513479 ], [ -112.059371, 33.4513489 ], [ -112.0595336, 33.4513502 ] ] } },
{ "type": "Feature", "properties": { "name": null, "highway": "footway" }, "geometry": { "type": "LineString", "coordinates": [ [ -112.059091, 33.4514317 ], [ -112.0590942, 33.4513484 ], [ -112.0590971, 33.4512732 ] ] } },
{ "type": "Feature", "properties": { "name": null, "highway": "footway" }, "geometry": { "type": "LineString", "coordinates": [ [ -112.0588673, 33.4514327 ], [ -112.0588642, 33.4513482 ], [ -112.0588617, 33.4512788 ] ] } },
{ "type": "Feature", "properties": { "name": null, "highway": "footway" }, "geometry": { "type": "LineString", "coordinates": [ [ -112.0589108, 33.451455 ], [ -112.0588908, 33.451455 ], [ -112.0588682, 33.4514572 ], [ -112.0588682, 33.4514464 ], [ -112.0588673, 33.4514327 ] ] } },
{ "type": "Feature", "properties": { "name": null, "highway": "service" }, "geometry": { "type": "LineString", "coordinates": [ [ -112.059972, 33.4513503 ], [ -112.0599635, 33.4512548 ], [ -112.0599458, 33.4510468 ], [ -112.0599912, 33.4508591 ], [ -112.059984200000017, 33.4507484 ] ] } },
{ "type": "Feature", "properties": { "name": null, "highway": "footway" }, "geometry": { "type": "LineString", "coordinates": [ [ -112.0619839, 33.4512503 ], [ -112.0618395, 33.4512489 ], [ -112.0617408, 33.4512492 ], [ -112.0599635, 33.4512548 ], [ -112.05961, 33.4512547 ], [ -112.059371, 33.4512549 ], [ -112.0591049, 33.4512551 ] ] } },
{ "type": "Feature", "properties": { "name": "East Van Buren Street", "highway": "primary" }, "geometry": { "type": "LineString", "coordinates": [ [ -112.0595336, 33.4513502 ], [ -112.0596113, 33.4513502 ], [ -112.0596749, 33.4513502 ], [ -112.059755, 33.4513503 ], [ -112.059972, 33.4513503 ], [ -112.0614437, 33.4513506 ] ] } },
{ "type": "Feature", "properties": { "name": null, "highway": "footway" }, "geometry": { "type": "LineString", "coordinates": [ [ -112.0590845, 33.451457499999989 ], [ -112.0590829, 33.4515353 ], [ -112.0590779, 33.4517679 ], [ -112.059074800000019, 33.451916299999986 ], [ -112.0590742, 33.4522426 ], [ -112.059074, 33.4523778 ], [ -112.059073200000014, 33.452828 ], [ -112.0600377, 33.4528292 ], [ -112.0605569, 33.4528293 ], [ -112.0606097, 33.4528294 ], [ -112.0619718, 33.4528308 ], [ -112.061978200000013, 33.45282060000001 ], [ -112.0619731, 33.4524554 ], [ -112.061972, 33.452405 ], [ -112.0619718, 33.4522789 ], [ -112.061971, 33.4521913 ], [ -112.061972, 33.4519261 ], [ -112.0619765, 33.451553 ], [ -112.0619768, 33.451457 ], [ -112.0601834, 33.4514556 ], [ -112.0601271, 33.4514399 ], [ -112.0595351, 33.451439 ], [ -112.0594371, 33.4514388 ], [ -112.0594364, 33.451455 ], [ -112.0592403, 33.4514567 ], [ -112.0590845, 33.451457499999989 ] ] } },
{ "type": "Feature", "properties": { "name": null, "highway": "footway" }, "geometry": { "type": "LineString", "coordinates": [ [ -112.0606097, 33.4528294 ], [ -112.0606096, 33.4528512 ] ] } },
{ "type": "Feature", "properties": { "name": null, "highway": "footway" }, "geometry": { "type": "LineString", "coordinates": [ [ -112.0606096, 33.4528512 ], [ -112.0606029, 33.452899 ], [ -112.0605932, 33.4529689 ] ] } },
{ "type": "Feature", "properties": { "name": null, "highway": "footway" }, "geometry": { "type": "LineString", "coordinates": [ [ -112.060465, 33.45297 ], [ -112.0605252, 33.4529695 ], [ -112.0605932, 33.4529689 ] ] } },
{ "type": "Feature", "properties": { "name": null, "highway": "footway" }, "geometry": { "type": "LineString", "coordinates": [ [ -112.0604195, 33.4529711 ], [ -112.060465, 33.45297 ] ] } },
{ "type": "Feature", "properties": { "name": null, "highway": "footway" }, "geometry": { "type": "LineString", "coordinates": [ [ -112.0605932, 33.4529689 ], [ -112.0606302, 33.4529725 ] ] } },
{ "type": "Feature", "properties": { "name": null, "highway": "footway" }, "geometry": { "type": "LineString", "coordinates": [ [ -112.0606281, 33.453358199999983 ], [ -112.0606302, 33.4529725 ] ] } },
{ "type": "Feature", "properties": { "name": null, "highway": "footway" }, "geometry": { "type": "LineString", "coordinates": [ [ -112.0590845, 33.451457499999989 ], [ -112.059091, 33.4514317 ] ] } },
{ "type": "Feature", "properties": { "name": null, "highway": "footway" }, "geometry": { "type": "LineString", "coordinates": [ [ -112.0590383, 33.4514539 ], [ -112.0589775, 33.4514544 ], [ -112.0589108, 33.451455 ] ] } },
{ "type": "Feature", "properties": { "name": null, "highway": "footway" }, "geometry": { "type": "LineString", "coordinates": [ [ -112.0590845, 33.451457499999989 ], [ -112.0590383, 33.4514539 ] ] } },
{ "type": "Feature", "properties": { "name": null, "highway": "service" }, "geometry": { "type": "LineString", "coordinates": [ [ -112.059239, 33.4516486 ], [ -112.0595385, 33.4516469 ], [ -112.0595351, 33.451439 ], [ -112.0595336, 33.4513502 ] ] } },
{ "type": "Feature", "properties": { "name": null, "highway": "service" }, "geometry": { "type": "LineString", "coordinates": [ [ -112.0592417, 33.4515407 ], [ -112.0590829, 33.4515353 ], [ -112.0589751, 33.4515316 ] ] } },
{ "type": "Feature", "properties": { "name": null, "highway": "service" }, "geometry": { "type": "LineString", "coordinates": [ [ -112.058974, 33.4517693 ], [ -112.0590779, 33.4517679 ], [ -112.0592384, 33.4517657 ], [ -112.059239, 33.4516486 ], [ -112.0592417, 33.4515407 ], [ -112.0592403, 33.4514567 ], [ -112.0592385, 33.4513479 ] ] } },
{ "type": "Feature", "properties": { "name": null, "highway": "service" }, "geometry": { "type": "LineString", "coordinates": [ [ -112.0589704, 33.4522423 ], [ -112.0590742, 33.4522426 ], [ -112.0591184, 33.4522427 ], [ -112.0595216, 33.4522439 ], [ -112.0595211, 33.452379099999987 ], [ -112.0595206, 33.4524985 ] ] } },
{ "type": "Feature", "properties": { "name": null, "highway": "service" }, "geometry": { "type": "LineString", "coordinates": [ [ -112.0595211, 33.452379099999987 ], [ -112.0591208, 33.452377899999988 ], [ -112.059074, 33.4523778 ], [ -112.0589728, 33.4523775 ] ] } },
{ "type": "Feature", "properties": { "name": null, "highway": "footway" }, "geometry": { "type": "LineString", "coordinates": [ [ -112.0590436, 33.4528279 ], [ -112.0589694, 33.4528267 ], [ -112.0588997, 33.4528256 ] ] } },
{ "type": "Feature", "properties": { "name": null, "highway": "footway" }, "geometry": { "type": "LineString", "coordinates": [ [ -112.0588997, 33.4528256 ], [ -112.0588628, 33.4528275 ], [ -112.0588632, 33.4528491 ] ] } },
{ "type": "Feature", "properties": { "name": "North 11th Way", "highway": "residential" }, "geometry": { "type": "LineString", "coordinates": [ [ -112.0570622, 33.4513502 ], [ -112.0570613, 33.4514516 ], [ -112.0570614, 33.4514931 ], [ -112.0570596, 33.451814400000011 ], [ -112.0570581, 33.4520885 ], [ -112.0570563, 33.452417 ], [ -112.0570559, 33.4524809 ], [ -112.057054, 33.4528309 ], [ -112.0570536, 33.4528993 ] ] } },
{ "type": "Feature", "properties": { "name": "North 11th Place", "highway": "residential" }, "geometry": { "type": "LineString", "coordinates": [ [ -112.0578015, 33.451353299999987 ], [ -112.0578006, 33.4514511 ], [ -112.057800500000013, 33.4514669 ], [ -112.0577939, 33.4526703 ], [ -112.057793, 33.4528307 ], [ -112.0577926, 33.452902 ] ] } },
{ "type": "Feature", "properties": { "name": null, "highway": "footway" }, "geometry": { "type": "LineString", "coordinates": [ [ -112.0578567, 33.4528001 ], [ -112.057865600000014, 33.4528145 ], [ -112.0578782, 33.4528262 ], [ -112.0578948, 33.4528308 ], [ -112.0583637, 33.452829199999989 ], [ -112.0588628, 33.4528275 ], [ -112.0588642, 33.45249230000001 ], [ -112.0588653, 33.4522461 ], [ -112.0588663, 33.45201070000001 ], [ -112.0588674, 33.4516788 ], [ -112.0588682, 33.4514572 ], [ -112.0587252, 33.4514589 ], [ -112.058706, 33.4514407 ], [ -112.0584983, 33.4514404 ], [ -112.0584024, 33.4514403 ], [ -112.058250200000018, 33.4514413 ], [ -112.0582374, 33.4514564 ], [ -112.0580607, 33.4514564 ], [ -112.058045, 33.4514403 ], [ -112.0579406, 33.4514394 ], [ -112.0578987, 33.4514462 ], [ -112.0578701, 33.4514603 ], [ -112.057860800000014, 33.4514758 ], [ -112.0578584, 33.4515415 ] ] } },
{ "type": "Feature", "properties": { "name": null, "highway": "service" }, "geometry": { "type": "MultiLineString", "coordinates": [ [ [ -112.0569231, 33.4518146 ], [ -112.0569222, 33.4519173 ], [ -112.0569179, 33.4524211 ], [ -112.0569178, 33.4524341 ], [ -112.056861400000017, 33.452434099999984 ] ], [ [ -112.056861400000017, 33.452434099999984 ], [ -112.056649600000014, 33.4524341 ], [ -112.0566522, 33.4527004 ], [ -112.0568668, 33.4526971 ], [ -112.056861400000017, 33.452434099999984 ] ] ] } },
{ "type": "Feature", "properties": { "name": null, "highway": "service" }, "geometry": { "type": "LineString", "coordinates": [ [ -112.0589704, 33.4522423 ], [ -112.0588653, 33.4522461 ], [ -112.0587254, 33.4522511 ], [ -112.058407, 33.4522577 ] ] } },
{ "type": "Feature", "properties": { "name": null, "highway": "footway" }, "geometry": { "type": "LineString", "coordinates": [ [ -112.0569901, 33.4523736 ], [ -112.0569899, 33.452419 ], [ -112.0569898, 33.4524622 ] ] } },
{ "type": "Feature", "properties": { "name": null, "highway": "service" }, "geometry": { "type": "LineString", "coordinates": [ [ -112.0570563, 33.452417 ], [ -112.0569899, 33.452419 ], [ -112.0569179, 33.4524211 ] ] } },
{ "type": "Feature", "properties": { "name": null, "highway": "footway" }, "geometry": { "type": "LineString", "coordinates": [ [ -112.0577484, 33.4520555 ], [ -112.0577465, 33.4526668 ], [ -112.0577461, 33.4528012 ], [ -112.0577364, 33.4528161 ], [ -112.0577203, 33.4528241 ], [ -112.0576927, 33.4528279 ], [ -112.0571569, 33.4528274 ], [ -112.057141900000019, 33.4528254 ], [ -112.0571345, 33.4528196 ], [ -112.057128600000013, 33.4528151 ], [ -112.0571282, 33.4527956 ], [ -112.0571293, 33.452521399999988 ], [ -112.0571273, 33.4524831 ], [ -112.0571264, 33.4524657 ], [ -112.0571165, 33.452461 ], [ -112.057113, 33.4524516 ], [ -112.057113, 33.4522019 ], [ -112.0571332, 33.4521985 ], [ -112.057132200000012, 33.4521077 ] ] } },
{ "type": "Feature", "properties": { "name": null, "highway": "service" }, "geometry": { "type": "LineString", "coordinates": [ [ -112.057597200000018, 33.4524702 ], [ -112.0575781, 33.4525529 ], [ -112.0575383, 33.452617199999985 ] ] } },
{ "type": "Feature", "properties": { "name": null, "highway": "service" }, "geometry": { "type": "LineString", "coordinates": [ [ -112.0577939, 33.4526703 ], [ -112.0577465, 33.4526668 ], [ -112.0577046, 33.4526638 ], [ -112.0576213, 33.4526452 ], [ -112.057559, 33.4526262 ], [ -112.0575383, 33.452617199999985 ], [ -112.057439, 33.452574 ], [ -112.0573129, 33.452514 ], [ -112.0572209, 33.4524859 ], [ -112.0571273, 33.4524831 ], [ -112.0570559, 33.4524809 ] ] } },
{ "type": "Feature", "properties": { "name": null, "highway": "service" }, "geometry": { "type": "LineString", "coordinates": [ [ -112.0583648, 33.4529026 ], [ -112.0583637, 33.452829199999989 ], [ -112.058361500000018, 33.4526817 ], [ -112.0583644, 33.4524901 ], [ -112.058525, 33.4524902 ], [ -112.0588642, 33.45249230000001 ], [ -112.0589719, 33.452493 ] ] } },
{ "type": "Feature", "properties": { "name": null, "highway": "footway" }, "geometry": { "type": "LineString", "coordinates": [ [ -112.0571345, 33.4528196 ], [ -112.0571143, 33.4528262 ] ] } },
{ "type": "Feature", "properties": { "name": null, "highway": "footway" }, "geometry": { "type": "LineString", "coordinates": [ [ -112.057856, 33.4528234 ], [ -112.057865600000014, 33.4528145 ] ] } },
{ "type": "Feature", "properties": { "name": null, "highway": "footway" }, "geometry": { "type": "LineString", "coordinates": [ [ -112.0569767, 33.4528272 ], [ -112.0569924, 33.4528356 ] ] } },
{ "type": "Feature", "properties": { "name": null, "highway": "footway" }, "geometry": { "type": "LineString", "coordinates": [ [ -112.0577203, 33.4528241 ], [ -112.0577356, 33.4528374 ] ] } },
{ "type": "Feature", "properties": { "name": null, "highway": "footway" }, "geometry": { "type": "LineString", "coordinates": [ [ -112.0571139, 33.4529448 ], [ -112.0571141, 33.4528995 ], [ -112.0571143, 33.4528262 ], [ -112.057054, 33.4528309 ], [ -112.0569924, 33.4528356 ] ] } },
{ "type": "Feature", "properties": { "name": null, "highway": "footway" }, "geometry": { "type": "LineString", "coordinates": [ [ -112.0577429, 33.452943899999987 ], [ -112.05774, 33.4529018 ], [ -112.0577356, 33.4528374 ], [ -112.057793, 33.4528307 ], [ -112.057856, 33.4528234 ] ] } },
{ "type": "Feature", "properties": { "name": "East Polk Street", "highway": "residential" }, "geometry": { "type": "LineString", "coordinates": [ [ -112.0620698, 33.4528953 ], [ -112.062002, 33.4528955 ], [ -112.0617279, 33.4528962 ], [ -112.060818, 33.452898499999989 ], [ -112.0606029, 33.452899 ], [ -112.0605246, 33.4528992 ], [ -112.0602198, 33.4529 ], [ -112.0597081, 33.4529014 ], [ -112.0590757, 33.452903 ], [ -112.0589688, 33.4529033 ], [ -112.058863, 33.4529032 ], [ -112.0583648, 33.4529026 ], [ -112.0577926, 33.452902 ], [ -112.05774, 33.4529018 ], [ -112.0571141, 33.4528995 ], [ -112.0570536, 33.4528993 ], [ -112.0565305, 33.4529028 ], [ -112.0560202, 33.452906 ], [ -112.0559486, 33.4529065 ], [ -112.0558836, 33.4529069 ], [ -112.055327500000018, 33.452910499999987 ], [ -112.054835200000014, 33.4529137 ], [ -112.0547521, 33.4529142 ], [ -112.0546998, 33.45291430000001 ], [ -112.054168, 33.4529156 ], [ -112.053809700000016, 33.4529164 ], [ -112.0537404, 33.4529166 ] ] } },
{ "type": "Feature", "properties": { "name": null, "highway": "service" }, "geometry": { "type": "LineString", "coordinates": [ [ -112.0565249, 33.453863 ], [ -112.0565258, 33.4537849 ], [ -112.0565306, 33.4533898 ], [ -112.0565305, 33.4529575 ], [ -112.0565305, 33.4529028 ], [ -112.0565319, 33.4528286 ], [ -112.0565304, 33.4520028 ] ] } },
{ "type": "Feature", "properties": { "name": null, "highway": "footway" }, "geometry": { "type": "LineString", "coordinates": [ [ -112.0571144, 33.4529659 ], [ -112.0571139, 33.4529448 ] ] } },
{ "type": "Feature", "properties": { "name": null, "highway": "footway" }, "geometry": { "type": "LineString", "coordinates": [ [ -112.0649962, 33.45120940000001 ], [ -112.0650029, 33.451193 ], [ -112.0649851, 33.4504535 ], [ -112.0649812, 33.4499276 ], [ -112.0649811, 33.4497589 ], [ -112.0649551, 33.4497347 ], [ -112.064956, 33.4497121 ], [ -112.0649706, 33.4496795 ], [ -112.0649833, 33.449662 ], [ -112.0649837, 33.4494495 ], [ -112.0649699, 33.4494293 ], [ -112.0649537, 33.4494157 ], [ -112.0649445, 33.4493958 ], [ -112.0649452, 33.4493688 ], [ -112.064947500000017, 33.4492877 ], [ -112.0649508, 33.4492249 ], [ -112.0649558, 33.4491748 ], [ -112.0649639, 33.44907760000001 ], [ -112.0649734, 33.4490146 ], [ -112.0649727, 33.4489961 ], [ -112.064975, 33.448859 ], [ -112.0649699, 33.4488229 ], [ -112.0649629, 33.4487735 ], [ -112.0649302, 33.4486756 ], [ -112.0649263, 33.4486446 ], [ -112.0649147, 33.4484971 ], [ -112.0648762, 33.4484682 ], [ -112.0648449, 33.4484444 ], [ -112.0648064, 33.4484423 ], [ -112.0638946, 33.4484428 ], [ -112.0636954, 33.4484386 ], [ -112.063426, 33.4484295 ], [ -112.0633191, 33.4484274 ] ] } },
{ "type": "Feature", "properties": { "name": null, "highway": "service" }, "geometry": { "type": "LineString", "coordinates": [ [ -112.0641405, 33.4505646 ], [ -112.0634736, 33.4505587 ] ] } },
{ "type": "Feature", "properties": { "name": null, "highway": "service" }, "geometry": { "type": "LineString", "coordinates": [ [ -112.0641425, 33.4507305 ], [ -112.06347150000002, 33.4507246 ], [ -112.0634736, 33.4505587 ], [ -112.0634758, 33.4503962 ], [ -112.0641384, 33.450402199999985 ] ] } },
{ "type": "Feature", "properties": { "name": null, "highway": "service" }, "geometry": { "type": "LineString", "coordinates": [ [ -112.0651141, 33.44993 ], [ -112.0649812, 33.4499276 ], [ -112.0647775, 33.449923799999986 ], [ -112.0641754, 33.4499259 ], [ -112.0641546, 33.4499341 ], [ -112.0641389, 33.4499466 ], [ -112.0641331, 33.4499792 ], [ -112.0641384, 33.450402199999985 ], [ -112.0641405, 33.4505646 ], [ -112.0641425, 33.4507305 ], [ -112.0641451, 33.4509348 ], [ -112.0641473, 33.451106 ], [ -112.064147800000015, 33.4511617 ], [ -112.0641492, 33.4512537 ], [ -112.06415, 33.4513559 ] ] } },
{ "type": "Feature", "properties": { "name": null, "highway": "service" }, "geometry": { "type": "LineString", "coordinates": [ [ -112.0641473, 33.451106 ], [ -112.0648674, 33.4511059 ], [ -112.0648665, 33.4509347 ], [ -112.0641451, 33.4509348 ] ] } },
{ "type": "Feature", "properties": { "name": null, "highway": "footway" }, "geometry": { "type": "LineString", "coordinates": [ [ -112.0649962, 33.45120940000001 ], [ -112.0649795, 33.4512326 ], [ -112.0649484, 33.4512519 ], [ -112.064942700000017, 33.4512536 ], [ -112.0649255, 33.4512587 ], [ -112.0649022, 33.4512608 ], [ -112.06477430000001, 33.4512609 ], [ -112.0647494, 33.4512681 ], [ -112.0646901, 33.4512681 ], [ -112.0646706, 33.4512535 ], [ -112.0641492, 33.4512537 ], [ -112.0622495, 33.4512478 ], [ -112.062218, 33.4512441 ] ] } },
{ "type": "Feature", "properties": { "name": "East Van Buren Street", "highway": "primary" }, "geometry": { "type": "LineString", "coordinates": [ [ -112.0625508, 33.451352 ], [ -112.062622, 33.4513522 ], [ -112.063098, 33.4513533 ], [ -112.063231, 33.4513536 ], [ -112.063465, 33.4513542 ], [ -112.06415, 33.4513559 ], [ -112.064290900000017, 33.451356199999985 ] ] } },
{ "type": "Feature", "properties": { "name": "East Van Buren Street", "highway": "primary" }, "geometry": { "type": "LineString", "coordinates": [ [ -112.064290900000017, 33.451356199999985 ], [ -112.0645169, 33.4513567 ], [ -112.064721, 33.451357199999983 ], [ -112.0649509, 33.4513611 ], [ -112.06516, 33.451369 ] ] } },
{ "type": "Feature", "properties": { "name": null, "highway": "footway" }, "geometry": { "type": "LineString", "coordinates": [ [ -112.064991300000017, 33.4514804 ], [ -112.0649534, 33.4514596 ], [ -112.0634643, 33.451441 ], [ -112.0633584, 33.4514408 ], [ -112.063345700000013, 33.4514625 ], [ -112.063229, 33.451464 ], [ -112.0623498, 33.4514618 ], [ -112.0622698, 33.4514617 ], [ -112.0622146, 33.4514392 ], [ -112.0621884, 33.4514522 ] ] } },
{ "type": "Feature", "properties": { "name": null, "highway": "service" }, "geometry": { "type": "LineString", "coordinates": [ [ -112.0634612, 33.451728299999985 ], [ -112.0635916, 33.4517292 ], [ -112.0638075, 33.4517308 ], [ -112.0638093, 33.4515499 ], [ -112.0634631, 33.4515474 ] ] } },
{ "type": "Feature", "properties": { "name": null, "highway": "service" }, "geometry": { "type": "LineString", "coordinates": [ [ -112.0620903, 33.4508327 ], [ -112.062522, 33.4508381 ] ] } },
{ "type": "Feature", "properties": { "name": "North 9th Street", "highway": "residential" }, "geometry": { "type": "LineString", "coordinates": [ [ -112.0620959, 33.4508822 ], [ -112.0620492, 33.4509274 ] ] } },
{ "type": "Feature", "properties": { "name": "North 9th Street", "highway": "residential" }, "geometry": { "type": "LineString", "coordinates": [ [ -112.0621398, 33.4509286 ], [ -112.0620959, 33.4508822 ] ] } },
{ "type": "Feature", "properties": { "name": null, "highway": "footway" }, "geometry": { "type": "LineString", "coordinates": [ [ -112.0621967, 33.4509596 ], [ -112.0621949, 33.4512122 ], [ -112.0622024, 33.4512332 ], [ -112.062218, 33.4512441 ] ] } },
{ "type": "Feature", "properties": { "name": "North 9th Street", "highway": "residential" }, "geometry": { "type": "LineString", "coordinates": [ [ -112.0620492, 33.4509274 ], [ -112.062046900000013, 33.4510066 ], [ -112.0620453, 33.4510535 ], [ -112.0620388, 33.451251099999986 ], [ -112.062072, 33.4513509 ] ] } },
{ "type": "Feature", "properties": { "name": "North 9th Street", "highway": "residential" }, "geometry": { "type": "LineString", "coordinates": [ [ -112.062072, 33.4513509 ], [ -112.0621418, 33.4512527 ], [ -112.0621421, 33.4509988 ], [ -112.0621398, 33.4509286 ] ] } },
{ "type": "Feature", "properties": { "name": null, "highway": "footway" }, "geometry": { "type": "LineString", "coordinates": [ [ -112.0622, 33.4512536 ], [ -112.062218, 33.4512441 ] ] } },
{ "type": "Feature", "properties": { "name": null, "highway": "footway" }, "geometry": { "type": "LineString", "coordinates": [ [ -112.0622, 33.4512536 ], [ -112.0621418, 33.4512527 ], [ -112.0620388, 33.451251099999986 ], [ -112.0619839, 33.4512503 ] ] } },
{ "type": "Feature", "properties": { "name": null, "highway": "footway" }, "geometry": { "type": "LineString", "coordinates": [ [ -112.0619839, 33.4512503 ], [ -112.061995, 33.4513507 ], [ -112.0620149, 33.4514472 ] ] } },
{ "type": "Feature", "properties": { "name": null, "highway": "footway" }, "geometry": { "type": "LineString", "coordinates": [ [ -112.0621767, 33.451446 ], [ -112.0621873, 33.4513527 ], [ -112.0622, 33.4512536 ] ] } },
{ "type": "Feature", "properties": { "name": "East Van Buren Street", "highway": "primary" }, "geometry": { "type": "LineString", "coordinates": [ [ -112.0614437, 33.4513506 ], [ -112.061509, 33.4513506 ], [ -112.0617729, 33.4513507 ] ] } },
{ "type": "Feature", "properties": { "name": "East Van Buren Street", "highway": "primary" }, "geometry": { "type": "LineString", "coordinates": [ [ -112.0617729, 33.4513507 ], [ -112.061995, 33.4513507 ], [ -112.062072, 33.4513509 ] ] } },
{ "type": "Feature", "properties": { "name": null, "highway": "footway" }, "geometry": { "type": "LineString", "coordinates": [ [ -112.0615728, 33.4515585 ], [ -112.0616559, 33.4515574 ], [ -112.0618015, 33.4515555 ], [ -112.0619512, 33.4515535 ], [ -112.0619765, 33.451553 ] ] } },
{ "type": "Feature", "properties": { "name": null, "highway": "footway" }, "geometry": { "type": "LineString", "coordinates": [ [ -112.0618015, 33.4515555 ], [ -112.0618015, 33.4516357 ] ] } },
{ "type": "Feature", "properties": { "name": null, "highway": "footway" }, "geometry": { "type": "LineString", "coordinates": [ [ -112.0616559, 33.4515574 ], [ -112.0616573, 33.4516369 ] ] } },
{ "type": "Feature", "properties": { "name": null, "highway": "footway" }, "geometry": { "type": "LineString", "coordinates": [ [ -112.0615507, 33.4514667 ], [ -112.061552, 33.4515227 ], [ -112.0615614, 33.451539 ], [ -112.0615728, 33.4515585 ], [ -112.0612624, 33.4517633 ] ] } },
{ "type": "Feature", "properties": { "name": null, "highway": "footway" }, "geometry": { "type": "LineString", "coordinates": [ [ -112.0612624, 33.4517633 ], [ -112.061324400000018, 33.45183080000001 ] ] } },
{ "type": "Feature", "properties": { "name": null, "highway": "footway" }, "geometry": { "type": "LineString", "coordinates": [ [ -112.061324400000018, 33.45183080000001 ], [ -112.0613512, 33.4518604 ] ] } },
{ "type": "Feature", "properties": { "name": null, "highway": "footway" }, "geometry": { "type": "LineString", "coordinates": [ [ -112.061324400000018, 33.45183080000001 ], [ -112.0613331, 33.4518255 ], [ -112.0613602, 33.4518177 ], [ -112.0613888, 33.4518169 ], [ -112.0614165, 33.4518232 ], [ -112.0614406, 33.4518361 ], [ -112.0614592, 33.4518543 ], [ -112.0614705, 33.4518762 ], [ -112.0614736, 33.4519 ], [ -112.0614681, 33.4519234 ], [ -112.061454600000019, 33.4519445 ], [ -112.0614342, 33.4519613 ] ] } },
{ "type": "Feature", "properties": { "name": null, "highway": "footway" }, "geometry": { "type": "LineString", "coordinates": [ [ -112.0614342, 33.4519613 ], [ -112.0614088, 33.4519724 ], [ -112.0613806, 33.4519767 ], [ -112.0613522, 33.4519739 ], [ -112.061326, 33.4519642 ], [ -112.0613044, 33.451948499999986 ], [ -112.0612893, 33.4519282 ], [ -112.061282, 33.4519051 ], [ -112.0612833, 33.4518812 ], [ -112.0612929, 33.4518587 ], [ -112.06131, 33.4518396 ], [ -112.061324400000018, 33.45183080000001 ] ] } },
{ "type": "Feature", "properties": { "name": "East Van Buren Street", "highway": "primary" }, "geometry": { "type": "LineString", "coordinates": [ [ -112.062072, 33.4513509 ], [ -112.0621873, 33.4513527 ], [ -112.0623514, 33.4513516 ], [ -112.0625508, 33.451352 ] ] } },
{ "type": "Feature", "properties": { "name": null, "highway": "service" }, "geometry": { "type": "LineString", "coordinates": [ [ -112.063229, 33.451464 ], [ -112.063231, 33.4513536 ] ] } },
{ "type": "Feature", "properties": { "name": null, "highway": "footway" }, "geometry": { "type": "LineString", "coordinates": [ [ -112.0620149, 33.4514472 ], [ -112.0620734, 33.4514469 ], [ -112.0621767, 33.451446 ] ] } },
{ "type": "Feature", "properties": { "name": null, "highway": "service" }, "geometry": { "type": "LineString", "coordinates": [ [ -112.0623514, 33.4513516 ], [ -112.0623498, 33.4514618 ], [ -112.06234950000001, 33.4515432 ] ] } },
{ "type": "Feature", "properties": { "name": null, "highway": "footway" }, "geometry": { "type": "LineString", "coordinates": [ [ -112.0621767, 33.451446 ], [ -112.0621884, 33.4514522 ] ] } },
{ "type": "Feature", "properties": { "name": null, "highway": "footway" }, "geometry": { "type": "LineString", "coordinates": [ [ -112.0619768, 33.451457 ], [ -112.0620149, 33.4514472 ] ] } },
{ "type": "Feature", "properties": { "name": null, "highway": "service" }, "geometry": { "type": "LineString", "coordinates": [ [ -112.062348300000011, 33.4515975 ], [ -112.0624527, 33.4516191 ], [ -112.0627644, 33.4516205 ], [ -112.0628256, 33.4516578 ] ] } },
{ "type": "Feature", "properties": { "name": null, "highway": "service" }, "geometry": { "type": "LineString", "coordinates": [ [ -112.0629413, 33.4516572 ], [ -112.0630622, 33.4516064 ], [ -112.0631591, 33.4516054 ], [ -112.0632313, 33.45160460000001 ] ] } },
{ "type": "Feature", "properties": { "name": null, "highway": "service" }, "geometry": { "type": "LineString", "coordinates": [ [ -112.0628256, 33.4516578 ], [ -112.0629413, 33.4516572 ] ] } },
{ "type": "Feature", "properties": { "name": null, "highway": "service" }, "geometry": { "type": "LineString", "coordinates": [ [ -112.06221170000002, 33.452109 ], [ -112.062343, 33.4521369 ], [ -112.0632379, 33.4521289 ], [ -112.0632313, 33.45160460000001 ], [ -112.063229, 33.451464 ] ] } },
{ "type": "Feature", "properties": { "name": null, "highway": "service" }, "geometry": { "type": "LineString", "coordinates": [ [ -112.0620699, 33.451926700000016 ], [ -112.061972, 33.4519261 ], [ -112.061966, 33.4519261 ], [ -112.0616707, 33.4519256 ] ] } },
{ "type": "Feature", "properties": { "name": null, "highway": "footway" }, "geometry": { "type": "LineString", "coordinates": [ [ -112.0614342, 33.4519613 ], [ -112.061414, 33.4519355 ] ] } },
{ "type": "Feature", "properties": { "name": null, "highway": "footway" }, "geometry": { "type": "LineString", "coordinates": [ [ -112.0615222, 33.4521272 ], [ -112.0617311, 33.4521295 ], [ -112.061852800000011, 33.4521292 ], [ -112.0618518, 33.4521911 ] ] } },
{ "type": "Feature", "properties": { "name": null, "highway": "service" }, "geometry": { "type": "LineString", "coordinates": [ [ -112.062068, 33.4521915 ], [ -112.061971, 33.4521913 ], [ -112.0618518, 33.4521911 ], [ -112.0618238, 33.4521911 ] ] } },
{ "type": "Feature", "properties": { "name": null, "highway": "footway" }, "geometry": { "type": "LineString", "coordinates": [ [ -112.0617285, 33.4524965 ], [ -112.0617887, 33.4525583 ], [ -112.0618008, 33.4525678 ], [ -112.0618216, 33.4525695 ], [ -112.0618384, 33.4525678 ], [ -112.0618638, 33.4525645 ], [ -112.0618974, 33.452565599999986 ], [ -112.0619195, 33.452567799999983 ], [ -112.0619389, 33.4525745 ], [ -112.0619463, 33.4525829 ], [ -112.0619544, 33.4525902 ], [ -112.061955, 33.452760299999987 ], [ -112.061947, 33.4527804 ], [ -112.0619376, 33.4527964 ], [ -112.0619208, 33.4528101 ], [ -112.0619051, 33.4528168 ], [ -112.0618907, 33.4528146 ], [ -112.0618789, 33.4528101 ], [ -112.0618699, 33.4528042 ], [ -112.0618538, 33.4527994 ], [ -112.061832, 33.4527992 ], [ -112.0618099, 33.4527997 ], [ -112.06179010000001, 33.4528059 ], [ -112.061761600000011, 33.4528154 ], [ -112.0614813, 33.4528143 ], [ -112.0614612, 33.45280420000001 ], [ -112.0614451, 33.4527894 ], [ -112.0614313, 33.4527771 ], [ -112.0614052, 33.4527678 ], [ -112.0613894, 33.452765 ], [ -112.061376, 33.4527656 ], [ -112.0613599, 33.4527664 ], [ -112.0613458, 33.4527729 ], [ -112.061332400000012, 33.4527824 ], [ -112.0613157, 33.4527955 ], [ -112.0612989, 33.4528098 ], [ -112.0612831, 33.4528143 ], [ -112.0611953, 33.4528148 ], [ -112.0611782, 33.4528076 ], [ -112.0611601, 33.4528042 ], [ -112.0611494, 33.45280420000001 ], [ -112.0611326, 33.4528076 ], [ -112.0611125, 33.4528143 ], [ -112.0611018, 33.4528171 ], [ -112.0610344, 33.452814 ], [ -112.0610169, 33.4528039 ], [ -112.0610015, 33.4527902 ], [ -112.0609894, 33.4527759 ], [ -112.0609727, 33.4527659 ], [ -112.0609552, 33.4527566 ], [ -112.060899600000013, 33.452729 ], [ -112.0608875, 33.4527183 ], [ -112.0608741, 33.452699599999988 ], [ -112.0608573, 33.4526769 ], [ -112.0608335, 33.4526324 ], [ -112.0608315, 33.4526204 ], [ -112.0608312, 33.4521684 ], [ -112.0608379, 33.4521566 ], [ -112.0608473, 33.4521482 ], [ -112.0608634, 33.4521404 ], [ -112.0608801, 33.4521314 ], [ -112.060899600000013, 33.4521119 ], [ -112.0609143, 33.4520912 ], [ -112.060921, 33.4520705 ], [ -112.0609244, 33.4520486 ], [ -112.060921, 33.4520257 ], [ -112.0609157, 33.4520039 ], [ -112.0609063, 33.4519882 ], [ -112.0608915, 33.4519748 ], [ -112.0608721, 33.4519558 ], [ -112.060864, 33.4519356 ], [ -112.0608614, 33.4516839 ], [ -112.0611899, 33.451685 ], [ -112.0612624, 33.4517633 ] ] } },
{ "type": "Feature", "properties": { "name": null, "highway": "footway" }, "geometry": { "type": "LineString", "coordinates": [ [ -112.0617285, 33.4524965 ], [ -112.0615178, 33.4526294 ], [ -112.0615222, 33.4521272 ], [ -112.0615225, 33.4520872 ], [ -112.0615212, 33.452071599999982 ], [ -112.0615118, 33.4520492 ], [ -112.0614997, 33.4520296 ], [ -112.061481, 33.4520112 ], [ -112.061458200000018, 33.4519865 ], [ -112.0614342, 33.4519613 ] ] } },
{ "type": "Feature", "properties": { "name": null, "highway": "service" }, "geometry": { "type": "LineString", "coordinates": [ [ -112.0618238, 33.4521911 ], [ -112.0618234, 33.452404799999989 ] ] } },
{ "type": "Feature", "properties": { "name": null, "highway": "service" }, "geometry": { "type": "LineString", "coordinates": [ [ -112.0618234, 33.452404799999989 ], [ -112.061972, 33.452405 ], [ -112.0620659, 33.4524052 ] ] } },
{ "type": "Feature", "properties": { "name": null, "highway": "footway" }, "geometry": { "type": "LineString", "coordinates": [ [ -112.0619731, 33.4524554 ], [ -112.0618015, 33.4524565 ], [ -112.061743100000015, 33.4524873 ], [ -112.0617285, 33.4524965 ] ] } },
{ "type": "Feature", "properties": { "name": null, "highway": "footway" }, "geometry": { "type": "LineString", "coordinates": [ [ -112.0615178, 33.4526294 ], [ -112.0613938, 33.4527088 ], [ -112.0613784, 33.452723400000011 ], [ -112.061376, 33.4527656 ], [ -112.061376, 33.4528225 ] ] } },
{ "type": "Feature", "properties": { "name": null, "highway": "service" }, "geometry": { "type": "LineString", "coordinates": [ [ -112.0634588, 33.4519636 ], [ -112.0634595, 33.4518934 ], [ -112.0634612, 33.451728299999985 ], [ -112.0634631, 33.4515474 ], [ -112.0634643, 33.451441 ], [ -112.063465, 33.4513542 ] ] } },
{ "type": "Feature", "properties": { "name": null, "highway": "service" }, "geometry": { "type": "LineString", "coordinates": [ [ -112.063393, 33.451963200000016 ], [ -112.0634588, 33.4519636 ], [ -112.0636503, 33.451965 ], [ -112.063959, 33.4519672 ], [ -112.0639572, 33.452139699999982 ], [ -112.0636486, 33.4521375 ], [ -112.063397, 33.452135699999985 ] ] } },
{ "type": "Feature", "properties": { "name": null, "highway": "service" }, "geometry": { "type": "LineString", "coordinates": [ [ -112.0636464, 33.4523501 ], [ -112.0636466, 33.4522831 ], [ -112.0636486, 33.4521375 ], [ -112.0636503, 33.451965 ] ] } },
{ "type": "Feature", "properties": { "name": null, "highway": "service" }, "geometry": { "type": "LineString", "coordinates": [ [ -112.0639572, 33.452139699999982 ], [ -112.0643822, 33.4521397 ], [ -112.064384100000012, 33.4522856 ], [ -112.0643854, 33.4523501 ] ] } },
{ "type": "Feature", "properties": { "name": null, "highway": "footway" }, "geometry": { "type": "LineString", "coordinates": [ [ -112.065012200000012, 33.4522829 ], [ -112.064384100000012, 33.4522856 ], [ -112.0636466, 33.4522831 ], [ -112.0621881, 33.4522807 ] ] } },
{ "type": "Feature", "properties": { "name": "East Polk Street", "highway": "residential" }, "geometry": { "type": "LineString", "coordinates": [ [ -112.0651767, 33.4523501 ], [ -112.0650152, 33.4523499 ], [ -112.0649765, 33.4523501 ], [ -112.0645751, 33.4523501 ], [ -112.0643854, 33.4523501 ], [ -112.0639634, 33.4523501 ], [ -112.0636464, 33.4523501 ], [ -112.0621736, 33.4523494 ], [ -112.0620655, 33.45235 ] ] } },
{ "type": "Feature", "properties": { "name": null, "highway": "footway" }, "geometry": { "type": "LineString", "coordinates": [ [ -112.065019, 33.4524117 ], [ -112.06499, 33.4523975 ], [ -112.0645853, 33.4523964 ], [ -112.0645052, 33.4523961 ], [ -112.063964, 33.4523995 ], [ -112.0621635, 33.452399199999988 ] ] } },
{ "type": "Feature", "properties": { "name": null, "highway": "service" }, "geometry": { "type": "LineString", "coordinates": [ [ -112.0645751, 33.4523501 ], [ -112.0645853, 33.4523964 ], [ -112.0645956, 33.4524399 ], [ -112.0645993, 33.4524562 ], [ -112.0647119, 33.4525725 ], [ -112.0648353, 33.4526867 ], [ -112.0648648, 33.4527538 ], [ -112.064865, 33.4527785 ] ] } },
{ "type": "Feature", "properties": { "name": null, "highway": "service" }, "geometry": { "type": "LineString", "coordinates": [ [ -112.0639634, 33.4523501 ], [ -112.063964, 33.4523995 ], [ -112.0639657, 33.4524455 ], [ -112.0640055, 33.4525301 ], [ -112.064121700000015, 33.4527591 ], [ -112.0641183, 33.4529348 ], [ -112.0641207, 33.4531366 ] ] } },
{ "type": "Feature", "properties": { "name": null, "highway": "footway" }, "geometry": { "type": "LineString", "coordinates": [ [ -112.0645052, 33.4523961 ], [ -112.0645058, 33.452444 ], [ -112.0645122, 33.4524621 ], [ -112.0645365, 33.4524951 ], [ -112.064598300000014, 33.4525478 ], [ -112.0647017, 33.4526309 ], [ -112.0647515, 33.4526745 ], [ -112.0647572, 33.4527096 ], [ -112.064754600000015, 33.4531563 ], [ -112.0647535, 33.4536236 ], [ -112.064753400000015, 33.4536997 ] ] } },
{ "type": "Feature", "properties": { "name": null, "highway": "service" }, "geometry": { "type": "LineString", "coordinates": [ [ -112.06234950000001, 33.4515432 ], [ -112.062348300000011, 33.4515975 ], [ -112.062343, 33.4521369 ] ] } },
{ "type": "Feature", "properties": { "name": null, "highway": "footway" }, "geometry": { "type": "LineString", "coordinates": [ [ -112.0621881, 33.4522807 ], [ -112.0621883, 33.452110499999989 ], [ -112.0621953, 33.4515299 ], [ -112.0621831, 33.4515031 ], [ -112.0621574, 33.4514747 ], [ -112.0621884, 33.4514522 ] ] } },
{ "type": "Feature", "properties": { "name": null, "highway": "service" }, "geometry": { "type": "LineString", "coordinates": [ [ -112.0620691, 33.4521184 ], [ -112.0621883, 33.452110499999989 ], [ -112.06221170000002, 33.452109 ] ] } },
{ "type": "Feature", "properties": { "name": null, "highway": "footway" }, "geometry": { "type": "LineString", "coordinates": [ [ -112.0619718, 33.4522789 ], [ -112.0620266, 33.4522785 ] ] } },
{ "type": "Feature", "properties": { "name": null, "highway": "footway" }, "geometry": { "type": "LineString", "coordinates": [ [ -112.062149, 33.452279 ], [ -112.062066, 33.4522786 ], [ -112.0620266, 33.4522785 ] ] } },
{ "type": "Feature", "properties": { "name": null, "highway": "footway" }, "geometry": { "type": "LineString", "coordinates": [ [ -112.0621858, 33.4523051 ], [ -112.0621881, 33.4522807 ], [ -112.062149, 33.452279 ] ] } },
{ "type": "Feature", "properties": { "name": null, "highway": "footway" }, "geometry": { "type": "LineString", "coordinates": [ [ -112.0621644, 33.4523923 ], [ -112.0621736, 33.4523494 ], [ -112.0621858, 33.4523051 ] ] } },
{ "type": "Feature", "properties": { "name": null, "highway": "footway" }, "geometry": { "type": "LineString", "coordinates": [ [ -112.0621644, 33.4523923 ], [ -112.0621635, 33.452399199999988 ] ] } },
{ "type": "Feature", "properties": { "name": null, "highway": "footway" }, "geometry": { "type": "LineString", "coordinates": [ [ -112.0620026, 33.4528386 ], [ -112.062002, 33.4528955 ], [ -112.0620042, 33.4529637 ] ] } },
{ "type": "Feature", "properties": { "name": "North 9th Street", "highway": "residential" }, "geometry": { "type": "LineString", "coordinates": [ [ -112.062072, 33.4513509 ], [ -112.0620734, 33.4514469 ], [ -112.0620699, 33.451926700000016 ], [ -112.0620691, 33.4521184 ], [ -112.062068, 33.4521915 ], [ -112.062066, 33.4522786 ], [ -112.0620655, 33.45235 ], [ -112.0620659, 33.4524052 ], [ -112.0620668, 33.452539 ], [ -112.0620698, 33.4528953 ], [ -112.0620699, 33.452966 ], [ -112.062069400000013, 33.4533865 ], [ -112.062069, 33.4538658 ], [ -112.0620688, 33.4539456 ], [ -112.0620686, 33.4543455 ], [ -112.0620689, 33.4545144 ], [ -112.0620684, 33.4545767 ] ] } },
{ "type": "Feature", "properties": { "name": null, "highway": "footway" }, "geometry": { "type": "LineString", "coordinates": [ [ -112.0620042, 33.4529637 ], [ -112.0620699, 33.452966 ], [ -112.0621412, 33.4529677 ] ] } },
{ "type": "Feature", "properties": { "name": null, "highway": "footway" }, "geometry": { "type": "LineString", "coordinates": [ [ -112.0621412, 33.4529677 ], [ -112.0621519, 33.4529691 ] ] } },
{ "type": "Feature", "properties": { "name": null, "highway": "footway" }, "geometry": { "type": "LineString", "coordinates": [ [ -112.0621817, 33.454508899999986 ], [ -112.0621453, 33.4544643 ], [ -112.0621479, 33.45394550000001 ], [ -112.0621519, 33.4529691 ], [ -112.062148600000015, 33.4524311 ], [ -112.0621635, 33.452399199999988 ] ] } },
{ "type": "Feature", "properties": { "name": null, "highway": "footway" }, "geometry": { "type": "LineString", "coordinates": [ [ -112.0620206, 33.4539441 ], [ -112.0620688, 33.4539456 ], [ -112.0621383, 33.453946 ] ] } },
{ "type": "Feature", "properties": { "name": null, "highway": "footway" }, "geometry": { "type": "LineString", "coordinates": [ [ -112.0621383, 33.453946 ], [ -112.0621479, 33.45394550000001 ] ] } },
{ "type": "Feature", "properties": { "name": null, "highway": "service" }, "geometry": { "type": "LineString", "coordinates": [ [ -112.0632986, 33.454401 ], [ -112.0630556, 33.4543974 ], [ -112.0630511, 33.4542115 ], [ -112.0632901, 33.4542132 ], [ -112.0632937, 33.4542718 ] ] } },
{ "type": "Feature", "properties": { "name": null, "highway": "footway" }, "geometry": { "type": "LineString", "coordinates": [ [ -112.062023200000013, 33.4545186 ], [ -112.0620689, 33.4545144 ], [ -112.062149, 33.454507 ] ] } },
{ "type": "Feature", "properties": { "name": null, "highway": "footway" }, "geometry": { "type": "LineString", "coordinates": [ [ -112.0621768, 33.454524 ], [ -112.0621817, 33.454508899999986 ], [ -112.062149, 33.454507 ] ] } },
{ "type": "Feature", "properties": { "name": null, "highway": "footway" }, "geometry": { "type": "LineString", "coordinates": [ [ -112.0621623, 33.4546323 ], [ -112.0621696, 33.454578 ], [ -112.0621768, 33.454524 ] ] } },
{ "type": "Feature", "properties": { "name": null, "highway": "footway" }, "geometry": { "type": "LineString", "coordinates": [ [ -112.0621746, 33.454648699999986 ], [ -112.0621623, 33.4546323 ] ] } },
{ "type": "Feature", "properties": { "name": null, "highway": "footway" }, "geometry": { "type": "LineString", "coordinates": [ [ -112.0620026, 33.4528386 ], [ -112.061978200000013, 33.45282060000001 ] ] } },
{ "type": "Feature", "properties": { "name": null, "highway": "footway" }, "geometry": { "type": "LineString", "coordinates": [ [ -112.0620042, 33.4529637 ], [ -112.0619683, 33.4529737 ], [ -112.0617269, 33.4529735 ], [ -112.0606302, 33.4529725 ] ] } },
{ "type": "Feature", "properties": { "name": null, "highway": "footway" }, "geometry": { "type": "LineString", "coordinates": [ [ -112.0619643, 33.4533573 ], [ -112.0619683, 33.4529737 ] ] } },
{ "type": "Feature", "properties": { "name": null, "highway": "service" }, "geometry": { "type": "LineString", "coordinates": [ [ -112.0617269, 33.4538669 ], [ -112.0617267, 33.4537925 ], [ -112.0617321, 33.453385299999987 ], [ -112.0617269, 33.4529735 ], [ -112.0617279, 33.4528962 ] ] } },
{ "type": "Feature", "properties": { "name": null, "highway": "footway" }, "geometry": { "type": "LineString", "coordinates": [ [ -112.061964, 33.4534024 ], [ -112.061964, 33.4533861 ], [ -112.0619643, 33.4533573 ] ] } },
{ "type": "Feature", "properties": { "name": null, "highway": "footway" }, "geometry": { "type": "LineString", "coordinates": [ [ -112.0619663, 33.4538192 ], [ -112.0619662, 33.4537924 ], [ -112.061964, 33.4534024 ] ] } },
{ "type": "Feature", "properties": { "name": null, "highway": "footway" }, "geometry": { "type": "LineString", "coordinates": [ [ -112.0606298, 33.453793 ], [ -112.0617267, 33.4537925 ], [ -112.0619662, 33.4537924 ] ] } },
{ "type": "Feature", "properties": { "name": null, "highway": "footway" }, "geometry": { "type": "LineString", "coordinates": [ [ -112.0619663, 33.4538192 ], [ -112.0619658, 33.4538661 ], [ -112.0619672, 33.4539126 ] ] } },
{ "type": "Feature", "properties": { "name": null, "highway": "footway" }, "geometry": { "type": "LineString", "coordinates": [ [ -112.0620206, 33.4539441 ], [ -112.0619671, 33.453943899999985 ], [ -112.0606291, 33.4539396 ] ] } },
{ "type": "Feature", "properties": { "name": null, "highway": "footway" }, "geometry": { "type": "LineString", "coordinates": [ [ -112.061966, 33.4543256 ], [ -112.0619671, 33.453943899999985 ], [ -112.0619672, 33.4539126 ] ] } },
{ "type": "Feature", "properties": { "name": null, "highway": "footway" }, "geometry": { "type": "LineString", "coordinates": [ [ -112.0647535, 33.4536236 ], [ -112.064790400000021, 33.4536236 ], [ -112.064791600000021, 33.453655500000011 ], [ -112.064794800000016, 33.4536672 ], [ -112.064805, 33.4536811 ], [ -112.0648261, 33.4537018 ], [ -112.0648548, 33.4537311 ], [ -112.0648669, 33.4537609 ], [ -112.0648688, 33.4537886 ], [ -112.0648695, 33.4538301 ], [ -112.0648669, 33.45412850000001 ], [ -112.0648605, 33.4541471 ], [ -112.0648471, 33.4541726 ], [ -112.0648133, 33.4542046 ], [ -112.0647929, 33.454211 ], [ -112.0647616, 33.4542156 ], [ -112.0647026, 33.454216 ], [ -112.0646419, 33.4542158 ], [ -112.0644232, 33.4542155 ], [ -112.0642787, 33.454215199999986 ], [ -112.0633708, 33.4542149 ], [ -112.0633472, 33.454169 ], [ -112.0632638, 33.4541687 ] ] } },
{ "type": "Feature", "properties": { "name": null, "highway": "service" }, "geometry": { "type": "LineString", "coordinates": [ [ -112.0648648, 33.453612199999988 ], [ -112.0648648, 33.4536467 ], [ -112.0648863, 33.4536937 ], [ -112.0649154, 33.4537615 ], [ -112.064922600000017, 33.4538556 ], [ -112.064923800000017, 33.453973399999988 ], [ -112.0649077, 33.4541681 ], [ -112.0648326, 33.454242 ], [ -112.0646985, 33.4542666 ] ] } },
{ "type": "Feature", "properties": { "name": null, "highway": "footway" }, "geometry": { "type": "LineString", "coordinates": [ [ -112.0648669, 33.45412850000001 ], [ -112.0646424, 33.4541267 ], [ -112.0644475, 33.4541252 ], [ -112.0644317, 33.4541448 ], [ -112.0644227, 33.4541557 ], [ -112.0644232, 33.4542155 ] ] } },
{ "type": "Feature", "properties": { "name": null, "highway": "footway" }, "geometry": { "type": "LineString", "coordinates": [ [ -112.0646419, 33.4542158 ], [ -112.0646424, 33.4541267 ] ] } },
{ "type": "Feature", "properties": { "name": null, "highway": "service" }, "geometry": { "type": "LineString", "coordinates": [ [ -112.0646985, 33.4542666 ], [ -112.0640098, 33.4542716 ], [ -112.0635041, 33.454270100000016 ], [ -112.0632937, 33.4542718 ] ] } },
{ "type": "Feature", "properties": { "name": null, "highway": "service" }, "geometry": { "type": "LineString", "coordinates": [ [ -112.0647026, 33.4543983 ], [ -112.0632986, 33.454401 ] ] } },
{ "type": "Feature", "properties": { "name": null, "highway": "service" }, "geometry": { "type": "LineString", "coordinates": [ [ -112.0632937, 33.4542718 ], [ -112.0632986, 33.454401 ], [ -112.0633018, 33.4544843 ], [ -112.063302300000018, 33.4545213 ], [ -112.0633049, 33.4545677 ] ] } },
{ "type": "Feature", "properties": { "name": null, "highway": "service" }, "geometry": { "type": "LineString", "coordinates": [ [ -112.0647077, 33.4545575 ], [ -112.0647059, 33.4545192 ], [ -112.0647055, 33.4544905 ], [ -112.0647026, 33.4543983 ], [ -112.0646985, 33.4542666 ] ] } },
{ "type": "Feature", "properties": { "name": null, "highway": "footway" }, "geometry": { "type": "LineString", "coordinates": [ [ -112.0650887, 33.4544608 ], [ -112.0650444, 33.4545057 ], [ -112.0649964, 33.454518699999987 ], [ -112.0647059, 33.4545192 ], [ -112.063302300000018, 33.4545213 ], [ -112.0622119, 33.454518899999982 ], [ -112.0621817, 33.454508899999986 ] ] } },
{ "type": "Feature", "properties": { "name": "East Fillmore Street", "highway": "residential" }, "geometry": { "type": "LineString", "coordinates": [ [ -112.0647077, 33.4545575 ], [ -112.064593, 33.4545583 ], [ -112.0637972, 33.4545642 ], [ -112.063568, 33.4545658 ], [ -112.0633049, 33.4545677 ], [ -112.0621696, 33.454578 ], [ -112.0620684, 33.4545767 ] ] } },
{ "type": "Feature", "properties": { "name": null, "highway": "footway" }, "geometry": { "type": "LineString", "coordinates": [ [ -112.0652938, 33.449447599999985 ], [ -112.065438, 33.4494388 ], [ -112.065669, 33.4494371 ], [ -112.065741, 33.4494365 ], [ -112.0658934, 33.4494354 ], [ -112.065919, 33.4494352 ], [ -112.0660357, 33.4494344 ], [ -112.066112, 33.4494338 ] ] } },
{ "type": "Feature", "properties": { "name": null, "highway": "footway" }, "geometry": { "type": "LineString", "coordinates": [ [ -112.065438, 33.4494388 ], [ -112.065439, 33.449501 ] ] } },
{ "type": "Feature", "properties": { "name": null, "highway": "footway" }, "geometry": { "type": "LineString", "coordinates": [ [ -112.0658543, 33.4495178 ], [ -112.0658934, 33.4494354 ] ] } },
{ "type": "Feature", "properties": { "name": null, "highway": "footway" }, "geometry": { "type": "LineString", "coordinates": [ [ -112.065669, 33.4494371 ], [ -112.06567, 33.4495295 ] ] } },
{ "type": "Feature", "properties": { "name": null, "highway": "footway" }, "geometry": { "type": "LineString", "coordinates": [ [ -112.0659299, 33.4495282 ], [ -112.0659192, 33.4495281 ], [ -112.065919, 33.4494352 ] ] } },
{ "type": "Feature", "properties": { "name": null, "highway": "footway" }, "geometry": { "type": "LineString", "coordinates": [ [ -112.065741, 33.4494365 ], [ -112.065742400000019, 33.4496692 ], [ -112.0657451, 33.4497587 ] ] } },
{ "type": "Feature", "properties": { "name": null, "highway": "footway" }, "geometry": { "type": "LineString", "coordinates": [ [ -112.0659192, 33.4495281 ], [ -112.0659183, 33.4496703 ], [ -112.065921, 33.449866 ] ] } },
{ "type": "Feature", "properties": { "name": null, "highway": "footway" }, "geometry": { "type": "LineString", "coordinates": [ [ -112.065742400000019, 33.4496692 ], [ -112.0659183, 33.4496703 ], [ -112.066083, 33.44966920000001 ], [ -112.066087, 33.4497553 ], [ -112.066089, 33.4498649 ] ] } },
{ "type": "Feature", "properties": { "name": null, "highway": "footway" }, "geometry": { "type": "LineString", "coordinates": [ [ -112.06587, 33.449866299999989 ], [ -112.0658322, 33.4498113 ], [ -112.0657451, 33.4497587 ], [ -112.0656244, 33.4497016 ], [ -112.0652728, 33.4497033 ] ] } },
{ "type": "Feature", "properties": { "name": null, "highway": "footway" }, "geometry": { "type": "LineString", "coordinates": [ [ -112.06561, 33.4498679 ], [ -112.06587, 33.449866299999989 ], [ -112.065921, 33.449866 ], [ -112.065948, 33.4498658 ], [ -112.066089, 33.4498649 ], [ -112.0661151, 33.4498656 ], [ -112.0661827, 33.4498644 ] ] } },
{ "type": "Feature", "properties": { "name": null, "highway": "footway" }, "geometry": { "type": "LineString", "coordinates": [ [ -112.0663332, 33.4496308 ], [ -112.0666484, 33.4495862 ], [ -112.0666564, 33.4496033 ] ] } },
{ "type": "Feature", "properties": { "name": null, "highway": "footway" }, "geometry": { "type": "LineString", "coordinates": [ [ -112.0669125, 33.4489952 ], [ -112.0665299, 33.4493836 ], [ -112.0664256, 33.4494196 ], [ -112.0663324, 33.4495645 ], [ -112.0663332, 33.4496308 ], [ -112.0663343, 33.4496909 ], [ -112.0663366, 33.4498131 ], [ -112.0663466, 33.4503202 ] ] } },
{ "type": "Feature", "properties": { "name": null, "highway": "footway" }, "geometry": { "type": "LineString", "coordinates": [ [ -112.0663343, 33.4496909 ], [ -112.0664305, 33.4498029 ] ] } },
{ "type": "Feature", "properties": { "name": null, "highway": "footway" }, "geometry": { "type": "LineString", "coordinates": [ [ -112.0661797, 33.4497555 ], [ -112.066087, 33.4497553 ], [ -112.0660822, 33.4497548 ] ] } },
{ "type": "Feature", "properties": { "name": "North 6th Street", "highway": "pedestrian" }, "geometry": { "type": "LineString", "coordinates": [ [ -112.066251, 33.4493661 ], [ -112.0662661, 33.4502418 ] ] } },
{ "type": "Feature", "properties": { "name": null, "highway": "footway" }, "geometry": { "type": "LineString", "coordinates": [ [ -112.0663366, 33.4498131 ], [ -112.0663648, 33.4498131 ] ] } },
{ "type": "Feature", "properties": { "name": null, "highway": "steps" }, "geometry": { "type": "LineString", "coordinates": [ [ -112.0663648, 33.4498131 ], [ -112.0663813, 33.4498131 ] ] } },
{ "type": "Feature", "properties": { "name": null, "highway": "footway" }, "geometry": { "type": "LineString", "coordinates": [ [ -112.0663813, 33.4498131 ], [ -112.0664302, 33.4498132 ], [ -112.066442400000014, 33.4498131 ] ] } },
{ "type": "Feature", "properties": { "name": null, "highway": "footway" }, "geometry": { "type": "LineString", "coordinates": [ [ -112.0664305, 33.4498029 ], [ -112.0664302, 33.4498132 ], [ -112.0664298, 33.4498251 ] ] } },
{ "type": "Feature", "properties": { "name": null, "highway": "steps" }, "geometry": { "type": "LineString", "coordinates": [ [ -112.0664298, 33.4498251 ], [ -112.0664324, 33.4498803 ] ] } },
{ "type": "Feature", "properties": { "name": "South 7th Street", "highway": "primary" }, "geometry": { "type": "LineString", "coordinates": [ [ -112.0651133, 33.4489905 ], [ -112.0651207, 33.4492635 ] ] } },
{ "type": "Feature", "properties": { "name": "South 7th Street", "highway": "primary" }, "geometry": { "type": "LineString", "coordinates": [ [ -112.0651207, 33.4492635 ], [ -112.0651225, 33.449374 ], [ -112.0651239, 33.4495123 ] ] } },
{ "type": "Feature", "properties": { "name": "North 7th Street", "highway": "primary" }, "geometry": { "type": "LineString", "coordinates": [ [ -112.0651239, 33.4495123 ], [ -112.065113100000019, 33.4498391 ], [ -112.0651141, 33.44993 ], [ -112.065119100000018, 33.450392 ] ] } },
{ "type": "Feature", "properties": { "name": null, "highway": "footway" }, "geometry": { "type": "LineString", "coordinates": [ [ -112.0649851, 33.4504535 ], [ -112.0649941, 33.450453 ] ] } },
{ "type": "Feature", "properties": { "name": null, "highway": "footway" }, "geometry": { "type": "LineString", "coordinates": [ [ -112.0651031, 33.4504534 ], [ -112.0650462, 33.4504539 ], [ -112.0649941, 33.450453 ] ] } },
{ "type": "Feature", "properties": { "name": null, "highway": "footway" }, "geometry": { "type": "LineString", "coordinates": [ [ -112.065124, 33.4505002 ], [ -112.0651146, 33.4505003 ], [ -112.0651138, 33.4504535 ], [ -112.0651031, 33.4504534 ] ] } },
{ "type": "Feature", "properties": { "name": null, "highway": "footway" }, "geometry": { "type": "LineString", "coordinates": [ [ -112.0652767, 33.4504974 ], [ -112.0652669, 33.4504976 ], [ -112.0651913, 33.4504993 ], [ -112.065124, 33.4505002 ] ] } },
{ "type": "Feature", "properties": { "name": "North 7th Street", "highway": "primary" }, "geometry": { "type": "LineString", "coordinates": [ [ -112.0651304, 33.4506594 ], [ -112.0651945, 33.4505798 ], [ -112.0651913, 33.4504993 ], [ -112.0651888, 33.4504352 ], [ -112.065119100000018, 33.450392 ] ] } },
{ "type": "Feature", "properties": { "name": "North 7th Street", "highway": "primary" }, "geometry": { "type": "LineString", "coordinates": [ [ -112.065119100000018, 33.450392 ], [ -112.0650771, 33.4504113 ], [ -112.0650624, 33.450421699999985 ], [ -112.0650503, 33.4504339 ], [ -112.0650462, 33.4504539 ], [ -112.0650513, 33.4505833 ], [ -112.0651304, 33.4506594 ] ] } },
{ "type": "Feature", "properties": { "name": "North 7th Street", "highway": "primary" }, "geometry": { "type": "LineString", "coordinates": [ [ -112.0651304, 33.4506594 ], [ -112.0651341, 33.4508278 ] ] } },
{ "type": "Feature", "properties": { "name": null, "highway": "footway" }, "geometry": { "type": "LineString", "coordinates": [ [ -112.0664324, 33.4498803 ], [ -112.0664324, 33.4499133 ] ] } },
{ "type": "Feature", "properties": { "name": null, "highway": "footway" }, "geometry": { "type": "LineString", "coordinates": [ [ -112.0661797, 33.4494915 ], [ -112.0661797, 33.4497555 ], [ -112.0661827, 33.4498644 ], [ -112.0661801, 33.4500491 ], [ -112.066184, 33.4503 ], [ -112.0661716, 33.4503247 ] ] } },
{ "type": "Feature", "properties": { "name": null, "highway": "steps" }, "geometry": { "type": "LineString", "coordinates": [ [ -112.0664324, 33.4499133 ], [ -112.066435, 33.4499706 ] ] } },
{ "type": "Feature", "properties": { "name": null, "highway": "footway" }, "geometry": { "type": "LineString", "coordinates": [ [ -112.0661151, 33.4498656 ], [ -112.066116100000016, 33.4499228 ], [ -112.0661154, 33.4500491 ] ] } },
{ "type": "Feature", "properties": { "name": null, "highway": "footway" }, "geometry": { "type": "LineString", "coordinates": [ [ -112.0664353, 33.4499898 ], [ -112.0665048, 33.4499841 ] ] } },
{ "type": "Feature", "properties": { "name": null, "highway": "footway" }, "geometry": { "type": "LineString", "coordinates": [ [ -112.066435, 33.4499706 ], [ -112.0664353, 33.4499898 ], [ -112.0664357, 33.4500134 ] ] } },
{ "type": "Feature", "properties": { "name": null, "highway": "steps" }, "geometry": { "type": "LineString", "coordinates": [ [ -112.0664357, 33.4500134 ], [ -112.0664571, 33.4500686 ] ] } },
{ "type": "Feature", "properties": { "name": null, "highway": "footway" }, "geometry": { "type": "LineString", "coordinates": [ [ -112.0664571, 33.4500686 ], [ -112.0664668, 33.450094 ] ] } },
{ "type": "Feature", "properties": { "name": null, "highway": "steps" }, "geometry": { "type": "LineString", "coordinates": [ [ -112.0664668, 33.450094 ], [ -112.0665053, 33.4501708 ] ] } },
{ "type": "Feature", "properties": { "name": null, "highway": "footway" }, "geometry": { "type": "LineString", "coordinates": [ [ -112.066118100000011, 33.4502998 ], [ -112.066116, 33.4502149 ], [ -112.0661154, 33.4500491 ] ] } },
{ "type": "Feature", "properties": { "name": null, "highway": "footway" }, "geometry": { "type": "LineString", "coordinates": [ [ -112.0653094, 33.4503589 ], [ -112.0653082, 33.4503483 ], [ -112.0652789, 33.4503307 ], [ -112.0652727, 33.4502979 ], [ -112.0652728, 33.4497033 ], [ -112.0652736, 33.4494693 ], [ -112.0652938, 33.449447599999985 ] ] } },
{ "type": "Feature", "properties": { "name": null, "highway": "footway" }, "geometry": { "type": "LineString", "coordinates": [ [ -112.06595, 33.4500468 ], [ -112.065948, 33.4498658 ] ] } },
{ "type": "Feature", "properties": { "name": null, "highway": "footway" }, "geometry": { "type": "LineString", "coordinates": [ [ -112.0661801, 33.4500491 ], [ -112.0661154, 33.4500491 ], [ -112.06595, 33.4500468 ], [ -112.065731, 33.450044 ], [ -112.0656742, 33.4500432 ] ] } },
{ "type": "Feature", "properties": { "name": null, "highway": "footway" }, "geometry": { "type": "LineString", "coordinates": [ [ -112.0656405, 33.4501986 ], [ -112.065676, 33.45018970000001 ], [ -112.0657345, 33.4501904 ], [ -112.0658139, 33.4501924 ] ] } },
{ "type": "Feature", "properties": { "name": null, "highway": "footway" }, "geometry": { "type": "LineString", "coordinates": [ [ -112.065731, 33.450044 ], [ -112.0657345, 33.4501904 ], [ -112.065736, 33.4503001 ], [ -112.0657383, 33.4503519 ] ] } },
{ "type": "Feature", "properties": { "name": null, "highway": "footway" }, "geometry": { "type": "LineString", "coordinates": [ [ -112.065736, 33.4503001 ], [ -112.066118100000011, 33.4502998 ], [ -112.066184, 33.4503 ] ] } },
{ "type": "Feature", "properties": { "name": null, "highway": "footway" }, "geometry": { "type": "LineString", "coordinates": [ [ -112.066192, 33.450324 ], [ -112.0661716, 33.4503247 ], [ -112.066118500000016, 33.4503521 ], [ -112.0657383, 33.4503519 ], [ -112.065362, 33.4503509 ], [ -112.0653082, 33.4503483 ] ] } },
{ "type": "Feature", "properties": { "name": "East Monroe Street", "highway": "residential" }, "geometry": { "type": "LineString", "coordinates": [ [ -112.0658195, 33.450399199999985 ], [ -112.0653071, 33.4504006 ], [ -112.065119100000018, 33.450392 ] ] } },
{ "type": "Feature", "properties": { "name": null, "highway": "footway" }, "geometry": { "type": "LineString", "coordinates": [ [ -112.065305, 33.45044 ], [ -112.0653071, 33.4504006 ], [ -112.0653094, 33.4503589 ] ] } },
{ "type": "Feature", "properties": { "name": null, "highway": "footway" }, "geometry": { "type": "LineString", "coordinates": [ [ -112.065341, 33.450490299999984 ], [ -112.0652905, 33.4504959 ], [ -112.0652767, 33.4504974 ] ] } },
{ "type": "Feature", "properties": { "name": null, "highway": "footway" }, "geometry": { "type": "LineString", "coordinates": [ [ -112.066116, 33.4502149 ], [ -112.066052200000016, 33.4502158 ] ] } },
{ "type": "Feature", "properties": { "name": "North 6th Street", "highway": "residential" }, "geometry": { "type": "LineString", "coordinates": [ [ -112.0662661, 33.4502418 ], [ -112.066267, 33.4503221 ], [ -112.066268, 33.4503973 ] ] } },
{ "type": "Feature", "properties": { "name": null, "highway": "footway" }, "geometry": { "type": "LineString", "coordinates": [ [ -112.0663268, 33.450320499999989 ], [ -112.066267, 33.4503221 ], [ -112.066192, 33.450324 ] ] } },
{ "type": "Feature", "properties": { "name": null, "highway": "footway" }, "geometry": { "type": "LineString", "coordinates": [ [ -112.0673734, 33.450321 ], [ -112.0665653, 33.4503253 ], [ -112.066432, 33.4503271 ], [ -112.0663466, 33.4503202 ], [ -112.0663268, 33.450320499999989 ] ] } },
{ "type": "Feature", "properties": { "name": "East Monroe Street", "highway": "residential" }, "geometry": { "type": "LineString", "coordinates": [ [ -112.068748786456908, 33.45038955506076 ], [ -112.0677807, 33.4503926 ], [ -112.0675715, 33.4503927 ], [ -112.06749, 33.4503935 ], [ -112.0673921, 33.4503938 ], [ -112.0666342, 33.4503967 ], [ -112.066268, 33.4503973 ], [ -112.066196, 33.4503975 ], [ -112.0658195, 33.450399199999985 ] ] } },
{ "type": "Feature", "properties": { "name": null, "highway": "footway" }, "geometry": { "type": "LineString", "coordinates": [ [ -112.0673575, 33.4504751 ], [ -112.0667203, 33.4504802 ], [ -112.0666324, 33.4504868 ], [ -112.0665412, 33.4504822 ], [ -112.0659109, 33.4504862 ], [ -112.0658578, 33.45048640000001 ], [ -112.0658219, 33.4504866 ], [ -112.0657531, 33.4504883 ], [ -112.0656172, 33.4504889 ], [ -112.065341, 33.450490299999984 ], [ -112.065305, 33.45044 ] ] } },
{ "type": "Feature", "properties": { "name": null, "highway": "pedestrian" }, "geometry": { "type": "LineString", "coordinates": [ [ -112.0658195, 33.450399199999985 ], [ -112.0658215, 33.450459600000016 ], [ -112.0658219, 33.4504866 ], [ -112.06582, 33.4505488 ], [ -112.065830800000015, 33.4507091 ], [ -112.0658382, 33.4507304 ], [ -112.0658558, 33.4507756 ], [ -112.0659013, 33.4508257 ], [ -112.0660032, 33.4508852 ], [ -112.06605660000001, 33.4509115 ], [ -112.0661091, 33.4509229 ], [ -112.0661784, 33.4509323 ], [ -112.0662712, 33.4509295 ], [ -112.0663459, 33.4509135 ], [ -112.066467, 33.450861 ], [ -112.0665608, 33.4507929 ], [ -112.0666076, 33.4507104 ], [ -112.066622, 33.4506371 ], [ -112.0666324, 33.4504868 ], [ -112.0666327, 33.45048 ], [ -112.0666343, 33.450450600000018 ], [ -112.0666342, 33.4503967 ] ] } },
{ "type": "Feature", "properties": { "name": null, "highway": "pedestrian" }, "geometry": { "type": "LineString", "coordinates": [ [ -112.0661784, 33.4509323 ], [ -112.066174, 33.451037 ], [ -112.0661767, 33.4512502 ], [ -112.066176400000018, 33.4512616 ], [ -112.0661752, 33.4513076 ], [ -112.06618, 33.4514334 ] ] } },
{ "type": "Feature", "properties": { "name": null, "highway": "footway" }, "geometry": { "type": "LineString", "coordinates": [ [ -112.0673854, 33.4512214 ], [ -112.0673389, 33.4512076 ], [ -112.0673065, 33.4512263 ], [ -112.0672673, 33.4512414 ], [ -112.0672343, 33.4512425 ], [ -112.0670826, 33.4512422 ], [ -112.0670435, 33.4512464 ], [ -112.0670145, 33.4512562 ], [ -112.0669944, 33.451254300000016 ], [ -112.0669512, 33.4512363 ], [ -112.0668681, 33.4512263 ], [ -112.0668145, 33.4512092 ], [ -112.066617600000015, 33.4512101 ], [ -112.0665861, 33.4512161 ], [ -112.0665393, 33.4512405 ], [ -112.0664966, 33.451246 ], [ -112.0662693, 33.4512446 ], [ -112.0661767, 33.4512502 ], [ -112.0660971, 33.4512556 ], [ -112.0659562, 33.4512546 ], [ -112.0658564, 33.4512096 ], [ -112.0656591, 33.4512106 ], [ -112.0656184, 33.4512281 ], [ -112.0655858, 33.4512316 ], [ -112.0653684, 33.4512301 ], [ -112.0653396, 33.4512253 ] ] } },
{ "type": "Feature", "properties": { "name": "East Van Buren Street", "highway": "primary" }, "geometry": { "type": "LineString", "coordinates": [ [ -112.0660557, 33.451309 ], [ -112.0659042, 33.451310799999987 ] ] } },
{ "type": "Feature", "properties": { "name": null, "highway": "footway" }, "geometry": { "type": "LineString", "coordinates": [ [ -112.0653396, 33.4512253 ], [ -112.0653316, 33.4512132 ], [ -112.0653305, 33.4511363 ], [ -112.0653387, 33.4509844 ], [ -112.0653466, 33.4509343 ], [ -112.0653383, 33.45079 ], [ -112.0653066, 33.4507282 ], [ -112.065293900000015, 33.4506822 ], [ -112.0652911, 33.4506309 ], [ -112.0652853, 33.4505407 ], [ -112.0652905, 33.4504959 ] ] } },
{ "type": "Feature", "properties": { "name": null, "highway": "footway" }, "geometry": { "type": "LineString", "coordinates": [ [ -112.065504, 33.4509668 ], [ -112.065417, 33.450923599999989 ], [ -112.0654107, 33.4509205 ], [ -112.0654106, 33.4508939 ] ] } },
{ "type": "Feature", "properties": { "name": null, "highway": "footway" }, "geometry": { "type": "LineString", "coordinates": [ [ -112.0653305, 33.4511363 ], [ -112.0653672, 33.4510781 ], [ -112.0655063, 33.450895 ], [ -112.0658382, 33.4507304 ] ] } },
{ "type": "Feature", "properties": { "name": null, "highway": "footway" }, "geometry": { "type": "LineString", "coordinates": [ [ -112.0653866, 33.4509687 ], [ -112.065417, 33.450923599999989 ] ] } },
{ "type": "Feature", "properties": { "name": null, "highway": "steps" }, "geometry": { "type": "LineString", "coordinates": [ [ -112.0653679, 33.4510386 ], [ -112.0653693, 33.4509947 ], [ -112.0653866, 33.4509687 ] ] } },
{ "type": "Feature", "properties": { "name": null, "highway": "footway" }, "geometry": { "type": "LineString", "coordinates": [ [ -112.0653672, 33.4510781 ], [ -112.0653679, 33.4510386 ] ] } },
{ "type": "Feature", "properties": { "name": null, "highway": "footway" }, "geometry": { "type": "LineString", "coordinates": [ [ -112.0653286, 33.45123190000001 ], [ -112.0653396, 33.4512253 ] ] } },
{ "type": "Feature", "properties": { "name": "East Van Buren Street", "highway": "primary" }, "geometry": { "type": "LineString", "coordinates": [ [ -112.0659042, 33.451310799999987 ], [ -112.0653366, 33.45131940000001 ], [ -112.06516, 33.451369 ] ] } },
{ "type": "Feature", "properties": { "name": null, "highway": "footway" }, "geometry": { "type": "LineString", "coordinates": [ [ -112.0653543, 33.4515028 ], [ -112.0653468, 33.4514298 ], [ -112.0653366, 33.45131940000001 ], [ -112.0653294, 33.4512407 ], [ -112.0653286, 33.45123190000001 ] ] } },
{ "type": "Feature", "properties": { "name": "East Van Buren Street", "highway": "primary" }, "geometry": { "type": "LineString", "coordinates": [ [ -112.06516, 33.451369 ], [ -112.0653468, 33.4514298 ], [ -112.0657444, 33.4514323 ], [ -112.0658777, 33.4514331 ] ] } },
{ "type": "Feature", "properties": { "name": "North 7th Street", "highway": "primary" }, "geometry": { "type": "LineString", "coordinates": [ [ -112.0651341, 33.4508278 ], [ -112.0651358, 33.4508596 ], [ -112.0651565, 33.4512204 ], [ -112.06516, 33.451369 ] ] } },
{ "type": "Feature", "properties": { "name": null, "highway": "footway" }, "geometry": { "type": "LineString", "coordinates": [ [ -112.0649962, 33.45120940000001 ], [ -112.0650065, 33.4512094 ] ] } },
{ "type": "Feature", "properties": { "name": null, "highway": "footway" }, "geometry": { "type": "LineString", "coordinates": [ [ -112.0653286, 33.45123190000001 ], [ -112.0653119, 33.4512306 ], [ -112.0651565, 33.4512204 ], [ -112.0650065, 33.4512094 ] ] } },
{ "type": "Feature", "properties": { "name": null, "highway": "footway" }, "geometry": { "type": "LineString", "coordinates": [ [ -112.0649448, 33.4512641 ], [ -112.064942700000017, 33.4512536 ] ] } },
{ "type": "Feature", "properties": { "name": null, "highway": "footway" }, "geometry": { "type": "LineString", "coordinates": [ [ -112.0649583, 33.45145260000001 ], [ -112.0649509, 33.4513611 ], [ -112.0649448, 33.4512641 ] ] } },
{ "type": "Feature", "properties": { "name": null, "highway": "footway" }, "geometry": { "type": "LineString", "coordinates": [ [ -112.0649534, 33.4514596 ], [ -112.0649583, 33.45145260000001 ] ] } },
{ "type": "Feature", "properties": { "name": null, "highway": "footway" }, "geometry": { "type": "LineString", "coordinates": [ [ -112.0650135, 33.4515135 ], [ -112.0650238, 33.4515136 ] ] } },
{ "type": "Feature", "properties": { "name": null, "highway": "footway" }, "geometry": { "type": "LineString", "coordinates": [ [ -112.0653119, 33.4515438 ], [ -112.0651633, 33.4515295 ], [ -112.0650238, 33.4515136 ] ] } },
{ "type": "Feature", "properties": { "name": "North 7th Street", "highway": "primary" }, "geometry": { "type": "LineString", "coordinates": [ [ -112.06516, 33.451369 ], [ -112.0651633, 33.4515295 ], [ -112.06517, 33.4519365 ], [ -112.0651739, 33.452173 ], [ -112.0651751, 33.4522497 ] ] } },
{ "type": "Feature", "properties": { "name": null, "highway": "footway" }, "geometry": { "type": "LineString", "coordinates": [ [ -112.065012200000012, 33.4522829 ], [ -112.0650302, 33.4522555 ], [ -112.0650263, 33.4520358 ], [ -112.0649873, 33.451928 ], [ -112.0649838, 33.4517514 ], [ -112.0650113, 33.4515665 ], [ -112.0650135, 33.4515135 ], [ -112.064991300000017, 33.4514804 ] ] } },
{ "type": "Feature", "properties": { "name": "East Van Buren Street", "highway": "primary" }, "geometry": { "type": "LineString", "coordinates": [ [ -112.0665455, 33.451310299999989 ], [ -112.0661752, 33.4513076 ], [ -112.0660557, 33.451309 ] ] } },
{ "type": "Feature", "properties": { "name": "East Van Buren Street", "highway": "primary" }, "geometry": { "type": "LineString", "coordinates": [ [ -112.0658777, 33.4514331 ], [ -112.0659934, 33.451433899999984 ], [ -112.06618, 33.4514334 ] ] } },
{ "type": "Feature", "properties": { "name": "East Van Buren Street", "highway": "primary" }, "geometry": { "type": "LineString", "coordinates": [ [ -112.06618, 33.4514334 ], [ -112.0665346, 33.4514355 ], [ -112.066635, 33.4514348 ] ] } },
{ "type": "Feature", "properties": { "name": null, "highway": "footway" }, "geometry": { "type": "LineString", "coordinates": [ [ -112.0673448, 33.451522 ], [ -112.0672593, 33.4515137 ], [ -112.0666715, 33.4515143 ], [ -112.0665061, 33.4515144 ], [ -112.0659732, 33.451515 ], [ -112.0657807, 33.4515152 ], [ -112.0657646, 33.4515026 ], [ -112.0656681, 33.4515048 ], [ -112.065640300000013, 33.4515105 ], [ -112.0653966, 33.451510799999987 ], [ -112.065362, 33.4515184 ] ] } },
{ "type": "Feature", "properties": { "name": null, "highway": "pedestrian" }, "geometry": { "type": "LineString", "coordinates": [ [ -112.0659934, 33.451433899999984 ], [ -112.0659732, 33.451515 ], [ -112.0659661, 33.4515442 ], [ -112.0659331, 33.4516843 ], [ -112.0659141, 33.4518904 ], [ -112.0659144, 33.4518954 ], [ -112.0659293, 33.452085 ], [ -112.0659405, 33.452118 ], [ -112.0659774, 33.4522234 ], [ -112.0660091, 33.4522816 ], [ -112.0661231, 33.452345 ], [ -112.0661992, 33.452350299999985 ], [ -112.0663107, 33.4523492 ], [ -112.0663994, 33.4523101 ], [ -112.0664158, 33.4522913 ], [ -112.0664652, 33.4522361 ], [ -112.0665109, 33.4521209 ], [ -112.0665413, 33.4519433 ], [ -112.0665286, 33.4517139 ], [ -112.0665132, 33.4516537 ], [ -112.0664957, 33.4515796 ], [ -112.0664961, 33.451543 ], [ -112.0665061, 33.4515144 ], [ -112.0665346, 33.4514355 ] ] } },
{ "type": "Feature", "properties": { "name": null, "highway": "footway" }, "geometry": { "type": "LineString", "coordinates": [ [ -112.0665109, 33.4521209 ], [ -112.0664119, 33.4520999 ], [ -112.0663402, 33.4520948 ], [ -112.0660837, 33.4520948 ], [ -112.0659959, 33.4521064 ], [ -112.0659405, 33.452118 ] ] } },
{ "type": "Feature", "properties": { "name": null, "highway": "footway" }, "geometry": { "type": "LineString", "coordinates": [ [ -112.0673634, 33.4522908 ], [ -112.0664158, 33.4522913 ] ] } },
{ "type": "Feature", "properties": { "name": null, "highway": "service" }, "geometry": { "type": "LineString", "coordinates": [ [ -112.0660933, 33.4542067 ], [ -112.066093200000012, 33.453515 ] ] } },
{ "type": "Feature", "properties": { "name": null, "highway": "service" }, "geometry": { "type": "LineString", "coordinates": [ [ -112.066502, 33.4535125 ], [ -112.066303, 33.4535137 ], [ -112.0663101, 33.4542062 ] ] } },
{ "type": "Feature", "properties": { "name": null, "highway": "service" }, "geometry": { "type": "LineString", "coordinates": [ [ -112.0665036, 33.4542047 ], [ -112.0663101, 33.4542062 ], [ -112.0662477, 33.4542067 ] ] } },
{ "type": "Feature", "properties": { "name": null, "highway": "footway" }, "geometry": { "type": "LineString", "coordinates": [ [ -112.0653543, 33.4515028 ], [ -112.065362, 33.4515184 ] ] } },
{ "type": "Feature", "properties": { "name": null, "highway": "footway" }, "geometry": { "type": "LineString", "coordinates": [ [ -112.0653119, 33.4515438 ], [ -112.0653313, 33.4515482 ] ] } },
{ "type": "Feature", "properties": { "name": null, "highway": "footway" }, "geometry": { "type": "LineString", "coordinates": [ [ -112.06534, 33.451894199999984 ], [ -112.0653374, 33.4517168 ], [ -112.0653313, 33.4515482 ], [ -112.065362, 33.4515184 ] ] } },
{ "type": "Feature", "properties": { "name": null, "highway": "footway" }, "geometry": { "type": "LineString", "coordinates": [ [ -112.0659144, 33.4518954 ], [ -112.06534, 33.451894199999984 ] ] } },
{ "type": "Feature", "properties": { "name": null, "highway": "service" }, "geometry": { "type": "MultiLineString", "coordinates": [ [ [ -112.06538470000001, 33.4520486 ], [ -112.065539, 33.4520491 ] ], [ [ -112.065539, 33.4520491 ], [ -112.0657416, 33.4520496 ], [ -112.065741, 33.452216 ], [ -112.0655383, 33.4522154 ], [ -112.065539, 33.4520491 ] ] ] } },
{ "type": "Feature", "properties": { "name": null, "highway": "footway" }, "geometry": { "type": "LineString", "coordinates": [ [ -112.065836, 33.4523466 ], [ -112.065835600000014, 33.4522931 ], [ -112.0654812, 33.4522949 ] ] } },
{ "type": "Feature", "properties": { "name": null, "highway": "footway" }, "geometry": { "type": "LineString", "coordinates": [ [ -112.0661231, 33.452345 ], [ -112.065836, 33.4523466 ], [ -112.0653473, 33.4523494 ] ] } },
{ "type": "Feature", "properties": { "name": null, "highway": "service" }, "geometry": { "type": "LineString", "coordinates": [ [ -112.0651769, 33.4530277 ], [ -112.06537, 33.4530708 ], [ -112.0654266, 33.453083299999989 ], [ -112.0654376, 33.4530923 ] ] } },
{ "type": "Feature", "properties": { "name": null, "highway": "footway" }, "geometry": { "type": "LineString", "coordinates": [ [ -112.0653896, 33.4543461 ], [ -112.065379100000015, 33.4543119 ], [ -112.06537, 33.4530708 ], [ -112.0653649, 33.452381 ], [ -112.0653473, 33.4523494 ], [ -112.0653415, 33.452339 ], [ -112.0653406, 33.4520742 ], [ -112.0653404, 33.4520258 ], [ -112.06534, 33.451894199999984 ] ] } },
{ "type": "Feature", "properties": { "name": null, "highway": "service" }, "geometry": { "type": "LineString", "coordinates": [ [ -112.0654376, 33.4530923 ], [ -112.065512500000011, 33.4531487 ], [ -112.0660187, 33.453169699999989 ] ] } },
{ "type": "Feature", "properties": { "name": null, "highway": "service" }, "geometry": { "type": "LineString", "coordinates": [ [ -112.06538470000001, 33.4520486 ], [ -112.0653404, 33.4520258 ], [ -112.06517, 33.4519365 ] ] } },
{ "type": "Feature", "properties": { "name": null, "highway": "service" }, "geometry": { "type": "LineString", "coordinates": [ [ -112.0651739, 33.452173 ], [ -112.0653406, 33.4520742 ], [ -112.06538470000001, 33.4520486 ] ] } },
{ "type": "Feature", "properties": { "name": null, "highway": "footway" }, "geometry": { "type": "LineString", "coordinates": [ [ -112.065012200000012, 33.4522829 ], [ -112.0650131, 33.4522962 ] ] } },
{ "type": "Feature", "properties": { "name": null, "highway": "footway" }, "geometry": { "type": "LineString", "coordinates": [ [ -112.0650193, 33.4523981 ], [ -112.0650152, 33.4523499 ], [ -112.0650131, 33.4522962 ] ] } },
{ "type": "Feature", "properties": { "name": null, "highway": "footway" }, "geometry": { "type": "LineString", "coordinates": [ [ -112.065019, 33.4524117 ], [ -112.0650193, 33.4523981 ] ] } },
{ "type": "Feature", "properties": { "name": "North 7th Street", "highway": "primary" }, "geometry": { "type": "LineString", "coordinates": [ [ -112.0651751, 33.4522497 ], [ -112.0651767, 33.4523501 ], [ -112.0651769, 33.4530277 ], [ -112.0651769, 33.4531411 ], [ -112.0651921, 33.4534032 ], [ -112.065207, 33.453633 ], [ -112.0652196, 33.4538418 ], [ -112.065225200000015, 33.4539952 ] ] } },
{ "type": "Feature", "properties": { "name": null, "highway": "service" }, "geometry": { "type": "LineString", "coordinates": [ [ -112.064865, 33.4527785 ], [ -112.0648675, 33.4530626 ], [ -112.0648648, 33.4535393 ], [ -112.0648648, 33.453612199999988 ] ] } },
{ "type": "Feature", "properties": { "name": null, "highway": "footway" }, "geometry": { "type": "LineString", "coordinates": [ [ -112.0650887, 33.4544608 ], [ -112.0650893, 33.4544456 ], [ -112.0650776, 33.4538659 ], [ -112.0650367, 33.4538448 ], [ -112.0650305, 33.45363960000001 ], [ -112.0650537, 33.453589 ], [ -112.0650529, 33.4535659 ], [ -112.065026700000018, 33.4535513 ], [ -112.0650284, 33.453303199999986 ], [ -112.0650388, 33.4532703 ], [ -112.0650354, 33.4524378 ], [ -112.065019, 33.4524117 ] ] } },
{ "type": "Feature", "properties": { "name": "North 7th Street", "highway": "primary" }, "geometry": { "type": "LineString", "coordinates": [ [ -112.065225200000015, 33.4539952 ], [ -112.0652383, 33.4544037 ], [ -112.065242, 33.454497099999983 ] ] } },
{ "type": "Feature", "properties": { "name": null, "highway": "footway" }, "geometry": { "type": "LineString", "coordinates": [ [ -112.065096600000018, 33.4544571 ], [ -112.0652383, 33.4544037 ], [ -112.0653896, 33.4543461 ] ] } },
{ "type": "Feature", "properties": { "name": null, "highway": "service" }, "geometry": { "type": "LineString", "coordinates": [ [ -112.0662477, 33.4542067 ], [ -112.0662488, 33.4542788 ] ] } },
{ "type": "Feature", "properties": { "name": null, "highway": "service" }, "geometry": { "type": "LineString", "coordinates": [ [ -112.0662488, 33.4542788 ], [ -112.066249, 33.4543523 ], [ -112.06625, 33.4543565 ], [ -112.066256, 33.4544194 ] ] } },
{ "type": "Feature", "properties": { "name": null, "highway": "footway" }, "geometry": { "type": "LineString", "coordinates": [ [ -112.0653896, 33.4543461 ], [ -112.0654404, 33.4543522 ], [ -112.066129, 33.4543524 ], [ -112.066249, 33.4543523 ], [ -112.066675, 33.4543568 ], [ -112.0673725, 33.4543617 ], [ -112.067394400000012, 33.4543619 ], [ -112.0674509, 33.4543495 ], [ -112.0676455, 33.4543431 ], [ -112.0676764, 33.4543368 ] ] } },
{ "type": "Feature", "properties": { "name": null, "highway": "footway" }, "geometry": { "type": "LineString", "coordinates": [ [ -112.0661298, 33.4543849 ], [ -112.066129, 33.4543524 ] ] } },
{ "type": "Feature", "properties": { "name": "East Fillmore Street", "highway": "residential" }, "geometry": { "type": "LineString", "coordinates": [ [ -112.066256, 33.4544194 ], [ -112.0661292, 33.4544197 ], [ -112.065805, 33.454420299999988 ] ] } },
{ "type": "Feature", "properties": { "name": "East Fillmore Street", "highway": "residential" }, "geometry": { "type": "LineString", "coordinates": [ [ -112.066676, 33.4544186 ], [ -112.066256, 33.4544194 ] ] } },
{ "type": "Feature", "properties": { "name": null, "highway": "footway" }, "geometry": { "type": "LineString", "coordinates": [ [ -112.066127, 33.4545712 ], [ -112.0661275, 33.4545339 ], [ -112.0661292, 33.4544197 ], [ -112.0661298, 33.4543849 ] ] } },
{ "type": "Feature", "properties": { "name": null, "highway": "footway" }, "geometry": { "type": "LineString", "coordinates": [ [ -112.0674164, 33.4545913 ], [ -112.0673765, 33.4545971 ], [ -112.0668335, 33.4545986 ], [ -112.0668034, 33.4545751 ], [ -112.0666697, 33.4545747 ], [ -112.0664094, 33.4545739 ], [ -112.0663602, 33.4545738 ] ] } },
{ "type": "Feature", "properties": { "name": "East Fillmore Street", "highway": "residential" }, "geometry": { "type": "LineString", "coordinates": [ [ -112.065242, 33.454497099999983 ], [ -112.0653938, 33.4545302 ], [ -112.0661275, 33.4545339 ], [ -112.066255, 33.4545345 ], [ -112.0674821, 33.4545337 ], [ -112.0678461, 33.4545329 ], [ -112.0679689, 33.454535699999987 ], [ -112.068112500000012, 33.4545346 ], [ -112.0686758, 33.4545333 ], [ -112.06879963716689, 33.454534472061255 ] ] } },
{ "type": "Feature", "properties": { "name": null, "highway": "footway" }, "geometry": { "type": "LineString", "coordinates": [ [ -112.0663601, 33.4546068 ], [ -112.0663019, 33.4546065 ] ] } },
{ "type": "Feature", "properties": { "name": null, "highway": "service" }, "geometry": { "type": "LineString", "coordinates": [ [ -112.0657177, 33.4542066 ], [ -112.0657164, 33.4535174 ] ] } },
{ "type": "Feature", "properties": { "name": null, "highway": "service" }, "geometry": { "type": "LineString", "coordinates": [ [ -112.0659001, 33.4542066 ], [ -112.0658961, 33.4535163 ] ] } },
{ "type": "Feature", "properties": { "name": null, "highway": "service" }, "geometry": { "type": "LineString", "coordinates": [ [ -112.066303, 33.4535137 ], [ -112.066093200000012, 33.453515 ], [ -112.0658961, 33.4535163 ], [ -112.0657164, 33.4535174 ], [ -112.0655789, 33.4535183 ], [ -112.065534200000016, 33.4535336 ], [ -112.0655185, 33.4535571 ], [ -112.065512900000016, 33.453586799999989 ], [ -112.0655133, 33.4541209 ], [ -112.0655165, 33.4541629 ], [ -112.0655491, 33.4541922 ], [ -112.0656052, 33.4542066 ], [ -112.0657177, 33.4542066 ], [ -112.0659001, 33.4542066 ], [ -112.0660933, 33.4542067 ], [ -112.0662477, 33.4542067 ] ] } },
{ "type": "Feature", "properties": { "name": "East Fillmore Street", "highway": "residential" }, "geometry": { "type": "LineString", "coordinates": [ [ -112.065805, 33.454420299999988 ], [ -112.0653913, 33.4544211 ], [ -112.065242, 33.454497099999983 ] ] } },
{ "type": "Feature", "properties": { "name": null, "highway": "footway" }, "geometry": { "type": "LineString", "coordinates": [ [ -112.0653951, 33.4545801 ], [ -112.0653938, 33.4545302 ], [ -112.0653913, 33.4544211 ], [ -112.0653896, 33.4543461 ] ] } },
{ "type": "Feature", "properties": { "name": null, "highway": "footway" }, "geometry": { "type": "LineString", "coordinates": [ [ -112.0661831, 33.4546093 ], [ -112.0661038, 33.454602 ], [ -112.066083, 33.4546001 ], [ -112.0653995, 33.4545971 ], [ -112.0653531, 33.4546388 ] ] } },
{ "type": "Feature", "properties": { "name": null, "highway": "footway" }, "geometry": { "type": "LineString", "coordinates": [ [ -112.0653951, 33.4545801 ], [ -112.0653995, 33.4545971 ], [ -112.0653991, 33.4553587 ], [ -112.0653855, 33.4554449 ] ] } },
{ "type": "Feature", "properties": { "name": null, "highway": "footway" }, "geometry": { "type": "LineString", "coordinates": [ [ -112.0654145, 33.455359 ], [ -112.0653991, 33.4553587 ] ] } },
{ "type": "Feature", "properties": { "name": null, "highway": "footway" }, "geometry": { "type": "LineString", "coordinates": [ [ -112.0654145, 33.455359 ], [ -112.0658657, 33.4553617 ], [ -112.0660568, 33.455362799999989 ] ] } },
{ "type": "Feature", "properties": { "name": null, "highway": "service" }, "geometry": { "type": "LineString", "coordinates": [ [ -112.0658656, 33.4553244 ], [ -112.0658657, 33.4553617 ], [ -112.0658656, 33.4553666 ], [ -112.065865, 33.4555237 ] ] } },
{ "type": "Feature", "properties": { "name": null, "highway": "footway" }, "geometry": { "type": "LineString", "coordinates": [ [ -112.0663019, 33.4546065 ], [ -112.0662559, 33.4546076 ], [ -112.0661831, 33.4546093 ] ] } },
{ "type": "Feature", "properties": { "name": null, "highway": "footway" }, "geometry": { "type": "LineString", "coordinates": [ [ -112.066127, 33.4545712 ], [ -112.0661038, 33.454602 ], [ -112.0661024, 33.4547241 ] ] } },
{ "type": "Feature", "properties": { "name": null, "highway": "footway" }, "geometry": { "type": "LineString", "coordinates": [ [ -112.0663597, 33.4547192 ], [ -112.0663601, 33.4546068 ], [ -112.0663602, 33.4545738 ] ] } },
{ "type": "Feature", "properties": { "name": null, "highway": "footway" }, "geometry": { "type": "LineString", "coordinates": [ [ -112.0663597, 33.4548058 ], [ -112.0663597, 33.4547634 ], [ -112.0663597, 33.4547192 ] ] } },
{ "type": "Feature", "properties": { "name": null, "highway": "service" }, "geometry": { "type": "LineString", "coordinates": [ [ -112.0663682, 33.4547635 ], [ -112.0663597, 33.4547634 ], [ -112.0662558, 33.4547631 ] ] } },
{ "type": "Feature", "properties": { "name": null, "highway": "service" }, "geometry": { "type": "LineString", "coordinates": [ [ -112.0665188, 33.4547639 ], [ -112.0663682, 33.4547635 ] ] } },
{ "type": "Feature", "properties": { "name": null, "highway": "footway" }, "geometry": { "type": "LineString", "coordinates": [ [ -112.0661024, 33.4547241 ], [ -112.066098400000016, 33.4552448 ] ] } },
{ "type": "Feature", "properties": { "name": null, "highway": "footway" }, "geometry": { "type": "LineString", "coordinates": [ [ -112.0663346, 33.4552419 ], [ -112.0663352, 33.4548131 ], [ -112.0663597, 33.4548058 ] ] } },
{ "type": "Feature", "properties": { "name": null, "highway": "service" }, "geometry": { "type": "LineString", "coordinates": [ [ -112.0665178, 33.4549583 ], [ -112.0665179, 33.454997 ], [ -112.0665188, 33.4552972 ], [ -112.0663508, 33.4552975 ] ] } },
{ "type": "Feature", "properties": { "name": null, "highway": "footway" }, "geometry": { "type": "LineString", "coordinates": [ [ -112.0663343, 33.4553431 ], [ -112.0663344, 33.4552975 ], [ -112.0663346, 33.4552419 ] ] } },
{ "type": "Feature", "properties": { "name": null, "highway": "footway" }, "geometry": { "type": "LineString", "coordinates": [ [ -112.0650887, 33.4544608 ], [ -112.065096600000018, 33.4544571 ] ] } },
{ "type": "Feature", "properties": { "name": null, "highway": "footway" }, "geometry": { "type": "LineString", "coordinates": [ [ -112.0650468, 33.4545141 ], [ -112.0650444, 33.4545057 ] ] } },
{ "type": "Feature", "properties": { "name": "East Fillmore Street", "highway": "residential" }, "geometry": { "type": "LineString", "coordinates": [ [ -112.065242, 33.454497099999983 ], [ -112.065051, 33.4545588 ], [ -112.0647077, 33.4545575 ] ] } },
{ "type": "Feature", "properties": { "name": null, "highway": "footway" }, "geometry": { "type": "LineString", "coordinates": [ [ -112.065065, 33.4546514 ], [ -112.065051, 33.4545588 ], [ -112.0650468, 33.4545141 ] ] } },
{ "type": "Feature", "properties": { "name": null, "highway": "footway" }, "geometry": { "type": "LineString", "coordinates": [ [ -112.0653531, 33.4546388 ], [ -112.065238, 33.4546469 ], [ -112.065065, 33.4546514 ] ] } },
{ "type": "Feature", "properties": { "name": null, "highway": "footway" }, "geometry": { "type": "LineString", "coordinates": [ [ -112.0650607, 33.4546574 ], [ -112.065065, 33.4546514 ] ] } },
{ "type": "Feature", "properties": { "name": "North 7th Street", "highway": "primary" }, "geometry": { "type": "LineString", "coordinates": [ [ -112.065242, 33.454497099999983 ], [ -112.065238, 33.4546469 ], [ -112.065226400000014, 33.4550827 ] ] } },
{ "type": "Feature", "properties": { "name": null, "highway": "footway" }, "geometry": { "type": "LineString", "coordinates": [ [ -112.0650665, 33.4557396 ], [ -112.0650834, 33.4557131 ], [ -112.0650862, 33.4555737 ], [ -112.0650834, 33.455319 ], [ -112.0650923, 33.4546986 ], [ -112.0650607, 33.4546574 ] ] } },
{ "type": "Feature", "properties": { "name": null, "highway": "service" }, "geometry": { "type": "LineString", "coordinates": [ [ -112.065215, 33.4555749 ], [ -112.0650862, 33.4555737 ], [ -112.0647311, 33.4555705 ], [ -112.0647191, 33.4555683 ], [ -112.06471040000001, 33.4555562 ], [ -112.06471040000001, 33.4553282 ], [ -112.0647152, 33.4553179 ], [ -112.0647275, 33.4553114 ], [ -112.0650834, 33.455319 ], [ -112.06522, 33.4553219 ] ] } },
{ "type": "Feature", "properties": { "name": null, "highway": "footway" }, "geometry": { "type": "LineString", "coordinates": [ [ -112.0650678, 33.4557555 ], [ -112.0650665, 33.4557396 ] ] } },
{ "type": "Feature", "properties": { "name": null, "highway": "service" }, "geometry": { "type": "LineString", "coordinates": [ [ -112.0663508, 33.4552975 ], [ -112.0663344, 33.4552975 ], [ -112.0662556, 33.4552977 ] ] } },
{ "type": "Feature", "properties": { "name": null, "highway": "footway" }, "geometry": { "type": "LineString", "coordinates": [ [ -112.066098400000016, 33.4552448 ], [ -112.0661104, 33.4554036 ], [ -112.0661283, 33.455452 ] ] } },
{ "type": "Feature", "properties": { "name": null, "highway": "footway" }, "geometry": { "type": "LineString", "coordinates": [ [ -112.066177600000017, 33.4554114 ], [ -112.0661104, 33.4554036 ], [ -112.0660568, 33.455362799999989 ] ] } },
{ "type": "Feature", "properties": { "name": null, "highway": "footway" }, "geometry": { "type": "LineString", "coordinates": [ [ -112.0663348, 33.4554292 ], [ -112.0663343, 33.4553431 ] ] } },
{ "type": "Feature", "properties": { "name": null, "highway": "footway" }, "geometry": { "type": "LineString", "coordinates": [ [ -112.066314, 33.455443699999989 ], [ -112.0662548, 33.4554297 ], [ -112.066177600000017, 33.4554114 ] ] } },
{ "type": "Feature", "properties": { "name": null, "highway": "footway" }, "geometry": { "type": "LineString", "coordinates": [ [ -112.0671607, 33.4554348 ], [ -112.0670508, 33.4554341 ], [ -112.0666432, 33.4554313 ], [ -112.0663348, 33.4554292 ], [ -112.066314, 33.455443699999989 ] ] } },
{ "type": "Feature", "properties": { "name": null, "highway": "footway" }, "geometry": { "type": "LineString", "coordinates": [ [ -112.0661284, 33.4555806 ], [ -112.066128, 33.4555244 ], [ -112.0661283, 33.455452 ] ] } },
{ "type": "Feature", "properties": { "name": null, "highway": "footway" }, "geometry": { "type": "LineString", "coordinates": [ [ -112.066327, 33.4555858 ], [ -112.0663166, 33.4555289 ], [ -112.066314, 33.455443699999989 ] ] } },
{ "type": "Feature", "properties": { "name": "East Pierce Street", "highway": "residential" }, "geometry": { "type": "LineString", "coordinates": [ [ -112.068811853552802, 33.455530121068314 ], [ -112.0687674, 33.4555298 ], [ -112.068639, 33.4555312 ], [ -112.068518, 33.4555325 ], [ -112.0681131, 33.4555298 ], [ -112.0679519, 33.4555293 ], [ -112.0676046, 33.4555284 ], [ -112.0674858, 33.455528 ], [ -112.0673824, 33.4555272 ], [ -112.0672038, 33.4555273 ], [ -112.0663166, 33.4555289 ], [ -112.0662555, 33.4555247 ], [ -112.066128, 33.4555244 ], [ -112.065865, 33.4555237 ], [ -112.065397, 33.455522399999985 ], [ -112.065378, 33.4555223 ], [ -112.0652147, 33.4555219 ] ] } },
{ "type": "Feature", "properties": { "name": null, "highway": "footway" }, "geometry": { "type": "LineString", "coordinates": [ [ -112.0661842, 33.4556137 ], [ -112.0662553, 33.455622499999983 ], [ -112.0663031, 33.4556284 ] ] } },
{ "type": "Feature", "properties": { "name": null, "highway": "footway" }, "geometry": { "type": "LineString", "coordinates": [ [ -112.0653738, 33.4555812 ], [ -112.065378, 33.4555223 ], [ -112.0653855, 33.4554449 ] ] } },
{ "type": "Feature", "properties": { "name": null, "highway": "footway" }, "geometry": { "type": "LineString", "coordinates": [ [ -112.0653711, 33.4556115 ], [ -112.0653738, 33.4555812 ] ] } },
{ "type": "Feature", "properties": { "name": null, "highway": "footway" }, "geometry": { "type": "LineString", "coordinates": [ [ -112.0661842, 33.4556137 ], [ -112.0661285, 33.4556136 ], [ -112.0653711, 33.4556115 ], [ -112.0653459, 33.4556119 ], [ -112.0653567, 33.4564762 ] ] } },
{ "type": "Feature", "properties": { "name": null, "highway": "footway" }, "geometry": { "type": "LineString", "coordinates": [ [ -112.0653567, 33.4564762 ], [ -112.0653724, 33.456465700000017 ], [ -112.066129, 33.4564673 ], [ -112.0661841, 33.4564674 ] ] } },
{ "type": "Feature", "properties": { "name": null, "highway": "footway" }, "geometry": { "type": "LineString", "coordinates": [ [ -112.0653742, 33.4565005 ], [ -112.0653724, 33.456465700000017 ] ] } },
{ "type": "Feature", "properties": { "name": null, "highway": "footway" }, "geometry": { "type": "LineString", "coordinates": [ [ -112.065375900000021, 33.4566279 ], [ -112.065374, 33.4565609 ], [ -112.0653742, 33.4565005 ] ] } },
{ "type": "Feature", "properties": { "name": null, "highway": "footway" }, "geometry": { "type": "LineString", "coordinates": [ [ -112.0653587, 33.4566564 ], [ -112.065375900000021, 33.4566279 ] ] } },
{ "type": "Feature", "properties": { "name": null, "highway": "footway" }, "geometry": { "type": "LineString", "coordinates": [ [ -112.0656426, 33.4566581 ], [ -112.0656426, 33.4566702 ] ] } },
{ "type": "Feature", "properties": { "name": null, "highway": "service" }, "geometry": { "type": "LineString", "coordinates": [ [ -112.065821, 33.4565629 ], [ -112.065821, 33.4566592 ], [ -112.0658223, 33.4567667 ] ] } },
{ "type": "Feature", "properties": { "name": null, "highway": "footway" }, "geometry": { "type": "LineString", "coordinates": [ [ -112.066184400000012, 33.45666150000001 ], [ -112.0661289, 33.4566612 ], [ -112.065821, 33.4566592 ], [ -112.0656426, 33.4566581 ], [ -112.0653587, 33.4566564 ], [ -112.0653702, 33.4574905 ], [ -112.065378700000011, 33.4575059 ], [ -112.065391, 33.4575239 ] ] } },
{ "type": "Feature", "properties": { "name": null, "highway": "footway" }, "geometry": { "type": "LineString", "coordinates": [ [ -112.0663031, 33.4556284 ], [ -112.0663287, 33.4556236 ], [ -112.0663583, 33.4556181 ], [ -112.0665647, 33.4556184 ], [ -112.0667105, 33.4556187 ], [ -112.0668662, 33.455619 ], [ -112.0673621, 33.4556199 ], [ -112.067421700000011, 33.45562 ] ] } },
{ "type": "Feature", "properties": { "name": null, "highway": "footway" }, "geometry": { "type": "LineString", "coordinates": [ [ -112.0665653, 33.4558269 ], [ -112.066565, 33.4558478 ], [ -112.0663139, 33.4558475 ] ] } },
{ "type": "Feature", "properties": { "name": null, "highway": "footway" }, "geometry": { "type": "LineString", "coordinates": [ [ -112.0661286, 33.4565124 ], [ -112.066129, 33.4564673 ], [ -112.0661285, 33.4556136 ], [ -112.0661284, 33.4555806 ] ] } },
{ "type": "Feature", "properties": { "name": null, "highway": "footway" }, "geometry": { "type": "LineString", "coordinates": [ [ -112.066327, 33.4555858 ], [ -112.0663287, 33.4556236 ], [ -112.0663165, 33.4556438 ], [ -112.0663139, 33.4558475 ], [ -112.0663164, 33.4562775 ], [ -112.0663173, 33.4564254 ], [ -112.0663534, 33.4564631 ], [ -112.0663556, 33.4565166 ] ] } },
{ "type": "Feature", "properties": { "name": null, "highway": "footway" }, "geometry": { "type": "LineString", "coordinates": [ [ -112.0663888, 33.4562775 ], [ -112.0663164, 33.4562775 ] ] } },
{ "type": "Feature", "properties": { "name": null, "highway": "footway" }, "geometry": { "type": "LineString", "coordinates": [ [ -112.0661841, 33.4564674 ], [ -112.066255, 33.4564668 ], [ -112.066304, 33.4564661 ] ] } },
{ "type": "Feature", "properties": { "name": null, "highway": "footway" }, "geometry": { "type": "LineString", "coordinates": [ [ -112.066304, 33.4564661 ], [ -112.0663534, 33.4564631 ], [ -112.0663818, 33.456456899999985 ], [ -112.0668102, 33.4564568 ], [ -112.0668489, 33.4564649 ], [ -112.066894100000013, 33.4564789 ], [ -112.0669225, 33.456481 ] ] } },
{ "type": "Feature", "properties": { "name": "North 6th Street", "highway": "residential" }, "geometry": { "type": "LineString", "coordinates": [ [ -112.066256, 33.4544194 ], [ -112.066255, 33.4545345 ], [ -112.0662559, 33.4546076 ], [ -112.0662559, 33.4546264 ], [ -112.0662558, 33.4547631 ], [ -112.0662556, 33.4552977 ], [ -112.0662548, 33.4554297 ], [ -112.0662555, 33.4555247 ], [ -112.0662553, 33.455622499999983 ], [ -112.066255, 33.4564668 ], [ -112.066255, 33.4565648 ], [ -112.0662549, 33.4566612 ], [ -112.0662545, 33.4575135 ], [ -112.0662545, 33.4576023 ], [ -112.0662545, 33.4577051 ], [ -112.0662541, 33.4585539 ], [ -112.0662548, 33.4586606 ] ] } },
{ "type": "Feature", "properties": { "name": null, "highway": "footway" }, "geometry": { "type": "LineString", "coordinates": [ [ -112.0661289, 33.4566133 ], [ -112.066129, 33.4565643 ], [ -112.0661286, 33.4565124 ] ] } },
{ "type": "Feature", "properties": { "name": null, "highway": "footway" }, "geometry": { "type": "LineString", "coordinates": [ [ -112.0663565, 33.4566143 ], [ -112.066356, 33.4565653 ], [ -112.0663556, 33.4565166 ] ] } },
{ "type": "Feature", "properties": { "name": "East McKinley Street", "highway": "residential" }, "geometry": { "type": "LineString", "coordinates": [ [ -112.068824692531166, 33.456576459131377 ], [ -112.068725, 33.456576 ], [ -112.0685974, 33.4565753 ], [ -112.067949, 33.4565725 ], [ -112.067602, 33.456571 ], [ -112.067484, 33.4565704 ], [ -112.0673721, 33.4565699 ], [ -112.0669721, 33.4565681 ], [ -112.066356, 33.4565653 ], [ -112.066255, 33.4565648 ], [ -112.066129, 33.4565643 ], [ -112.065821, 33.4565629 ], [ -112.06542, 33.4565611 ], [ -112.065374, 33.4565609 ], [ -112.0652147, 33.4565602 ] ] } },
{ "type": "Feature", "properties": { "name": null, "highway": "footway" }, "geometry": { "type": "LineString", "coordinates": [ [ -112.066184400000012, 33.45666150000001 ], [ -112.0662549, 33.4566612 ], [ -112.0663025, 33.4566617 ] ] } },
{ "type": "Feature", "properties": { "name": null, "highway": "footway" }, "geometry": { "type": "LineString", "coordinates": [ [ -112.0663025, 33.4566617 ], [ -112.0663565, 33.4566611 ], [ -112.0673728, 33.4566648 ], [ -112.0674271, 33.456665 ] ] } },
{ "type": "Feature", "properties": { "name": null, "highway": "footway" }, "geometry": { "type": "LineString", "coordinates": [ [ -112.0661288, 33.4567684 ], [ -112.0660489, 33.4567673 ] ] } },
{ "type": "Feature", "properties": { "name": null, "highway": "footway" }, "geometry": { "type": "LineString", "coordinates": [ [ -112.0661281, 33.4575366 ], [ -112.066128, 33.4575119 ], [ -112.0661272, 33.4570919 ], [ -112.0661288, 33.4567684 ], [ -112.0661289, 33.4566612 ], [ -112.0661289, 33.4566133 ] ] } },
{ "type": "Feature", "properties": { "name": null, "highway": "footway" }, "geometry": { "type": "LineString", "coordinates": [ [ -112.0663575, 33.4575577 ], [ -112.066357, 33.4575144 ], [ -112.0663565, 33.4566611 ], [ -112.0663565, 33.4566143 ] ] } },
{ "type": "Feature", "properties": { "name": null, "highway": "footway" }, "geometry": { "type": "LineString", "coordinates": [ [ -112.066183600000016, 33.4575123 ], [ -112.0662545, 33.4575135 ], [ -112.066302, 33.4575143 ] ] } },
{ "type": "Feature", "properties": { "name": null, "highway": "footway" }, "geometry": { "type": "LineString", "coordinates": [ [ -112.0674294, 33.4575173 ], [ -112.067373, 33.4575171 ], [ -112.066357, 33.4575144 ], [ -112.066302, 33.4575143 ] ] } },
{ "type": "Feature", "properties": { "name": null, "highway": "footway" }, "geometry": { "type": "LineString", "coordinates": [ [ -112.0661289, 33.4576376 ], [ -112.0661289, 33.4575913 ], [ -112.0661281, 33.4575366 ] ] } },
{ "type": "Feature", "properties": { "name": null, "highway": "footway" }, "geometry": { "type": "LineString", "coordinates": [ [ -112.0663576, 33.4576576 ], [ -112.0663575, 33.4576124 ], [ -112.0663575, 33.4575577 ] ] } },
{ "type": "Feature", "properties": { "name": null, "highway": "footway" }, "geometry": { "type": "LineString", "coordinates": [ [ -112.065475, 33.457235 ], [ -112.065475, 33.457243099999985 ] ] } },
{ "type": "Feature", "properties": { "name": null, "highway": "footway" }, "geometry": { "type": "LineString", "coordinates": [ [ -112.0654652, 33.4573707 ], [ -112.0654654, 33.4573597 ], [ -112.0654657, 33.4573471 ] ] } },
{ "type": "Feature", "properties": { "name": null, "highway": "footway" }, "geometry": { "type": "LineString", "coordinates": [ [ -112.0655451, 33.4573597 ], [ -112.0654654, 33.4573597 ] ] } },
{ "type": "Feature", "properties": { "name": null, "highway": "footway" }, "geometry": { "type": "LineString", "coordinates": [ [ -112.0655446, 33.4575072 ], [ -112.0655451, 33.4573597 ], [ -112.0655456, 33.4572354 ], [ -112.065475, 33.457235 ] ] } },
{ "type": "Feature", "properties": { "name": null, "highway": "footway" }, "geometry": { "type": "LineString", "coordinates": [ [ -112.0654668, 33.4575066 ], [ -112.0654673, 33.4574723 ] ] } },
{ "type": "Feature", "properties": { "name": null, "highway": "footway" }, "geometry": { "type": "LineString", "coordinates": [ [ -112.065378700000011, 33.4575059 ], [ -112.0654668, 33.4575066 ], [ -112.0655446, 33.4575072 ], [ -112.0657583, 33.4575066 ], [ -112.066128, 33.4575119 ], [ -112.066183600000016, 33.4575123 ] ] } },
{ "type": "Feature", "properties": { "name": null, "highway": "footway" }, "geometry": { "type": "LineString", "coordinates": [ [ -112.0653883, 33.4576416 ], [ -112.0653896, 33.4575843 ], [ -112.065391, 33.4575239 ] ] } },
{ "type": "Feature", "properties": { "name": null, "highway": "footway" }, "geometry": { "type": "LineString", "coordinates": [ [ -112.0653904, 33.4576493 ], [ -112.0653883, 33.4576416 ] ] } },
{ "type": "Feature", "properties": { "name": null, "highway": "footway" }, "geometry": { "type": "LineString", "coordinates": [ [ -112.0654603, 33.4576583 ], [ -112.0655177, 33.457658500000015 ], [ -112.0655688, 33.4576586 ] ] } },
{ "type": "Feature", "properties": { "name": null, "highway": "footway" }, "geometry": { "type": "LineString", "coordinates": [ [ -112.0655688, 33.4576586 ], [ -112.065971, 33.4576599 ] ] } },
{ "type": "Feature", "properties": { "name": null, "highway": "footway" }, "geometry": { "type": "LineString", "coordinates": [ [ -112.0590767, 33.45284430000001 ], [ -112.059073200000014, 33.452828 ], [ -112.0590436, 33.4528279 ] ] } },
{ "type": "Feature", "properties": { "name": null, "highway": "footway" }, "geometry": { "type": "LineString", "coordinates": [ [ -112.0590749, 33.4529464 ], [ -112.0590757, 33.452903 ], [ -112.0590767, 33.45284430000001 ] ] } },
{ "type": "Feature", "properties": { "name": null, "highway": "footway" }, "geometry": { "type": "LineString", "coordinates": [ [ -112.0588628, 33.4529463 ], [ -112.058863, 33.4529032 ], [ -112.0588632, 33.4528491 ] ] } },
{ "type": "Feature", "properties": { "name": null, "highway": "footway" }, "geometry": { "type": "LineString", "coordinates": [ [ -112.0589005, 33.4529662 ], [ -112.0588627, 33.4529633 ], [ -112.0588628, 33.4529463 ] ] } },
{ "type": "Feature", "properties": { "name": null, "highway": "footway" }, "geometry": { "type": "LineString", "coordinates": [ [ -112.059039, 33.4529703 ], [ -112.0590741, 33.4529708 ], [ -112.0590749, 33.4529464 ] ] } },
{ "type": "Feature", "properties": { "name": null, "highway": "footway" }, "geometry": { "type": "LineString", "coordinates": [ [ -112.0589005, 33.4529662 ], [ -112.0589685, 33.4529682 ], [ -112.059039, 33.4529703 ] ] } },
{ "type": "Feature", "properties": { "name": null, "highway": "footway" }, "geometry": { "type": "LineString", "coordinates": [ [ -112.060411400000021, 33.4537895 ], [ -112.0590662, 33.4537903 ], [ -112.0590702, 33.4533778 ], [ -112.0590741, 33.4529708 ], [ -112.0598044, 33.4529698 ], [ -112.0603883, 33.4529708 ], [ -112.0604195, 33.4529711 ], [ -112.0604175, 33.4533807 ], [ -112.060416, 33.4536757 ], [ -112.060418, 33.4537794 ], [ -112.060411400000021, 33.4537895 ] ] } },
{ "type": "Feature", "properties": { "name": null, "highway": "service" }, "geometry": { "type": "LineString", "coordinates": [ [ -112.062069400000013, 33.4533865 ], [ -112.061964, 33.4533861 ], [ -112.0617321, 33.453385299999987 ], [ -112.060628, 33.4533813 ], [ -112.0605323, 33.4533809 ], [ -112.0604175, 33.4533807 ], [ -112.0590702, 33.4533778 ], [ -112.058966700000013, 33.45337760000001 ], [ -112.058863800000012, 33.4533781 ], [ -112.0565306, 33.4533898 ] ] } },
{ "type": "Feature", "properties": { "name": null, "highway": "footway" }, "geometry": { "type": "LineString", "coordinates": [ [ -112.059029400000014, 33.453789299999983 ], [ -112.0589648, 33.453787499999983 ], [ -112.0589063, 33.4537859 ] ] } },
{ "type": "Feature", "properties": { "name": null, "highway": "footway" }, "geometry": { "type": "LineString", "coordinates": [ [ -112.0589063, 33.4537859 ], [ -112.0588649, 33.4537859 ], [ -112.0588648, 33.45381720000001 ] ] } },
{ "type": "Feature", "properties": { "name": null, "highway": "footway" }, "geometry": { "type": "LineString", "coordinates": [ [ -112.0590752, 33.4538198 ], [ -112.0590662, 33.4537903 ], [ -112.059029400000014, 33.453789299999983 ] ] } },
{ "type": "Feature", "properties": { "name": null, "highway": "footway" }, "geometry": { "type": "LineString", "coordinates": [ [ -112.0588634, 33.4539093 ], [ -112.058864, 33.4538681 ], [ -112.0588648, 33.45381720000001 ] ] } },
{ "type": "Feature", "properties": { "name": null, "highway": "footway" }, "geometry": { "type": "LineString", "coordinates": [ [ -112.059072, 33.45391020000001 ], [ -112.0590735, 33.4538685 ], [ -112.0590752, 33.4538198 ] ] } },
{ "type": "Feature", "properties": { "name": null, "highway": "footway" }, "geometry": { "type": "LineString", "coordinates": [ [ -112.0590343, 33.4539405 ], [ -112.0590717, 33.4539407 ], [ -112.059072, 33.45391020000001 ] ] } },
{ "type": "Feature", "properties": { "name": null, "highway": "footway" }, "geometry": { "type": "LineString", "coordinates": [ [ -112.0589063, 33.453946 ], [ -112.0588648, 33.4539462 ], [ -112.0588634, 33.4539093 ] ] } },
{ "type": "Feature", "properties": { "name": null, "highway": "footway" }, "geometry": { "type": "LineString", "coordinates": [ [ -112.0590343, 33.4539405 ], [ -112.0589641, 33.4539435 ], [ -112.0589063, 33.453946 ] ] } },
{ "type": "Feature", "properties": { "name": null, "highway": "footway" }, "geometry": { "type": "LineString", "coordinates": [ [ -112.060412, 33.4542611 ], [ -112.0604125, 33.4543497 ], [ -112.0604149, 33.4547635 ], [ -112.0590672, 33.4547645 ], [ -112.0590701, 33.4543479 ], [ -112.0590709, 33.4542282 ], [ -112.0590717, 33.4539407 ], [ -112.0603965, 33.4539401 ], [ -112.0604171, 33.4539447 ], [ -112.06041740000002, 33.4539562 ], [ -112.060412, 33.4542611 ] ] } },
{ "type": "Feature", "properties": { "name": null, "highway": "footway" }, "geometry": { "type": "LineString", "coordinates": [ [ -112.0590279, 33.4547641 ], [ -112.0589592, 33.4547646 ], [ -112.0588993, 33.4547651 ] ] } },
{ "type": "Feature", "properties": { "name": null, "highway": "footway" }, "geometry": { "type": "LineString", "coordinates": [ [ -112.0588993, 33.4547651 ], [ -112.0588617, 33.4547654 ], [ -112.0588613, 33.4547931 ] ] } },
{ "type": "Feature", "properties": { "name": null, "highway": "footway" }, "geometry": { "type": "LineString", "coordinates": [ [ -112.0590704, 33.4547931 ], [ -112.0590672, 33.4547645 ], [ -112.0590279, 33.4547641 ] ] } },
{ "type": "Feature", "properties": { "name": null, "highway": "footway" }, "geometry": { "type": "LineString", "coordinates": [ [ -112.0606281, 33.4534021 ], [ -112.060628, 33.4533813 ], [ -112.0606281, 33.453358199999983 ] ] } },
{ "type": "Feature", "properties": { "name": null, "highway": "footway" }, "geometry": { "type": "LineString", "coordinates": [ [ -112.0606298, 33.453793 ], [ -112.0606281, 33.4534021 ] ] } },
{ "type": "Feature", "properties": { "name": null, "highway": "footway" }, "geometry": { "type": "LineString", "coordinates": [ [ -112.060411400000021, 33.4537895 ], [ -112.0604488, 33.453807 ] ] } },
{ "type": "Feature", "properties": { "name": null, "highway": "footway" }, "geometry": { "type": "LineString", "coordinates": [ [ -112.0606298, 33.453793 ], [ -112.0606033, 33.453807 ] ] } },
{ "type": "Feature", "properties": { "name": null, "highway": "footway" }, "geometry": { "type": "LineString", "coordinates": [ [ -112.0606038, 33.453921599999987 ], [ -112.0605322, 33.4539212 ], [ -112.0604509, 33.4539207 ], [ -112.06045, 33.4538705 ], [ -112.0604488, 33.453807 ], [ -112.0605321, 33.453807 ], [ -112.0606033, 33.453807 ], [ -112.0606036, 33.4538704 ], [ -112.0606038, 33.453921599999987 ] ] } },
{ "type": "Feature", "properties": { "name": null, "highway": "footway" }, "geometry": { "type": "LineString", "coordinates": [ [ -112.0606291, 33.4539396 ], [ -112.0606038, 33.453921599999987 ] ] } },
{ "type": "Feature", "properties": { "name": null, "highway": "footway" }, "geometry": { "type": "LineString", "coordinates": [ [ -112.0604171, 33.4539447 ], [ -112.0604509, 33.4539207 ] ] } },
{ "type": "Feature", "properties": { "name": null, "highway": "footway" }, "geometry": { "type": "LineString", "coordinates": [ [ -112.0606291, 33.4539396 ], [ -112.060628, 33.4543319 ] ] } },
{ "type": "Feature", "properties": { "name": null, "highway": "footway" }, "geometry": { "type": "LineString", "coordinates": [ [ -112.060628, 33.4543319 ], [ -112.060628, 33.4543496 ], [ -112.0606279, 33.454373 ] ] } },
{ "type": "Feature", "properties": { "name": "North 10th Street", "highway": "residential" }, "geometry": { "type": "LineString", "coordinates": [ [ -112.0605246, 33.4528992 ], [ -112.0605252, 33.4529695 ], [ -112.0605323, 33.4533809 ], [ -112.0605321, 33.453807 ], [ -112.0605326, 33.453870599999981 ], [ -112.0605322, 33.4539212 ], [ -112.060533, 33.4543499 ], [ -112.060533, 33.4547642 ], [ -112.0605333, 33.4548299 ], [ -112.060533, 33.4549192 ], [ -112.0605337, 33.4553329 ], [ -112.0605338, 33.4554424 ], [ -112.0605338, 33.4557427 ], [ -112.060534, 33.4558106 ] ] } },
{ "type": "Feature", "properties": { "name": null, "highway": "footway" }, "geometry": { "type": "LineString", "coordinates": [ [ -112.0606279, 33.454373 ], [ -112.0606267, 33.4547658 ] ] } },
{ "type": "Feature", "properties": { "name": null, "highway": "footway" }, "geometry": { "type": "LineString", "coordinates": [ [ -112.0604561, 33.4547642 ], [ -112.060533, 33.4547642 ], [ -112.0605821, 33.4547642 ] ] } },
{ "type": "Feature", "properties": { "name": null, "highway": "footway" }, "geometry": { "type": "LineString", "coordinates": [ [ -112.0604561, 33.4547642 ], [ -112.0604149, 33.4547635 ], [ -112.0604164, 33.4547969 ] ] } },
{ "type": "Feature", "properties": { "name": null, "highway": "footway" }, "geometry": { "type": "LineString", "coordinates": [ [ -112.0606283, 33.4547964 ], [ -112.0606267, 33.4547658 ], [ -112.0605821, 33.4547642 ] ] } },
{ "type": "Feature", "properties": { "name": null, "highway": "footway" }, "geometry": { "type": "LineString", "coordinates": [ [ -112.0604153, 33.454885 ], [ -112.060416, 33.4548307 ], [ -112.0604164, 33.4547969 ] ] } },
{ "type": "Feature", "properties": { "name": null, "highway": "footway" }, "geometry": { "type": "LineString", "coordinates": [ [ -112.0606309, 33.4548841 ], [ -112.0606293, 33.4548302 ], [ -112.0606283, 33.4547964 ] ] } },
{ "type": "Feature", "properties": { "name": null, "highway": "footway" }, "geometry": { "type": "LineString", "coordinates": [ [ -112.0604625, 33.4549177 ], [ -112.0604166, 33.454915799999988 ], [ -112.0604153, 33.454885 ] ] } },
{ "type": "Feature", "properties": { "name": null, "highway": "footway" }, "geometry": { "type": "LineString", "coordinates": [ [ -112.0606309, 33.4548841 ], [ -112.0606249, 33.4549236 ], [ -112.060587, 33.4549204 ] ] } },
{ "type": "Feature", "properties": { "name": null, "highway": "footway" }, "geometry": { "type": "LineString", "coordinates": [ [ -112.060587, 33.4549204 ], [ -112.060533, 33.4549192 ], [ -112.0604625, 33.4549177 ] ] } },
{ "type": "Feature", "properties": { "name": null, "highway": "footway" }, "geometry": { "type": "LineString", "coordinates": [ [ -112.060623, 33.4553129 ], [ -112.0606249, 33.4549236 ] ] } },
{ "type": "Feature", "properties": { "name": null, "highway": "footway" }, "geometry": { "type": "LineString", "coordinates": [ [ -112.0619708, 33.4543731 ], [ -112.061966, 33.4543458 ], [ -112.061966, 33.4543256 ] ] } },
{ "type": "Feature", "properties": { "name": null, "highway": "footway" }, "geometry": { "type": "LineString", "coordinates": [ [ -112.0619715, 33.4545203 ], [ -112.062023200000013, 33.4545186 ] ] } },
{ "type": "Feature", "properties": { "name": null, "highway": "footway" }, "geometry": { "type": "LineString", "coordinates": [ [ -112.0619654, 33.4547671 ], [ -112.0619715, 33.4545203 ], [ -112.0619708, 33.4543731 ] ] } },
{ "type": "Feature", "properties": { "name": null, "highway": "footway" }, "geometry": { "type": "LineString", "coordinates": [ [ -112.0606267, 33.4547658 ], [ -112.0619654, 33.4547671 ] ] } },
{ "type": "Feature", "properties": { "name": null, "highway": "footway" }, "geometry": { "type": "LineString", "coordinates": [ [ -112.0619654, 33.4547671 ], [ -112.0619677, 33.4547982 ] ] } },
{ "type": "Feature", "properties": { "name": null, "highway": "footway" }, "geometry": { "type": "LineString", "coordinates": [ [ -112.0619677, 33.4547982 ], [ -112.0619675, 33.4548344 ], [ -112.0619672, 33.4548863 ] ] } },
{ "type": "Feature", "properties": { "name": null, "highway": "footway" }, "geometry": { "type": "LineString", "coordinates": [ [ -112.0619672, 33.4548863 ], [ -112.0619674, 33.4549245 ], [ -112.0620187, 33.4549244 ] ] } },
{ "type": "Feature", "properties": { "name": null, "highway": "footway" }, "geometry": { "type": "LineString", "coordinates": [ [ -112.0619674, 33.4549245 ], [ -112.0606249, 33.4549236 ] ] } },
{ "type": "Feature", "properties": { "name": null, "highway": "footway" }, "geometry": { "type": "LineString", "coordinates": [ [ -112.0619661, 33.4552999 ], [ -112.0619674, 33.4549245 ] ] } },
{ "type": "Feature", "properties": { "name": null, "highway": "footway" }, "geometry": { "type": "LineString", "coordinates": [ [ -112.061966, 33.455349199999986 ], [ -112.061966, 33.455324 ], [ -112.0619661, 33.4552999 ] ] } },
{ "type": "Feature", "properties": { "name": null, "highway": "footway" }, "geometry": { "type": "LineString", "coordinates": [ [ -112.058862, 33.4548856 ], [ -112.0588617, 33.4548402 ], [ -112.0588613, 33.4547931 ] ] } },
{ "type": "Feature", "properties": { "name": null, "highway": "footway" }, "geometry": { "type": "LineString", "coordinates": [ [ -112.0590685, 33.4548888 ], [ -112.0590695, 33.4548395 ], [ -112.0590704, 33.4547931 ] ] } },
{ "type": "Feature", "properties": { "name": null, "highway": "footway" }, "geometry": { "type": "LineString", "coordinates": [ [ -112.0589006, 33.4549195 ], [ -112.058861400000012, 33.4549203 ], [ -112.058862, 33.4548856 ] ] } },
{ "type": "Feature", "properties": { "name": null, "highway": "footway" }, "geometry": { "type": "LineString", "coordinates": [ [ -112.0590685, 33.4548888 ], [ -112.0590683, 33.4549147 ], [ -112.0590305, 33.4549163 ] ] } },
{ "type": "Feature", "properties": { "name": null, "highway": "footway" }, "geometry": { "type": "LineString", "coordinates": [ [ -112.0589006, 33.4549195 ], [ -112.0589588, 33.4549181 ], [ -112.0590305, 33.4549163 ] ] } },
{ "type": "Feature", "properties": { "name": null, "highway": "footway" }, "geometry": { "type": "LineString", "coordinates": [ [ -112.060411400000021, 33.45574160000001 ], [ -112.059716, 33.4557414 ], [ -112.0590639, 33.4557412 ], [ -112.0590661, 33.4553265 ], [ -112.0590683, 33.4549147 ], [ -112.0596278, 33.4549187 ], [ -112.0601477, 33.4549175 ], [ -112.0604166, 33.454915799999988 ], [ -112.060414, 33.4553324 ], [ -112.060411400000021, 33.45574160000001 ] ] } },
{ "type": "Feature", "properties": { "name": null, "highway": "service" }, "geometry": { "type": "LineString", "coordinates": [ [ -112.059465, 33.4553282 ], [ -112.0594661, 33.4553854 ], [ -112.0595481, 33.4553858 ] ] } },
{ "type": "Feature", "properties": { "name": null, "highway": "service" }, "geometry": { "type": "LineString", "coordinates": [ [ -112.0597162, 33.4558104 ], [ -112.059716, 33.4557414 ], [ -112.0597149, 33.4553696 ] ] } },
{ "type": "Feature", "properties": { "name": null, "highway": "footway" }, "geometry": { "type": "LineString", "coordinates": [ [ -112.059027, 33.4557427 ], [ -112.0589634, 33.4557415 ], [ -112.0588983, 33.4557402 ] ] } },
{ "type": "Feature", "properties": { "name": null, "highway": "footway" }, "geometry": { "type": "LineString", "coordinates": [ [ -112.0588983, 33.4557402 ], [ -112.0588622, 33.4557403 ], [ -112.058860600000017, 33.4557663 ] ] } },
{ "type": "Feature", "properties": { "name": null, "highway": "footway" }, "geometry": { "type": "LineString", "coordinates": [ [ -112.060623, 33.455355 ], [ -112.060623, 33.4553323 ], [ -112.060623, 33.4553129 ] ] } },
{ "type": "Feature", "properties": { "name": null, "highway": "footway" }, "geometry": { "type": "LineString", "coordinates": [ [ -112.0606234, 33.4553983 ], [ -112.060623, 33.455355 ] ] } },
{ "type": "Feature", "properties": { "name": null, "highway": "footway" }, "geometry": { "type": "LineString", "coordinates": [ [ -112.0606236, 33.4554758 ], [ -112.0606239, 33.4554416 ], [ -112.0606234, 33.4553983 ] ] } },
{ "type": "Feature", "properties": { "name": null, "highway": "service" }, "geometry": { "type": "LineString", "coordinates": [ [ -112.060881, 33.4554393 ], [ -112.0606524, 33.4554413 ], [ -112.0606239, 33.4554416 ], [ -112.0605338, 33.4554424 ] ] } },
{ "type": "Feature", "properties": { "name": null, "highway": "footway" }, "geometry": { "type": "LineString", "coordinates": [ [ -112.0605864, 33.4557425 ], [ -112.060621, 33.4557425 ], [ -112.0606236, 33.4554758 ] ] } },
{ "type": "Feature", "properties": { "name": null, "highway": "footway" }, "geometry": { "type": "LineString", "coordinates": [ [ -112.060411400000021, 33.45574160000001 ], [ -112.0604575, 33.4557432 ] ] } },
{ "type": "Feature", "properties": { "name": null, "highway": "footway" }, "geometry": { "type": "LineString", "coordinates": [ [ -112.0605864, 33.4557425 ], [ -112.0605338, 33.4557427 ], [ -112.0604575, 33.4557432 ] ] } },
{ "type": "Feature", "properties": { "name": null, "highway": "footway" }, "geometry": { "type": "LineString", "coordinates": [ [ -112.0607515, 33.4558658 ], [ -112.0606929, 33.455862 ], [ -112.0606127, 33.4558568 ], [ -112.0606021, 33.4558106 ], [ -112.0605864, 33.4557425 ] ] } },
{ "type": "Feature", "properties": { "name": null, "highway": "footway" }, "geometry": { "type": "LineString", "coordinates": [ [ -112.0605989, 33.4558773 ], [ -112.0606127, 33.4558568 ] ] } },
{ "type": "Feature", "properties": { "name": null, "highway": "footway" }, "geometry": { "type": "LineString", "coordinates": [ [ -112.0607577, 33.455887899999986 ], [ -112.0607515, 33.4558658 ] ] } },
{ "type": "Feature", "properties": { "name": null, "highway": "footway" }, "geometry": { "type": "LineString", "coordinates": [ [ -112.0619666, 33.4557367 ], [ -112.061966, 33.455349199999986 ] ] } },
{ "type": "Feature", "properties": { "name": null, "highway": "footway" }, "geometry": { "type": "LineString", "coordinates": [ [ -112.0619666, 33.4557367 ], [ -112.060621, 33.4557425 ] ] } },
{ "type": "Feature", "properties": { "name": null, "highway": "footway" }, "geometry": { "type": "LineString", "coordinates": [ [ -112.0619666, 33.4557367 ], [ -112.0619831, 33.4557493 ] ] } },
{ "type": "Feature", "properties": { "name": null, "highway": "footway" }, "geometry": { "type": "LineString", "coordinates": [ [ -112.0619664, 33.4558812 ], [ -112.0620046, 33.4558672 ] ] } },
{ "type": "Feature", "properties": { "name": null, "highway": "footway" }, "geometry": { "type": "LineString", "coordinates": [ [ -112.0619664, 33.4558812 ], [ -112.0607731, 33.4558831 ], [ -112.0607577, 33.455887899999986 ] ] } },
{ "type": "Feature", "properties": { "name": null, "highway": "footway" }, "geometry": { "type": "LineString", "coordinates": [ [ -112.0619648, 33.4562676 ], [ -112.0619664, 33.4558812 ] ] } },
{ "type": "Feature", "properties": { "name": null, "highway": "footway" }, "geometry": { "type": "LineString", "coordinates": [ [ -112.0619648, 33.45631070000001 ], [ -112.0619648, 33.4562845 ], [ -112.0619648, 33.4562676 ] ] } },
{ "type": "Feature", "properties": { "name": null, "highway": "footway" }, "geometry": { "type": "LineString", "coordinates": [ [ -112.0619656, 33.456699399999984 ], [ -112.061965, 33.4566322 ], [ -112.0619648, 33.45631070000001 ] ] } },
{ "type": "Feature", "properties": { "name": null, "highway": "footway" }, "geometry": { "type": "LineString", "coordinates": [ [ -112.061965, 33.4566322 ], [ -112.0620165, 33.456633 ] ] } },
{ "type": "Feature", "properties": { "name": null, "highway": "footway" }, "geometry": { "type": "LineString", "coordinates": [ [ -112.0619656, 33.456699399999984 ], [ -112.0607518, 33.4567024 ] ] } },
{ "type": "Feature", "properties": { "name": null, "highway": "footway" }, "geometry": { "type": "LineString", "coordinates": [ [ -112.0590658, 33.4557645 ], [ -112.0590639, 33.4557412 ], [ -112.059027, 33.4557427 ] ] } },
{ "type": "Feature", "properties": { "name": null, "highway": "footway" }, "geometry": { "type": "LineString", "coordinates": [ [ -112.058858200000017, 33.455849 ], [ -112.0588593, 33.4558103 ], [ -112.058860600000017, 33.4557663 ] ] } },
{ "type": "Feature", "properties": { "name": null, "highway": "footway" }, "geometry": { "type": "LineString", "coordinates": [ [ -112.0590669, 33.4558548 ], [ -112.0590664, 33.455810299999989 ], [ -112.0590658, 33.4557645 ] ] } },
{ "type": "Feature", "properties": { "name": null, "highway": "footway" }, "geometry": { "type": "LineString", "coordinates": [ [ -112.0589027, 33.4558767 ], [ -112.0588583, 33.4558758 ], [ -112.058858200000017, 33.455849 ] ] } },
{ "type": "Feature", "properties": { "name": null, "highway": "footway" }, "geometry": { "type": "LineString", "coordinates": [ [ -112.0590669, 33.4558548 ], [ -112.0590678, 33.4558834 ], [ -112.059024, 33.4558789 ] ] } },
{ "type": "Feature", "properties": { "name": null, "highway": "footway" }, "geometry": { "type": "LineString", "coordinates": [ [ -112.0589027, 33.4558767 ], [ -112.0589639, 33.4558778 ], [ -112.059024, 33.4558789 ] ] } },
{ "type": "Feature", "properties": { "name": "North 11th Street", "highway": "tertiary" }, "geometry": { "type": "LineString", "coordinates": [ [ -112.05898, 33.4513481 ], [ -112.0589775, 33.4514544 ], [ -112.0589751, 33.4515316 ], [ -112.0589744, 33.4516723 ], [ -112.058974, 33.4517693 ], [ -112.0589721, 33.4520148 ], [ -112.0589704, 33.4522423 ], [ -112.0589728, 33.4523775 ], [ -112.0589719, 33.452493 ], [ -112.0589694, 33.4528267 ], [ -112.0589688, 33.4529033 ], [ -112.0589685, 33.4529682 ], [ -112.058966700000013, 33.45337760000001 ], [ -112.0589648, 33.453787499999983 ], [ -112.0589644, 33.4538683 ], [ -112.0589641, 33.4539435 ], [ -112.0589622, 33.4543477 ], [ -112.0589592, 33.4547646 ], [ -112.0589586, 33.4548402 ], [ -112.0589588, 33.4549181 ], [ -112.0589598, 33.455326 ], [ -112.0589634, 33.4557415 ], [ -112.058964, 33.4558103 ], [ -112.0589639, 33.4558778 ], [ -112.0589631, 33.4562902 ], [ -112.0589569, 33.4567012 ], [ -112.0589558, 33.4567728 ], [ -112.0589557, 33.4568444 ], [ -112.0589551, 33.457250600000016 ], [ -112.0589528, 33.4576601 ], [ -112.0589524, 33.4577353 ], [ -112.058952, 33.4578035 ], [ -112.0589499, 33.458218399999986 ], [ -112.0589476, 33.4584583 ], [ -112.0589464, 33.458589 ], [ -112.058945, 33.4586682 ], [ -112.0589443, 33.4587457 ], [ -112.0589414, 33.4590669 ], [ -112.05894, 33.4592124 ], [ -112.0589395, 33.4592711 ], [ -112.0589364, 33.4598327 ], [ -112.0589358, 33.4599361 ], [ -112.0589353, 33.4600242 ], [ -112.0589329, 33.4604792 ], [ -112.0589326, 33.460716 ], [ -112.0589308, 33.461153499999988 ], [ -112.0589304, 33.46125 ] ] } },
{ "type": "Feature", "properties": { "name": null, "highway": "footway" }, "geometry": { "type": "LineString", "coordinates": [ [ -112.0606031, 33.4566991 ], [ -112.0590646, 33.4567 ], [ -112.0590648, 33.4566285 ] ] } },
{ "type": "Feature", "properties": { "name": null, "highway": "footway" }, "geometry": { "type": "LineString", "coordinates": [ [ -112.0590244, 33.4567014 ], [ -112.0589569, 33.4567012 ], [ -112.058901, 33.456701099999989 ] ] } },
{ "type": "Feature", "properties": { "name": null, "highway": "footway" }, "geometry": { "type": "LineString", "coordinates": [ [ -112.058901, 33.456701099999989 ], [ -112.0588597, 33.4566996 ], [ -112.0588597, 33.4567289 ] ] } },
{ "type": "Feature", "properties": { "name": null, "highway": "footway" }, "geometry": { "type": "LineString", "coordinates": [ [ -112.0607542, 33.4562438 ], [ -112.060752, 33.4558998 ], [ -112.0607577, 33.455887899999986 ] ] } },
{ "type": "Feature", "properties": { "name": null, "highway": "footway" }, "geometry": { "type": "LineString", "coordinates": [ [ -112.0606081, 33.4562697 ], [ -112.060609900000017, 33.4558892 ], [ -112.0605989, 33.4558773 ] ] } },
{ "type": "Feature", "properties": { "name": null, "highway": "footway" }, "geometry": { "type": "LineString", "coordinates": [ [ -112.0605989, 33.4558773 ], [ -112.0605815, 33.455878 ], [ -112.0590678, 33.4558834 ], [ -112.0590662, 33.4562905 ], [ -112.0590648, 33.4566285 ] ] } },
{ "type": "Feature", "properties": { "name": null, "highway": "footway" }, "geometry": { "type": "LineString", "coordinates": [ [ -112.0607529, 33.456324 ], [ -112.060753, 33.4562942 ], [ -112.0607542, 33.4562438 ] ] } },
{ "type": "Feature", "properties": { "name": null, "highway": "footway" }, "geometry": { "type": "LineString", "coordinates": [ [ -112.0606078, 33.4563087 ], [ -112.060608, 33.4562944 ], [ -112.0606081, 33.4562697 ] ] } },
{ "type": "Feature", "properties": { "name": null, "highway": "footway" }, "geometry": { "type": "LineString", "coordinates": [ [ -112.0606031, 33.4566991 ], [ -112.0606078, 33.4563087 ] ] } },
{ "type": "Feature", "properties": { "name": null, "highway": "footway" }, "geometry": { "type": "LineString", "coordinates": [ [ -112.0607518, 33.4567024 ], [ -112.0607529, 33.456324 ] ] } },
{ "type": "Feature", "properties": { "name": null, "highway": "footway" }, "geometry": { "type": "LineString", "coordinates": [ [ -112.0606031, 33.4566991 ], [ -112.0606097, 33.4567208 ] ] } },
{ "type": "Feature", "properties": { "name": null, "highway": "footway" }, "geometry": { "type": "LineString", "coordinates": [ [ -112.0607518, 33.4567024 ], [ -112.0607501, 33.4567198 ] ] } },
{ "type": "Feature", "properties": { "name": null, "highway": "footway" }, "geometry": { "type": "LineString", "coordinates": [ [ -112.0607436, 33.4568279 ], [ -112.0606869, 33.4568262 ], [ -112.0606136, 33.456824 ], [ -112.0606118, 33.4567754 ], [ -112.0606097, 33.4567208 ], [ -112.0606875, 33.4567202 ], [ -112.0607501, 33.4567198 ], [ -112.0607468, 33.4567751 ], [ -112.0607436, 33.4568279 ] ] } },
{ "type": "Feature", "properties": { "name": null, "highway": "footway" }, "geometry": { "type": "LineString", "coordinates": [ [ -112.0650607, 33.4546574 ], [ -112.0650163, 33.454639 ], [ -112.0645801, 33.4546388 ], [ -112.063797400000013, 33.4546386 ], [ -112.0635701, 33.4546403 ], [ -112.0621746, 33.454648699999986 ] ] } },
{ "type": "Feature", "properties": { "name": null, "highway": "service" }, "geometry": { "type": "LineString", "coordinates": [ [ -112.0635733, 33.4547467 ], [ -112.0635701, 33.4546403 ], [ -112.063568, 33.4545658 ] ] } },
{ "type": "Feature", "properties": { "name": null, "highway": "service" }, "geometry": { "type": "LineString", "coordinates": [ [ -112.063798, 33.4547469 ], [ -112.063797400000013, 33.4546386 ], [ -112.0637972, 33.4545642 ] ] } },
{ "type": "Feature", "properties": { "name": null, "highway": "service" }, "geometry": { "type": "LineString", "coordinates": [ [ -112.064593, 33.4545583 ], [ -112.0645801, 33.4546388 ], [ -112.0645622, 33.4547512 ], [ -112.063798, 33.4547469 ] ] } },
{ "type": "Feature", "properties": { "name": null, "highway": "service" }, "geometry": { "type": "LineString", "coordinates": [ [ -112.063798, 33.4547469 ], [ -112.0635733, 33.4547467 ] ] } },
{ "type": "Feature", "properties": { "name": null, "highway": "service" }, "geometry": { "type": "LineString", "coordinates": [ [ -112.063475, 33.4558148 ], [ -112.0634751, 33.4557487 ], [ -112.0634766, 33.4552671 ] ] } },
{ "type": "Feature", "properties": { "name": null, "highway": "footway" }, "geometry": { "type": "LineString", "coordinates": [ [ -112.0650665, 33.4557396 ], [ -112.065019, 33.4557488 ], [ -112.0634751, 33.4557487 ], [ -112.0633255, 33.4557475 ], [ -112.0621678, 33.4557382 ] ] } },
{ "type": "Feature", "properties": { "name": null, "highway": "footway" }, "geometry": { "type": "LineString", "coordinates": [ [ -112.0633062, 33.4559086 ], [ -112.0633216, 33.4558156 ], [ -112.0633255, 33.4557475 ] ] } },
{ "type": "Feature", "properties": { "name": null, "highway": "footway" }, "geometry": { "type": "LineString", "coordinates": [ [ -112.0645894, 33.4559101 ], [ -112.0633062, 33.4559086 ], [ -112.0621819, 33.4559073 ] ] } },
{ "type": "Feature", "properties": { "name": null, "highway": "footway" }, "geometry": { "type": "LineString", "coordinates": [ [ -112.0646539, 33.4559105 ], [ -112.064608, 33.4559101 ], [ -112.0645894, 33.4559101 ] ] } },
{ "type": "Feature", "properties": { "name": "North 9th Street", "highway": "residential" }, "geometry": { "type": "LineString", "coordinates": [ [ -112.0620684, 33.4545767 ], [ -112.0620653, 33.4548347 ] ] } },
{ "type": "Feature", "properties": { "name": null, "highway": "footway" }, "geometry": { "type": "LineString", "coordinates": [ [ -112.0621377, 33.4549221 ], [ -112.0620656, 33.4549235 ], [ -112.0620187, 33.4549244 ] ] } },
{ "type": "Feature", "properties": { "name": null, "highway": "footway" }, "geometry": { "type": "LineString", "coordinates": [ [ -112.0621838, 33.4549238 ], [ -112.0621377, 33.4549221 ] ] } },
{ "type": "Feature", "properties": { "name": null, "highway": "service" }, "geometry": { "type": "LineString", "coordinates": [ [ -112.062913, 33.4551498 ], [ -112.0621832, 33.455149 ], [ -112.0620671, 33.4551489 ] ] } },
{ "type": "Feature", "properties": { "name": null, "highway": "footway" }, "geometry": { "type": "LineString", "coordinates": [ [ -112.0621678, 33.4557382 ], [ -112.0621832, 33.455149 ], [ -112.0621838, 33.4549238 ], [ -112.0621746, 33.454648699999986 ] ] } },
{ "type": "Feature", "properties": { "name": null, "highway": "footway" }, "geometry": { "type": "LineString", "coordinates": [ [ -112.0621678, 33.4557382 ], [ -112.062145, 33.4557531 ] ] } },
{ "type": "Feature", "properties": { "name": null, "highway": "footway" }, "geometry": { "type": "LineString", "coordinates": [ [ -112.062152200000014, 33.45589 ], [ -112.0620663, 33.4558767 ], [ -112.0620046, 33.4558672 ], [ -112.0619942, 33.4558104 ], [ -112.0619831, 33.4557493 ], [ -112.0620671, 33.4557513 ], [ -112.062145, 33.4557531 ], [ -112.0621481, 33.4558112 ], [ -112.062152200000014, 33.45589 ] ] } },
{ "type": "Feature", "properties": { "name": null, "highway": "footway" }, "geometry": { "type": "LineString", "coordinates": [ [ -112.0621819, 33.4559073 ], [ -112.062152200000014, 33.45589 ] ] } },
{ "type": "Feature", "properties": { "name": null, "highway": "footway" }, "geometry": { "type": "LineString", "coordinates": [ [ -112.0621809, 33.4563952 ], [ -112.0621854, 33.4562705 ], [ -112.0621819, 33.4559073 ] ] } },
{ "type": "Feature", "properties": { "name": null, "highway": "footway" }, "geometry": { "type": "LineString", "coordinates": [ [ -112.0621798, 33.4566674 ], [ -112.0621791, 33.456634200000011 ], [ -112.0621794, 33.4564444 ], [ -112.0621794, 33.4564186 ], [ -112.0621809, 33.4563952 ] ] } },
{ "type": "Feature", "properties": { "name": null, "highway": "footway" }, "geometry": { "type": "LineString", "coordinates": [ [ -112.0650658, 33.4558934 ], [ -112.0650659, 33.4558121 ], [ -112.0650678, 33.4557555 ] ] } },
{ "type": "Feature", "properties": { "name": null, "highway": "footway" }, "geometry": { "type": "LineString", "coordinates": [ [ -112.0650651, 33.4559137 ], [ -112.0650658, 33.4558934 ] ] } },
{ "type": "Feature", "properties": { "name": null, "highway": "footway" }, "geometry": { "type": "LineString", "coordinates": [ [ -112.0650688, 33.4566602 ], [ -112.0650804, 33.4566351 ], [ -112.0650807, 33.4564756 ], [ -112.0650819, 33.455938 ], [ -112.0650651, 33.4559137 ] ] } },
{ "type": "Feature", "properties": { "name": null, "highway": "footway" }, "geometry": { "type": "LineString", "coordinates": [ [ -112.0650933, 33.4564756 ], [ -112.0650807, 33.4564756 ] ] } },
{ "type": "Feature", "properties": { "name": null, "highway": "footway" }, "geometry": { "type": "LineString", "coordinates": [ [ -112.0653567, 33.4564762 ], [ -112.0652149, 33.4564759 ], [ -112.0650933, 33.4564756 ] ] } },
{ "type": "Feature", "properties": { "name": "North 7th Street", "highway": "primary" }, "geometry": { "type": "LineString", "coordinates": [ [ -112.065226400000014, 33.4550827 ], [ -112.06522, 33.4553219 ], [ -112.0652147, 33.4555219 ], [ -112.065215, 33.4555749 ], [ -112.0652162, 33.4558113 ], [ -112.0652149, 33.4564759 ], [ -112.0652147, 33.4565602 ], [ -112.0652162, 33.4566583 ], [ -112.0652171, 33.4567173 ], [ -112.065228, 33.4571704 ], [ -112.0652376, 33.4575703 ], [ -112.0652428, 33.4580512 ], [ -112.0652436, 33.4581296 ] ] } },
{ "type": "Feature", "properties": { "name": null, "highway": "footway" }, "geometry": { "type": "LineString", "coordinates": [ [ -112.0653587, 33.4566564 ], [ -112.0652162, 33.4566583 ], [ -112.0650688, 33.4566602 ] ] } },
{ "type": "Feature", "properties": { "name": null, "highway": "footway" }, "geometry": { "type": "LineString", "coordinates": [ [ -112.0650462, 33.4566681 ], [ -112.0650505, 33.4566771 ] ] } },
{ "type": "Feature", "properties": { "name": null, "highway": "footway" }, "geometry": { "type": "LineString", "coordinates": [ [ -112.065077300000013, 33.4567703 ], [ -112.065062, 33.4567172 ], [ -112.0650505, 33.4566771 ] ] } },
{ "type": "Feature", "properties": { "name": null, "highway": "footway" }, "geometry": { "type": "LineString", "coordinates": [ [ -112.065073, 33.4567736 ], [ -112.0650295, 33.4567627 ], [ -112.0647231, 33.4567636 ] ] } },
{ "type": "Feature", "properties": { "name": null, "highway": "footway" }, "geometry": { "type": "LineString", "coordinates": [ [ -112.0650651, 33.4559137 ], [ -112.0646539, 33.4559105 ] ] } },
{ "type": "Feature", "properties": { "name": null, "highway": "service" }, "geometry": { "type": "LineString", "coordinates": [ [ -112.0620669, 33.4564177 ], [ -112.0621794, 33.4564186 ], [ -112.0633874, 33.4564276 ], [ -112.0646147, 33.45642320000001 ], [ -112.064608, 33.4559101 ], [ -112.0646074, 33.4558112 ] ] } },
{ "type": "Feature", "properties": { "name": null, "highway": "footway" }, "geometry": { "type": "LineString", "coordinates": [ [ -112.0650688, 33.4566602 ], [ -112.0650462, 33.4566681 ], [ -112.0650344, 33.456672299999987 ], [ -112.0621798, 33.4566674 ] ] } },
{ "type": "Feature", "properties": { "name": "East McKinley Street", "highway": "residential" }, "geometry": { "type": "LineString", "coordinates": [ [ -112.0652171, 33.4567173 ], [ -112.0650637, 33.4567172 ], [ -112.065062, 33.4567172 ], [ -112.0646543, 33.4567134 ], [ -112.0621808, 33.4567133 ], [ -112.0620717, 33.4567133 ] ] } },
{ "type": "Feature", "properties": { "name": null, "highway": "footway" }, "geometry": { "type": "LineString", "coordinates": [ [ -112.0646287, 33.4567638 ], [ -112.062183, 33.4567615 ] ] } },
{ "type": "Feature", "properties": { "name": null, "highway": "footway" }, "geometry": { "type": "LineString", "coordinates": [ [ -112.0647231, 33.4567636 ], [ -112.064654, 33.4567638 ], [ -112.0646287, 33.4567638 ] ] } },
{ "type": "Feature", "properties": { "name": null, "highway": "service" }, "geometry": { "type": "LineString", "coordinates": [ [ -112.0646543, 33.4567134 ], [ -112.064654, 33.4567638 ], [ -112.06466140000002, 33.457098099999989 ] ] } },
{ "type": "Feature", "properties": { "name": null, "highway": "service" }, "geometry": { "type": "LineString", "coordinates": [ [ -112.06466140000002, 33.457098099999989 ], [ -112.0649596, 33.4570987 ], [ -112.0650105, 33.4571725 ] ] } },
{ "type": "Feature", "properties": { "name": null, "highway": "service" }, "geometry": { "type": "LineString", "coordinates": [ [ -112.0645913, 33.4575342 ], [ -112.0645922, 33.4574797 ], [ -112.064596300000019, 33.4573123 ], [ -112.064596300000019, 33.4570904 ], [ -112.0645915, 33.4570739 ], [ -112.064575800000014, 33.4570636 ], [ -112.0640707, 33.457059499999986 ], [ -112.0640502, 33.4570691 ], [ -112.064038, 33.45709080000001 ], [ -112.0640264, 33.4571341 ], [ -112.0640286, 33.45748 ], [ -112.0640298, 33.4575338 ] ] } },
{ "type": "Feature", "properties": { "name": null, "highway": "footway" }, "geometry": { "type": "LineString", "coordinates": [ [ -112.0640652, 33.45748 ], [ -112.0640286, 33.45748 ], [ -112.064019, 33.45748 ] ] } },
{ "type": "Feature", "properties": { "name": null, "highway": "footway" }, "geometry": { "type": "LineString", "coordinates": [ [ -112.0620165, 33.456633 ], [ -112.0620696, 33.456633 ], [ -112.0621361, 33.456633 ] ] } },
{ "type": "Feature", "properties": { "name": null, "highway": "footway" }, "geometry": { "type": "LineString", "coordinates": [ [ -112.0621791, 33.456634200000011 ], [ -112.0621361, 33.456633 ] ] } },
{ "type": "Feature", "properties": { "name": null, "highway": "footway" }, "geometry": { "type": "LineString", "coordinates": [ [ -112.0621798, 33.4566674 ], [ -112.0621801, 33.456678599999989 ] ] } },
{ "type": "Feature", "properties": { "name": null, "highway": "footway" }, "geometry": { "type": "LineString", "coordinates": [ [ -112.0621816, 33.456754 ], [ -112.0621808, 33.4567133 ], [ -112.0621801, 33.456678599999989 ] ] } },
{ "type": "Feature", "properties": { "name": null, "highway": "footway" }, "geometry": { "type": "LineString", "coordinates": [ [ -112.062183, 33.4567615 ], [ -112.0621816, 33.456754 ] ] } },
{ "type": "Feature", "properties": { "name": null, "highway": "footway" }, "geometry": { "type": "LineString", "coordinates": [ [ -112.062016, 33.4568434 ], [ -112.0620687, 33.4568435 ], [ -112.0621332, 33.4568437 ] ] } },
{ "type": "Feature", "properties": { "name": null, "highway": "footway" }, "geometry": { "type": "LineString", "coordinates": [ [ -112.0621817, 33.4568438 ], [ -112.0621332, 33.4568437 ] ] } },
{ "type": "Feature", "properties": { "name": null, "highway": "footway" }, "geometry": { "type": "LineString", "coordinates": [ [ -112.0621803, 33.4574783 ], [ -112.0621817, 33.4568438 ], [ -112.062183, 33.4567615 ] ] } },
{ "type": "Feature", "properties": { "name": null, "highway": "service" }, "geometry": { "type": "LineString", "coordinates": [ [ -112.0632886, 33.4575333 ], [ -112.0632875, 33.4574805 ], [ -112.0632852, 33.4572432 ], [ -112.0632618, 33.4571239 ] ] } },
{ "type": "Feature", "properties": { "name": null, "highway": "footway" }, "geometry": { "type": "LineString", "coordinates": [ [ -112.0621803, 33.4574783 ], [ -112.0621774, 33.4574901 ] ] } },
{ "type": "Feature", "properties": { "name": null, "highway": "footway" }, "geometry": { "type": "LineString", "coordinates": [ [ -112.0619656, 33.456699399999984 ], [ -112.0619665, 33.4567286 ] ] } },
{ "type": "Feature", "properties": { "name": null, "highway": "footway" }, "geometry": { "type": "LineString", "coordinates": [ [ -112.061964, 33.4568129 ], [ -112.0619653, 33.4567679 ], [ -112.0619665, 33.4567286 ] ] } },
{ "type": "Feature", "properties": { "name": null, "highway": "footway" }, "geometry": { "type": "LineString", "coordinates": [ [ -112.062016, 33.4568434 ], [ -112.0619663, 33.4568443 ], [ -112.061964, 33.4568129 ] ] } },
{ "type": "Feature", "properties": { "name": null, "highway": "footway" }, "geometry": { "type": "LineString", "coordinates": [ [ -112.060754, 33.456843 ], [ -112.0619663, 33.4568443 ] ] } },
{ "type": "Feature", "properties": { "name": null, "highway": "footway" }, "geometry": { "type": "LineString", "coordinates": [ [ -112.0619641, 33.4572245 ], [ -112.0619663, 33.4568443 ] ] } },
{ "type": "Feature", "properties": { "name": null, "highway": "footway" }, "geometry": { "type": "LineString", "coordinates": [ [ -112.0619639, 33.4572767 ], [ -112.061964, 33.457246499999989 ], [ -112.0619641, 33.4572245 ] ] } },
{ "type": "Feature", "properties": { "name": null, "highway": "footway" }, "geometry": { "type": "LineString", "coordinates": [ [ -112.0619635, 33.4576654 ], [ -112.0619639, 33.4572767 ] ] } },
{ "type": "Feature", "properties": { "name": null, "highway": "footway" }, "geometry": { "type": "LineString", "coordinates": [ [ -112.0607502, 33.4576635 ], [ -112.0619635, 33.4576654 ] ] } },
{ "type": "Feature", "properties": { "name": null, "highway": "footway" }, "geometry": { "type": "LineString", "coordinates": [ [ -112.0620094, 33.4576633 ], [ -112.0619635, 33.4576654 ], [ -112.061962900000012, 33.4576893 ] ] } },
{ "type": "Feature", "properties": { "name": null, "highway": "footway" }, "geometry": { "type": "LineString", "coordinates": [ [ -112.061963, 33.4577766 ], [ -112.061962900000012, 33.4577304 ], [ -112.061962900000012, 33.4576893 ] ] } },
{ "type": "Feature", "properties": { "name": null, "highway": "footway" }, "geometry": { "type": "LineString", "coordinates": [ [ -112.0645705, 33.4574797 ], [ -112.0640652, 33.45748 ] ] } },
{ "type": "Feature", "properties": { "name": null, "highway": "footway" }, "geometry": { "type": "LineString", "coordinates": [ [ -112.0646155, 33.45748 ], [ -112.0645922, 33.4574797 ], [ -112.0645705, 33.4574797 ] ] } },
{ "type": "Feature", "properties": { "name": null, "highway": "footway" }, "geometry": { "type": "LineString", "coordinates": [ [ -112.065063, 33.457471 ], [ -112.0650321, 33.4574862 ], [ -112.0646155, 33.45748 ] ] } },
{ "type": "Feature", "properties": { "name": "East Garfield Street", "highway": "residential" }, "geometry": { "type": "LineString", "coordinates": [ [ -112.0652376, 33.4575703 ], [ -112.0650687, 33.4575382 ], [ -112.065050400000018, 33.4575346 ], [ -112.0645913, 33.4575342 ], [ -112.0644071, 33.4575341 ], [ -112.0640298, 33.4575338 ], [ -112.0638214, 33.4575337 ], [ -112.0636367, 33.4575336 ], [ -112.0632886, 33.4575333 ], [ -112.0628527, 33.4575358 ], [ -112.062177, 33.4575326 ], [ -112.0620659, 33.4575325 ] ] } },
{ "type": "Feature", "properties": { "name": null, "highway": "footway" }, "geometry": { "type": "LineString", "coordinates": [ [ -112.063533, 33.4575964 ], [ -112.0635741, 33.4575976 ] ] } },
{ "type": "Feature", "properties": { "name": null, "highway": "footway" }, "geometry": { "type": "LineString", "coordinates": [ [ -112.0635741, 33.4575976 ], [ -112.063636, 33.4575993 ], [ -112.0636827, 33.4576002 ] ] } },
{ "type": "Feature", "properties": { "name": null, "highway": "footway" }, "geometry": { "type": "LineString", "coordinates": [ [ -112.0637278, 33.4576016 ], [ -112.0636827, 33.4576002 ] ] } },
{ "type": "Feature", "properties": { "name": null, "highway": "footway" }, "geometry": { "type": "LineString", "coordinates": [ [ -112.0643781, 33.4575996 ], [ -112.0637278, 33.4576016 ] ] } },
{ "type": "Feature", "properties": { "name": null, "highway": "footway" }, "geometry": { "type": "LineString", "coordinates": [ [ -112.0644378, 33.4575991 ], [ -112.064407, 33.4575994 ], [ -112.0643781, 33.4575996 ] ] } },
{ "type": "Feature", "properties": { "name": null, "highway": "footway" }, "geometry": { "type": "LineString", "coordinates": [ [ -112.0650691, 33.457989799999986 ], [ -112.0650779, 33.457639 ], [ -112.065065, 33.4576091 ], [ -112.0650198, 33.4575942 ], [ -112.0644378, 33.4575991 ] ] } },
{ "type": "Feature", "properties": { "name": null, "highway": "footway" }, "geometry": { "type": "LineString", "coordinates": [ [ -112.064019, 33.45748 ], [ -112.0632875, 33.4574805 ], [ -112.0621803, 33.4574783 ] ] } },
{ "type": "Feature", "properties": { "name": null, "highway": "footway" }, "geometry": { "type": "LineString", "coordinates": [ [ -112.0621765, 33.4575849 ], [ -112.062177, 33.4575326 ], [ -112.0621774, 33.4574901 ] ] } },
{ "type": "Feature", "properties": { "name": null, "highway": "footway" }, "geometry": { "type": "LineString", "coordinates": [ [ -112.0621772, 33.4575995 ], [ -112.0621765, 33.4575849 ] ] } },
{ "type": "Feature", "properties": { "name": null, "highway": "footway" }, "geometry": { "type": "LineString", "coordinates": [ [ -112.0621772, 33.4575995 ], [ -112.0628273, 33.4575981 ] ] } },
{ "type": "Feature", "properties": { "name": null, "highway": "footway" }, "geometry": { "type": "LineString", "coordinates": [ [ -112.0628273, 33.4575981 ], [ -112.0628528, 33.457597799999988 ], [ -112.062886, 33.4575974 ] ] } },
{ "type": "Feature", "properties": { "name": null, "highway": "footway" }, "geometry": { "type": "LineString", "coordinates": [ [ -112.062886, 33.4575974 ], [ -112.063533, 33.4575964 ] ] } },
{ "type": "Feature", "properties": { "name": null, "highway": "footway" }, "geometry": { "type": "LineString", "coordinates": [ [ -112.0621291, 33.4576638 ], [ -112.0620637, 33.4576635 ], [ -112.0620094, 33.4576633 ] ] } },
{ "type": "Feature", "properties": { "name": null, "highway": "footway" }, "geometry": { "type": "LineString", "coordinates": [ [ -112.0621765, 33.4576639 ], [ -112.0621291, 33.4576638 ] ] } },
{ "type": "Feature", "properties": { "name": null, "highway": "service" }, "geometry": { "type": "LineString", "coordinates": [ [ -112.0628616, 33.4586854 ], [ -112.062861, 33.4586463 ], [ -112.062861, 33.4584311 ], [ -112.0628528, 33.457597799999988 ], [ -112.0628527, 33.4575358 ] ] } },
{ "type": "Feature", "properties": { "name": null, "highway": "footway" }, "geometry": { "type": "LineString", "coordinates": [ [ -112.0621741, 33.4586459 ], [ -112.0621737, 33.4586119 ], [ -112.062172300000015, 33.458448 ], [ -112.0621765, 33.4576639 ], [ -112.0621772, 33.4575995 ] ] } },
{ "type": "Feature", "properties": { "name": "North 8th Street", "highway": "residential" }, "geometry": { "type": "LineString", "coordinates": [ [ -112.0636367, 33.4575336 ], [ -112.063636, 33.4575993 ], [ -112.0636351, 33.458147 ], [ -112.0636331, 33.4586488 ], [ -112.0636337, 33.458686 ] ] } },
{ "type": "Feature", "properties": { "name": null, "highway": "service" }, "geometry": { "type": "LineString", "coordinates": [ [ -112.0644071, 33.4575341 ], [ -112.064407, 33.4575994 ], [ -112.064412, 33.4584863 ], [ -112.064412, 33.4586475 ], [ -112.0644134, 33.4586857 ] ] } },
{ "type": "Feature", "properties": { "name": null, "highway": "footway" }, "geometry": { "type": "LineString", "coordinates": [ [ -112.063533, 33.4575964 ], [ -112.0635337, 33.4586448 ] ] } },
{ "type": "Feature", "properties": { "name": null, "highway": "footway" }, "geometry": { "type": "LineString", "coordinates": [ [ -112.0637269, 33.4586465 ], [ -112.0637278, 33.4576016 ] ] } },
{ "type": "Feature", "properties": { "name": null, "highway": "service" }, "geometry": { "type": "LineString", "coordinates": [ [ -112.0647651, 33.4585197 ], [ -112.064951900000011, 33.4585158 ], [ -112.0649494, 33.4580524 ] ] } },
{ "type": "Feature", "properties": { "name": null, "highway": "footway" }, "geometry": { "type": "LineString", "coordinates": [ [ -112.0648501, 33.4585995 ], [ -112.0647914, 33.4586046 ], [ -112.0647232, 33.458611299999987 ] ] } },
{ "type": "Feature", "properties": { "name": null, "highway": "footway" }, "geometry": { "type": "LineString", "coordinates": [ [ -112.0647232, 33.458611299999987 ], [ -112.0644475, 33.4586426 ] ] } },
{ "type": "Feature", "properties": { "name": null, "highway": "footway" }, "geometry": { "type": "LineString", "coordinates": [ [ -112.0637269, 33.4586465 ], [ -112.063690900000012, 33.4586469 ] ] } },
{ "type": "Feature", "properties": { "name": null, "highway": "footway" }, "geometry": { "type": "LineString", "coordinates": [ [ -112.0635337, 33.4586448 ], [ -112.0635511, 33.4586515 ] ] } },
{ "type": "Feature", "properties": { "name": null, "highway": "footway" }, "geometry": { "type": "LineString", "coordinates": [ [ -112.0643738, 33.4586474 ], [ -112.0637269, 33.4586465 ] ] } },
{ "type": "Feature", "properties": { "name": null, "highway": "service" }, "geometry": { "type": "LineString", "coordinates": [ [ -112.062861, 33.4584311 ], [ -112.0627653, 33.4584457 ], [ -112.062172300000015, 33.458448 ], [ -112.0620645, 33.4584484 ] ] } },
{ "type": "Feature", "properties": { "name": null, "highway": "footway" }, "geometry": { "type": "LineString", "coordinates": [ [ -112.06213, 33.4586128 ], [ -112.0621737, 33.4586119 ] ] } },
{ "type": "Feature", "properties": { "name": null, "highway": "footway" }, "geometry": { "type": "LineString", "coordinates": [ [ -112.0628183, 33.4586463 ], [ -112.0621741, 33.4586459 ] ] } },
{ "type": "Feature", "properties": { "name": null, "highway": "footway" }, "geometry": { "type": "LineString", "coordinates": [ [ -112.0621741, 33.4586459 ], [ -112.0621743, 33.458652 ] ] } },
{ "type": "Feature", "properties": { "name": null, "highway": "footway" }, "geometry": { "type": "LineString", "coordinates": [ [ -112.0628781, 33.4586463 ], [ -112.062861, 33.4586463 ], [ -112.0628183, 33.4586463 ] ] } },
{ "type": "Feature", "properties": { "name": null, "highway": "footway" }, "geometry": { "type": "LineString", "coordinates": [ [ -112.0635337, 33.4586448 ], [ -112.0628781, 33.4586463 ] ] } },
{ "type": "Feature", "properties": { "name": null, "highway": "footway" }, "geometry": { "type": "LineString", "coordinates": [ [ -112.062175100000019, 33.458722799999983 ], [ -112.0621746, 33.4586802 ], [ -112.0621743, 33.458652 ] ] } },
{ "type": "Feature", "properties": { "name": null, "highway": "footway" }, "geometry": { "type": "LineString", "coordinates": [ [ -112.062175100000019, 33.458722799999983 ], [ -112.0621764, 33.4587433 ], [ -112.0621338, 33.4587372 ] ] } },
{ "type": "Feature", "properties": { "name": null, "highway": "service" }, "geometry": { "type": "LineString", "coordinates": [ [ -112.0624117, 33.4587816 ], [ -112.062411400000016, 33.4587416 ], [ -112.0624127, 33.4586829 ] ] } },
{ "type": "Feature", "properties": { "name": null, "highway": "footway" }, "geometry": { "type": "LineString", "coordinates": [ [ -112.0623527, 33.4587421 ], [ -112.0622939, 33.4587425 ], [ -112.0621764, 33.4587433 ] ] } },
{ "type": "Feature", "properties": { "name": null, "highway": "footway" }, "geometry": { "type": "LineString", "coordinates": [ [ -112.0590637, 33.4567255 ], [ -112.0590646, 33.4567 ], [ -112.0590244, 33.4567014 ] ] } },
{ "type": "Feature", "properties": { "name": null, "highway": "footway" }, "geometry": { "type": "LineString", "coordinates": [ [ -112.0590663, 33.4568128 ], [ -112.0590651, 33.456773 ], [ -112.0590637, 33.4567255 ] ] } },
{ "type": "Feature", "properties": { "name": null, "highway": "footway" }, "geometry": { "type": "LineString", "coordinates": [ [ -112.058858, 33.456816 ], [ -112.0588588, 33.4567725 ], [ -112.0588597, 33.4567289 ] ] } },
{ "type": "Feature", "properties": { "name": null, "highway": "footway" }, "geometry": { "type": "LineString", "coordinates": [ [ -112.0588955, 33.4568433 ], [ -112.0588562, 33.4568417 ], [ -112.058858, 33.456816 ] ] } },
{ "type": "Feature", "properties": { "name": null, "highway": "footway" }, "geometry": { "type": "LineString", "coordinates": [ [ -112.0590218, 33.4568456 ], [ -112.0590654, 33.4568442 ], [ -112.0590663, 33.4568128 ] ] } },
{ "type": "Feature", "properties": { "name": null, "highway": "footway" }, "geometry": { "type": "LineString", "coordinates": [ [ -112.0590218, 33.4568456 ], [ -112.0589557, 33.4568444 ], [ -112.0588955, 33.4568433 ] ] } },
{ "type": "Feature", "properties": { "name": null, "highway": "footway" }, "geometry": { "type": "LineString", "coordinates": [ [ -112.0606015, 33.456844899999986 ], [ -112.0590654, 33.4568442 ], [ -112.0590611, 33.457251099999986 ], [ -112.0590568, 33.4576592 ] ] } },
{ "type": "Feature", "properties": { "name": null, "highway": "footway" }, "geometry": { "type": "LineString", "coordinates": [ [ -112.0590211, 33.4576598 ], [ -112.0589528, 33.4576601 ], [ -112.0588918, 33.4576603 ] ] } },
{ "type": "Feature", "properties": { "name": null, "highway": "footway" }, "geometry": { "type": "LineString", "coordinates": [ [ -112.0606013, 33.457658 ], [ -112.0590568, 33.4576592 ] ] } },
{ "type": "Feature", "properties": { "name": null, "highway": "footway" }, "geometry": { "type": "LineString", "coordinates": [ [ -112.0590598, 33.4576844 ], [ -112.0590568, 33.4576592 ], [ -112.0590211, 33.4576598 ] ] } },
{ "type": "Feature", "properties": { "name": null, "highway": "footway" }, "geometry": { "type": "LineString", "coordinates": [ [ -112.0606136, 33.456824 ], [ -112.0606015, 33.456844899999986 ] ] } },
{ "type": "Feature", "properties": { "name": null, "highway": "footway" }, "geometry": { "type": "LineString", "coordinates": [ [ -112.060754, 33.456843 ], [ -112.0607436, 33.4568279 ] ] } },
{ "type": "Feature", "properties": { "name": null, "highway": "footway" }, "geometry": { "type": "LineString", "coordinates": [ [ -112.0607471, 33.4572303 ], [ -112.060754, 33.456843 ] ] } },
{ "type": "Feature", "properties": { "name": null, "highway": "footway" }, "geometry": { "type": "LineString", "coordinates": [ [ -112.0606049, 33.4572358 ], [ -112.0606015, 33.456844899999986 ] ] } },
{ "type": "Feature", "properties": { "name": "North 10th Street", "highway": "residential" }, "geometry": { "type": "LineString", "coordinates": [ [ -112.0606936, 33.4558106 ], [ -112.0606929, 33.455862 ], [ -112.0606906, 33.4562946 ], [ -112.0606875, 33.4567202 ], [ -112.0606877, 33.4567755 ], [ -112.0606869, 33.4568262 ], [ -112.0606846, 33.4572591 ], [ -112.060684, 33.4576761 ], [ -112.0606843, 33.457727 ], [ -112.0606834, 33.4577856 ], [ -112.060679, 33.4582171 ], [ -112.0606767, 33.4586021 ], [ -112.0606761, 33.4586178 ], [ -112.0606763, 33.458671699999989 ] ] } },
{ "type": "Feature", "properties": { "name": null, "highway": "service" }, "geometry": { "type": "LineString", "coordinates": [ [ -112.0620677, 33.457245499999985 ], [ -112.061964, 33.457246499999989 ], [ -112.060747, 33.4572585 ], [ -112.0606846, 33.4572591 ], [ -112.060605, 33.4572587 ], [ -112.0590611, 33.457251099999986 ], [ -112.0589551, 33.457250600000016 ], [ -112.0588553, 33.4572509 ], [ -112.0577305, 33.4572541 ] ] } },
{ "type": "Feature", "properties": { "name": null, "highway": "footway" }, "geometry": { "type": "LineString", "coordinates": [ [ -112.060747, 33.4572782 ], [ -112.060747, 33.4572585 ], [ -112.0607471, 33.4572303 ] ] } },
{ "type": "Feature", "properties": { "name": null, "highway": "footway" }, "geometry": { "type": "LineString", "coordinates": [ [ -112.0606046, 33.4572808 ], [ -112.060605, 33.4572587 ], [ -112.0606049, 33.4572358 ] ] } },
{ "type": "Feature", "properties": { "name": null, "highway": "footway" }, "geometry": { "type": "LineString", "coordinates": [ [ -112.0606013, 33.457658 ], [ -112.0606046, 33.4572808 ] ] } },
{ "type": "Feature", "properties": { "name": null, "highway": "footway" }, "geometry": { "type": "LineString", "coordinates": [ [ -112.0607502, 33.4576635 ], [ -112.060747, 33.4572782 ] ] } },
{ "type": "Feature", "properties": { "name": null, "highway": "footway" }, "geometry": { "type": "LineString", "coordinates": [ [ -112.0588562, 33.4568417 ], [ -112.0588553, 33.4572509 ], [ -112.0588544, 33.4576373 ], [ -112.0588499, 33.4576587 ], [ -112.0565494, 33.4576671 ], [ -112.0565304, 33.4576646 ] ] } },
{ "type": "Feature", "properties": { "name": "East Garfield Street", "highway": "residential" }, "geometry": { "type": "LineString", "coordinates": [ [ -112.0620639, 33.4577307 ], [ -112.061962900000012, 33.4577304 ], [ -112.0607383, 33.4577272 ], [ -112.0606843, 33.457727 ], [ -112.0606101, 33.4577284 ], [ -112.0603967, 33.4577284 ], [ -112.0590619, 33.4577348 ], [ -112.0589524, 33.4577353 ], [ -112.0588515, 33.4577351 ], [ -112.056518, 33.4577309 ], [ -112.0564507, 33.4577308 ], [ -112.0563938, 33.457731 ], [ -112.0547293, 33.4577373 ], [ -112.054421, 33.4577384 ], [ -112.054354, 33.4577387 ] ] } },
{ "type": "Feature", "properties": { "name": null, "highway": "footway" }, "geometry": { "type": "LineString", "coordinates": [ [ -112.0588499, 33.4578051 ], [ -112.056573, 33.4578028 ], [ -112.0565542, 33.4578002 ], [ -112.0565306, 33.4578002 ] ] } },
{ "type": "Feature", "properties": { "name": null, "highway": "footway" }, "geometry": { "type": "LineString", "coordinates": [ [ -112.0588499, 33.4578051 ], [ -112.0588521, 33.4582182 ], [ -112.0588541, 33.4585891 ], [ -112.0588542, 33.4586018 ], [ -112.0588518, 33.4586079 ], [ -112.0588227, 33.4586147 ], [ -112.0578284, 33.458619400000011 ], [ -112.0572659, 33.4586226 ], [ -112.0566735, 33.458621 ], [ -112.0565552, 33.4586207 ], [ -112.0565429, 33.4586156 ], [ -112.0565307, 33.4586029 ], [ -112.0565224, 33.4585912 ], [ -112.0565225, 33.4582972 ], [ -112.0565226, 33.458215 ], [ -112.0565227, 33.457917 ], [ -112.056525, 33.4578189 ], [ -112.0565306, 33.4578002 ] ] } },
{ "type": "Feature", "properties": { "name": null, "highway": "service" }, "geometry": { "type": "LineString", "coordinates": [ [ -112.062064600000014, 33.458217 ], [ -112.0619609, 33.458217 ], [ -112.060735, 33.4582171 ], [ -112.060679, 33.4582171 ], [ -112.060598, 33.4582172 ], [ -112.0590653, 33.4582183 ], [ -112.0589499, 33.458218399999986 ], [ -112.0588521, 33.4582182 ], [ -112.0573441, 33.458215 ], [ -112.0565226, 33.458215 ], [ -112.0564494, 33.458215 ], [ -112.0563879, 33.4582147 ], [ -112.05440440000001, 33.4582061 ], [ -112.0543425, 33.4582058 ] ] } },
{ "type": "Feature", "properties": { "name": null, "highway": "footway" }, "geometry": { "type": "LineString", "coordinates": [ [ -112.0588513, 33.45862540000001 ], [ -112.0588518, 33.4586079 ] ] } },
{ "type": "Feature", "properties": { "name": null, "highway": "footway" }, "geometry": { "type": "LineString", "coordinates": [ [ -112.058840500000017, 33.4587078 ], [ -112.0588457, 33.458667899999988 ], [ -112.0588513, 33.45862540000001 ] ] } },
{ "type": "Feature", "properties": { "name": "East Roosevelt Street", "highway": "tertiary" }, "geometry": { "type": "LineString", "coordinates": [ [ -112.0605489, 33.45867 ], [ -112.0604231, 33.45867 ], [ -112.0595877, 33.4586698 ], [ -112.0593896, 33.4586697 ], [ -112.059378200000012, 33.4586697 ], [ -112.0590604, 33.4586685 ], [ -112.058945, 33.4586682 ], [ -112.0588457, 33.458667899999988 ], [ -112.0583334, 33.4586702 ], [ -112.0568804, 33.4586729 ], [ -112.0566743, 33.4586733 ], [ -112.0565658, 33.4586735 ], [ -112.056522, 33.4586753 ], [ -112.0564484, 33.4586782 ] ] } },
{ "type": "Feature", "properties": { "name": null, "highway": "footway" }, "geometry": { "type": "LineString", "coordinates": [ [ -112.0588408, 33.4587254 ], [ -112.058840500000017, 33.4587078 ] ] } },
{ "type": "Feature", "properties": { "name": null, "highway": "footway" }, "geometry": { "type": "LineString", "coordinates": [ [ -112.0588843, 33.4587439 ], [ -112.0588414, 33.4587435 ] ] } },
{ "type": "Feature", "properties": { "name": null, "highway": "footway" }, "geometry": { "type": "LineString", "coordinates": [ [ -112.0606013, 33.457658 ], [ -112.0606125, 33.457677399999987 ] ] } },
{ "type": "Feature", "properties": { "name": null, "highway": "footway" }, "geometry": { "type": "LineString", "coordinates": [ [ -112.0607502, 33.4576635 ], [ -112.0607368, 33.4576752 ] ] } },
{ "type": "Feature", "properties": { "name": null, "highway": "footway" }, "geometry": { "type": "LineString", "coordinates": [ [ -112.06074, 33.457788 ], [ -112.0606834, 33.4577856 ], [ -112.0606076, 33.4577825 ], [ -112.0606101, 33.4577284 ], [ -112.0606125, 33.457677399999987 ], [ -112.060684, 33.4576761 ], [ -112.0607368, 33.4576752 ], [ -112.0607383, 33.4577272 ], [ -112.06074, 33.457788 ] ] } },
{ "type": "Feature", "properties": { "name": null, "highway": "footway" }, "geometry": { "type": "LineString", "coordinates": [ [ -112.060599, 33.457804 ], [ -112.0606076, 33.4577825 ] ] } },
{ "type": "Feature", "properties": { "name": null, "highway": "footway" }, "geometry": { "type": "LineString", "coordinates": [ [ -112.0607441, 33.4578046 ], [ -112.06074, 33.457788 ] ] } },
{ "type": "Feature", "properties": { "name": null, "highway": "service" }, "geometry": { "type": "LineString", "coordinates": [ [ -112.0603967, 33.4577284 ], [ -112.0603953, 33.4578071 ], [ -112.0603316, 33.4578535 ], [ -112.060331, 33.4581176 ], [ -112.060068, 33.4581182 ] ] } },
{ "type": "Feature", "properties": { "name": null, "highway": "footway" }, "geometry": { "type": "LineString", "coordinates": [ [ -112.0607356, 33.4581901 ], [ -112.0607441, 33.4578046 ] ] } },
{ "type": "Feature", "properties": { "name": null, "highway": "footway" }, "geometry": { "type": "LineString", "coordinates": [ [ -112.0605981, 33.4581941 ], [ -112.060599, 33.457804 ] ] } },
{ "type": "Feature", "properties": { "name": null, "highway": "footway" }, "geometry": { "type": "LineString", "coordinates": [ [ -112.0605979, 33.4582362 ], [ -112.060598, 33.4582172 ], [ -112.0605981, 33.4581941 ] ] } },
{ "type": "Feature", "properties": { "name": null, "highway": "footway" }, "geometry": { "type": "LineString", "coordinates": [ [ -112.0607353, 33.4582395 ], [ -112.060735, 33.4582171 ], [ -112.0607356, 33.4581901 ] ] } },
{ "type": "Feature", "properties": { "name": null, "highway": "footway" }, "geometry": { "type": "LineString", "coordinates": [ [ -112.0619633, 33.4578032 ], [ -112.061963, 33.4577766 ] ] } },
{ "type": "Feature", "properties": { "name": null, "highway": "footway" }, "geometry": { "type": "LineString", "coordinates": [ [ -112.0607441, 33.4578046 ], [ -112.0619633, 33.4578032 ] ] } },
{ "type": "Feature", "properties": { "name": null, "highway": "footway" }, "geometry": { "type": "LineString", "coordinates": [ [ -112.06196, 33.4581885 ], [ -112.0619633, 33.4578032 ] ] } },
{ "type": "Feature", "properties": { "name": "North 9th Street", "highway": "residential" }, "geometry": { "type": "LineString", "coordinates": [ [ -112.0620653, 33.4548347 ], [ -112.0620656, 33.4549235 ], [ -112.0620671, 33.4551489 ], [ -112.0620672, 33.455160099999986 ], [ -112.0620678, 33.4553234 ], [ -112.0620671, 33.4557513 ], [ -112.062067400000018, 33.4558108 ], [ -112.0620663, 33.4558767 ], [ -112.062067, 33.4562856 ], [ -112.0620669, 33.4564177 ], [ -112.0620696, 33.456633 ], [ -112.0620717, 33.4567133 ], [ -112.062070600000013, 33.4567673 ], [ -112.0620687, 33.4568435 ], [ -112.0620664, 33.4570042 ], [ -112.0620677, 33.457245499999985 ], [ -112.0620659, 33.4575325 ], [ -112.0620637, 33.4576635 ], [ -112.0620639, 33.4577307 ], [ -112.062064600000014, 33.458217 ], [ -112.0620645, 33.4584484 ], [ -112.0620647, 33.4586161 ], [ -112.062065, 33.4586785 ], [ -112.0620649, 33.4587313 ], [ -112.062064600000014, 33.459108 ], [ -112.062063800000018, 33.4591191 ], [ -112.0620587, 33.4594394 ], [ -112.0620539, 33.4598377 ], [ -112.0620526, 33.4599409 ], [ -112.0620525, 33.460036 ], [ -112.0620519, 33.4605102 ], [ -112.0620601, 33.4611747 ], [ -112.0620611, 33.4612571 ] ] } },
{ "type": "Feature", "properties": { "name": null, "highway": "footway" }, "geometry": { "type": "LineString", "coordinates": [ [ -112.0619614, 33.4582369 ], [ -112.0619609, 33.458217 ], [ -112.06196, 33.4581885 ] ] } },
{ "type": "Feature", "properties": { "name": null, "highway": "footway" }, "geometry": { "type": "LineString", "coordinates": [ [ -112.0619626, 33.4586202 ], [ -112.0619614, 33.4582369 ] ] } },
{ "type": "Feature", "properties": { "name": null, "highway": "footway" }, "geometry": { "type": "LineString", "coordinates": [ [ -112.0619626, 33.4586202 ], [ -112.060766, 33.4586205 ], [ -112.0607566, 33.458611 ], [ -112.0607484, 33.4586027 ] ] } },
{ "type": "Feature", "properties": { "name": null, "highway": "footway" }, "geometry": { "type": "LineString", "coordinates": [ [ -112.0619626, 33.4586202 ], [ -112.0619931, 33.4586198 ] ] } },
{ "type": "Feature", "properties": { "name": "East Roosevelt Street", "highway": "tertiary" }, "geometry": { "type": "LineString", "coordinates": [ [ -112.062065, 33.4586785 ], [ -112.061995, 33.4586775 ], [ -112.061761600000011, 33.4586742 ], [ -112.061592, 33.4586741 ], [ -112.060810800000013, 33.4586734 ], [ -112.0607279, 33.4586724 ], [ -112.0606763, 33.458671699999989 ], [ -112.0605489, 33.45867 ] ] } },
{ "type": "Feature", "properties": { "name": null, "highway": "footway" }, "geometry": { "type": "LineString", "coordinates": [ [ -112.0621338, 33.4587372 ], [ -112.0620649, 33.4587313 ], [ -112.0619966, 33.4587255 ], [ -112.061995, 33.4586775 ], [ -112.0619931, 33.4586198 ], [ -112.0620647, 33.4586161 ], [ -112.06213, 33.4586128 ] ] } },
{ "type": "Feature", "properties": { "name": null, "highway": "footway" }, "geometry": { "type": "LineString", "coordinates": [ [ -112.0588918, 33.4576603 ], [ -112.0588499, 33.4576587 ], [ -112.0588527, 33.4576894 ] ] } },
{ "type": "Feature", "properties": { "name": null, "highway": "footway" }, "geometry": { "type": "LineString", "coordinates": [ [ -112.0590638, 33.4577782 ], [ -112.0590619, 33.4577348 ], [ -112.0590598, 33.4576844 ] ] } },
{ "type": "Feature", "properties": { "name": null, "highway": "footway" }, "geometry": { "type": "LineString", "coordinates": [ [ -112.0588504, 33.4577779 ], [ -112.0588515, 33.4577351 ], [ -112.0588527, 33.4576894 ] ] } },
{ "type": "Feature", "properties": { "name": null, "highway": "footway" }, "geometry": { "type": "LineString", "coordinates": [ [ -112.0588915, 33.4578017 ], [ -112.0588499, 33.4578051 ], [ -112.0588504, 33.4577779 ] ] } },
{ "type": "Feature", "properties": { "name": null, "highway": "footway" }, "geometry": { "type": "LineString", "coordinates": [ [ -112.0590208, 33.4578056 ], [ -112.0590636, 33.4578065 ], [ -112.0590638, 33.4577782 ] ] } },
{ "type": "Feature", "properties": { "name": null, "highway": "footway" }, "geometry": { "type": "LineString", "coordinates": [ [ -112.0590208, 33.4578056 ], [ -112.058952, 33.4578035 ], [ -112.0588915, 33.4578017 ] ] } },
{ "type": "Feature", "properties": { "name": null, "highway": "footway" }, "geometry": { "type": "LineString", "coordinates": [ [ -112.060599, 33.457804 ], [ -112.0603953, 33.4578071 ], [ -112.0590636, 33.4578065 ] ] } },
{ "type": "Feature", "properties": { "name": null, "highway": "footway" }, "geometry": { "type": "LineString", "coordinates": [ [ -112.0605937, 33.4586138 ], [ -112.0590669, 33.458619800000015 ], [ -112.0590668, 33.4585894 ], [ -112.0590653, 33.4582183 ], [ -112.0590636, 33.4578065 ] ] } },
{ "type": "Feature", "properties": { "name": null, "highway": "footway" }, "geometry": { "type": "LineString", "coordinates": [ [ -112.0588541, 33.4585891 ], [ -112.0588945, 33.4585883 ] ] } },
{ "type": "Feature", "properties": { "name": null, "highway": "footway" }, "geometry": { "type": "LineString", "coordinates": [ [ -112.0588945, 33.4585883 ], [ -112.0589464, 33.458589 ], [ -112.059014, 33.45859 ] ] } },
{ "type": "Feature", "properties": { "name": null, "highway": "footway" }, "geometry": { "type": "LineString", "coordinates": [ [ -112.0607484, 33.4586027 ], [ -112.0607353, 33.4582395 ] ] } },
{ "type": "Feature", "properties": { "name": null, "highway": "footway" }, "geometry": { "type": "LineString", "coordinates": [ [ -112.0605937, 33.4586138 ], [ -112.0605979, 33.4582362 ] ] } },
{ "type": "Feature", "properties": { "name": null, "highway": "footway" }, "geometry": { "type": "LineString", "coordinates": [ [ -112.0605937, 33.4586138 ], [ -112.0606098, 33.4586162 ] ] } },
{ "type": "Feature", "properties": { "name": null, "highway": "footway" }, "geometry": { "type": "LineString", "coordinates": [ [ -112.0607404, 33.4586181 ], [ -112.0607566, 33.458611 ] ] } },
{ "type": "Feature", "properties": { "name": null, "highway": "footway" }, "geometry": { "type": "LineString", "coordinates": [ [ -112.0607404, 33.4586181 ], [ -112.0606761, 33.4586178 ], [ -112.0606098, 33.4586162 ] ] } },
{ "type": "Feature", "properties": { "name": null, "highway": "footway" }, "geometry": { "type": "LineString", "coordinates": [ [ -112.0607158, 33.458725 ], [ -112.0607279, 33.4586724 ], [ -112.0607404, 33.4586181 ] ] } },
{ "type": "Feature", "properties": { "name": null, "highway": "footway" }, "geometry": { "type": "LineString", "coordinates": [ [ -112.0606936, 33.458725 ], [ -112.0604249, 33.4587212 ], [ -112.059587, 33.458718699999984 ], [ -112.059054700000019, 33.4587209 ] ] } },
{ "type": "Feature", "properties": { "name": null, "highway": "footway" }, "geometry": { "type": "LineString", "coordinates": [ [ -112.0606936, 33.458725 ], [ -112.0607158, 33.458725 ] ] } },
{ "type": "Feature", "properties": { "name": null, "highway": "service" }, "geometry": { "type": "LineString", "coordinates": [ [ -112.06081, 33.4589221 ], [ -112.0606964, 33.4589187 ], [ -112.0606335, 33.4589168 ], [ -112.06053150000001, 33.4588476 ], [ -112.060427, 33.45877740000001 ], [ -112.0604249, 33.4587212 ], [ -112.0604231, 33.45867 ] ] } },
{ "type": "Feature", "properties": { "name": null, "highway": "service" }, "geometry": { "type": "LineString", "coordinates": [ [ -112.0608089, 33.45921 ], [ -112.0606941, 33.4592101 ], [ -112.0606797, 33.4592101 ], [ -112.0599737, 33.4592109 ] ] } },
{ "type": "Feature", "properties": { "name": null, "highway": "footway" }, "geometry": { "type": "LineString", "coordinates": [ [ -112.0590668, 33.4585894 ], [ -112.059014, 33.45859 ] ] } },
{ "type": "Feature", "properties": { "name": null, "highway": "footway" }, "geometry": { "type": "LineString", "coordinates": [ [ -112.0590669, 33.458619800000015 ], [ -112.0590653, 33.4586283 ] ] } },
{ "type": "Feature", "properties": { "name": null, "highway": "footway" }, "geometry": { "type": "LineString", "coordinates": [ [ -112.059055500000014, 33.4587088 ], [ -112.0590604, 33.4586685 ], [ -112.0590653, 33.4586283 ] ] } },
{ "type": "Feature", "properties": { "name": null, "highway": "footway" }, "geometry": { "type": "LineString", "coordinates": [ [ -112.059054700000019, 33.4587209 ], [ -112.059055500000014, 33.4587088 ] ] } },
{ "type": "Feature", "properties": { "name": null, "highway": "footway" }, "geometry": { "type": "LineString", "coordinates": [ [ -112.0588843, 33.4587439 ], [ -112.0589443, 33.4587457 ], [ -112.0590011, 33.458747399999986 ] ] } },
{ "type": "Feature", "properties": { "name": null, "highway": "footway" }, "geometry": { "type": "LineString", "coordinates": [ [ -112.0590544, 33.4587477 ], [ -112.0590011, 33.458747399999986 ] ] } },
{ "type": "Feature", "properties": { "name": null, "highway": "service" }, "geometry": { "type": "LineString", "coordinates": [ [ -112.0595877, 33.4586698 ], [ -112.059587, 33.458718699999984 ], [ -112.0595874, 33.4592498 ] ] } },
{ "type": "Feature", "properties": { "name": null, "highway": "footway" }, "geometry": { "type": "LineString", "coordinates": [ [ -112.0588702, 33.4592112 ], [ -112.05894, 33.4592124 ], [ -112.0589996, 33.459213399999989 ] ] } },
{ "type": "Feature", "properties": { "name": null, "highway": "footway" }, "geometry": { "type": "LineString", "coordinates": [ [ -112.0590496, 33.459216499999989 ], [ -112.0589996, 33.459213399999989 ] ] } },
{ "type": "Feature", "properties": { "name": null, "highway": "footway" }, "geometry": { "type": "LineString", "coordinates": [ [ -112.0589947, 33.459831099999988 ], [ -112.0589364, 33.4598327 ], [ -112.0588762, 33.459834299999983 ] ] } },
{ "type": "Feature", "properties": { "name": null, "highway": "footway" }, "geometry": { "type": "LineString", "coordinates": [ [ -112.0606936, 33.458725 ], [ -112.0606964, 33.4589187 ], [ -112.0606941, 33.4592101 ], [ -112.0606936, 33.459348 ], [ -112.0606961, 33.4594762 ], [ -112.0606942, 33.4598341 ], [ -112.0590432, 33.4598306 ], [ -112.0590496, 33.459216499999989 ], [ -112.0590544, 33.4587477 ], [ -112.059054700000019, 33.4587209 ] ] } },
{ "type": "Feature", "properties": { "name": null, "highway": "service" }, "geometry": { "type": "LineString", "coordinates": [ [ -112.0600497, 33.459482199999989 ], [ -112.0599821, 33.4593844 ], [ -112.0599797, 33.459357 ], [ -112.0599747, 33.4592998 ], [ -112.0599737, 33.4592109 ] ] } },
{ "type": "Feature", "properties": { "name": null, "highway": "service" }, "geometry": { "type": "LineString", "coordinates": [ [ -112.0599797, 33.459357 ], [ -112.0606765, 33.4593482 ], [ -112.0606936, 33.459348 ], [ -112.0608085, 33.4593465 ] ] } },
{ "type": "Feature", "properties": { "name": null, "highway": "service" }, "geometry": { "type": "LineString", "coordinates": [ [ -112.0608082, 33.4594751 ], [ -112.0606961, 33.4594762 ], [ -112.060681800000012, 33.4594763 ], [ -112.0600497, 33.459482199999989 ] ] } },
{ "type": "Feature", "properties": { "name": null, "highway": "footway" }, "geometry": { "type": "LineString", "coordinates": [ [ -112.0607251, 33.4598333 ], [ -112.0608074, 33.4598351 ], [ -112.0608754, 33.4598365 ] ] } },
{ "type": "Feature", "properties": { "name": null, "highway": "footway" }, "geometry": { "type": "LineString", "coordinates": [ [ -112.0607251, 33.4598333 ], [ -112.0606942, 33.4598341 ], [ -112.0606928, 33.4598897 ] ] } },
{ "type": "Feature", "properties": { "name": null, "highway": "footway" }, "geometry": { "type": "LineString", "coordinates": [ [ -112.0606937, 33.4599867 ], [ -112.0606933, 33.4599425 ], [ -112.0606928, 33.4598897 ] ] } },
{ "type": "Feature", "properties": { "name": "East Portland Street", "highway": "residential" }, "geometry": { "type": "LineString", "coordinates": [ [ -112.0651316, 33.4599483 ], [ -112.0650104, 33.4599451 ], [ -112.0649721, 33.459944 ], [ -112.0648269, 33.4599441 ], [ -112.0646865, 33.4599441 ], [ -112.0645683, 33.4599454 ], [ -112.0643077, 33.4599468 ], [ -112.0642251, 33.4599464 ], [ -112.0635738, 33.4599413 ], [ -112.063150800000017, 33.4599396 ], [ -112.063035, 33.4599387 ], [ -112.0626567, 33.4599395 ], [ -112.0621719, 33.4599406 ], [ -112.0620526, 33.4599409 ], [ -112.061955700000013, 33.4599411 ], [ -112.0609087, 33.4599427 ], [ -112.0608071, 33.4599429 ], [ -112.0606933, 33.4599425 ], [ -112.0590663, 33.4599366 ], [ -112.0590437, 33.4599365 ], [ -112.0589358, 33.4599361 ], [ -112.0588336, 33.4599357 ], [ -112.0588235, 33.4599357 ], [ -112.0583536, 33.4599342 ], [ -112.0578389, 33.4599326 ], [ -112.0572578, 33.4599312 ], [ -112.0570001, 33.45993 ], [ -112.0564994, 33.4599275 ], [ -112.0564442, 33.4599272 ] ] } },
{ "type": "Feature", "properties": { "name": "North 10th Street", "highway": "residential" }, "geometry": { "type": "LineString", "coordinates": [ [ -112.060810800000013, 33.4586734 ], [ -112.06081, 33.4587257 ], [ -112.0608106, 33.458767599999987 ], [ -112.06081, 33.4589221 ], [ -112.0608089, 33.45921 ], [ -112.0608085, 33.4593465 ], [ -112.0608082, 33.4594751 ], [ -112.0608074, 33.4598351 ], [ -112.0608071, 33.4599429 ], [ -112.0608068, 33.4600333 ], [ -112.0608047, 33.4607298 ], [ -112.0608034, 33.4611593 ], [ -112.0608031, 33.4612612 ] ] } },
{ "type": "Feature", "properties": { "name": null, "highway": "footway" }, "geometry": { "type": "LineString", "coordinates": [ [ -112.0607194, 33.4600333 ], [ -112.0606938, 33.4600322 ], [ -112.0606937, 33.4599867 ] ] } },
{ "type": "Feature", "properties": { "name": null, "highway": "footway" }, "geometry": { "type": "LineString", "coordinates": [ [ -112.0608755, 33.4600333 ], [ -112.0608068, 33.4600333 ], [ -112.0607194, 33.4600333 ] ] } },
{ "type": "Feature", "properties": { "name": null, "highway": "service" }, "geometry": { "type": "LineString", "coordinates": [ [ -112.0608047, 33.4607298 ], [ -112.0606892, 33.4607297 ], [ -112.0604119, 33.4607294 ], [ -112.0601903, 33.4607291 ] ] } },
{ "type": "Feature", "properties": { "name": null, "highway": "footway" }, "geometry": { "type": "LineString", "coordinates": [ [ -112.0607185, 33.4611564 ], [ -112.0606864, 33.4611556 ] ] } },
{ "type": "Feature", "properties": { "name": null, "highway": "footway" }, "geometry": { "type": "LineString", "coordinates": [ [ -112.0608684, 33.4611615 ], [ -112.0608034, 33.4611593 ], [ -112.0607185, 33.4611564 ] ] } },
{ "type": "Feature", "properties": { "name": null, "highway": "service" }, "geometry": { "type": "LineString", "coordinates": [ [ -112.0600466, 33.4612581 ], [ -112.0600475, 33.4611556 ], [ -112.060048, 33.4611043 ] ] } },
{ "type": "Feature", "properties": { "name": null, "highway": "footway" }, "geometry": { "type": "LineString", "coordinates": [ [ -112.0606864, 33.4611556 ], [ -112.0606836, 33.4612054 ] ] } },
{ "type": "Feature", "properties": { "name": null, "highway": "footway" }, "geometry": { "type": "LineString", "coordinates": [ [ -112.0606836, 33.4612054 ], [ -112.0606827, 33.4612616 ], [ -112.0606839, 33.461305699999983 ] ] } },
{ "type": "Feature", "properties": { "name": null, "highway": "footway" }, "geometry": { "type": "LineString", "coordinates": [ [ -112.0606839, 33.461305699999983 ], [ -112.0606964, 33.4613486 ], [ -112.0607106, 33.461366099999985 ], [ -112.0607943, 33.4614085 ], [ -112.0608662, 33.461366099999985 ], [ -112.0609038, 33.4613046 ] ] } },
{ "type": "Feature", "properties": { "name": null, "highway": "footway" }, "geometry": { "type": "LineString", "coordinates": [ [ -112.0607943, 33.4614085 ], [ -112.0607969, 33.4614867 ] ] } },
{ "type": "Feature", "properties": { "name": "Papago Freeway", "highway": "motorway" }, "geometry": { "type": "LineString", "coordinates": [ [ -112.06095670000002, 33.4617401 ], [ -112.0608988, 33.4617378 ], [ -112.0600781, 33.4617042 ] ] } },
{ "type": "Feature", "properties": { "name": "South 16th Street", "highway": "secondary" }, "geometry": { "type": "LineString", "coordinates": [ [ -112.047729711468051, 33.444348754256886 ], [ -112.0477205, 33.4459586 ], [ -112.0477044, 33.4463144 ], [ -112.0476937, 33.4466972 ] ] } },
{ "type": "Feature", "properties": { "name": null, "highway": "footway" }, "geometry": { "type": "LineString", "coordinates": [ [ -112.047681008043682, 33.444349165780785 ], [ -112.047681, 33.44437940000001 ], [ -112.0476775, 33.445033800000012 ], [ -112.0476769, 33.4452475 ], [ -112.0476713, 33.445894 ], [ -112.0476616, 33.4461859 ], [ -112.0476348, 33.4464166 ], [ -112.0476233, 33.4465063 ], [ -112.0476154, 33.4465601 ], [ -112.0476058, 33.4466258 ], [ -112.0476011, 33.4467054 ] ] } },
{ "type": "Feature", "properties": { "name": "South 16th Street", "highway": "secondary" }, "geometry": { "type": "LineString", "coordinates": [ [ -112.0478432, 33.446706 ], [ -112.047845305492274, 33.444347777458361 ] ] } },
{ "type": "Feature", "properties": { "name": null, "highway": "footway" }, "geometry": { "type": "LineString", "coordinates": [ [ -112.047888040502031, 33.444347416309505 ], [ -112.0478862, 33.444781 ], [ -112.0478846, 33.4452426 ], [ -112.047882300000012, 33.4454755 ], [ -112.0478801, 33.4456828 ], [ -112.0478795, 33.445963299999988 ], [ -112.0478795, 33.4461559 ], [ -112.047883500000012, 33.4465174 ], [ -112.0478857, 33.4467082 ] ] } },
{ "type": "Feature", "properties": { "name": null, "highway": "footway" }, "geometry": { "type": "LineString", "coordinates": [ [ -112.0476011, 33.4467054 ], [ -112.047599, 33.4470155 ], [ -112.0475969, 33.4470568 ], [ -112.0475839, 33.4470753 ], [ -112.0475777, 33.4470842 ], [ -112.0475495, 33.4471028 ], [ -112.04753310000001, 33.44711370000001 ], [ -112.0475016, 33.4471225 ], [ -112.0473681, 33.4471238 ], [ -112.0473451, 33.4471209 ], [ -112.0473242, 33.447111 ], [ -112.0473069, 33.4470985 ], [ -112.0473003, 33.4470873 ], [ -112.047294400000013, 33.4470772 ], [ -112.047289600000013, 33.4470568 ], [ -112.047293200000013, 33.4466996 ], [ -112.0472933, 33.4462912 ], [ -112.0472967, 33.4462749 ], [ -112.0473035, 33.4462643 ], [ -112.0473194, 33.4462494 ], [ -112.0473376, 33.4462394 ], [ -112.0473656, 33.4462302 ], [ -112.0475162, 33.4462287 ], [ -112.047559, 33.4462284 ], [ -112.0475902, 33.4462246 ], [ -112.0476095, 33.4462133 ], [ -112.0476301, 33.446195 ], [ -112.047633200000021, 33.4461808 ], [ -112.0476327, 33.4461617 ], [ -112.0476209, 33.446137399999984 ], [ -112.0476041, 33.4461244 ], [ -112.0475811, 33.4461164 ], [ -112.0475191, 33.446119 ], [ -112.0473558, 33.4461181 ], [ -112.0473267, 33.4461067 ], [ -112.0473162, 33.4460984 ], [ -112.0473111, 33.4460944 ], [ -112.0472987, 33.4460707 ], [ -112.047297, 33.445426500000011 ], [ -112.0473007, 33.4453042 ], [ -112.047305, 33.4452887 ], [ -112.0473188, 33.4452711 ], [ -112.0473287, 33.445263599999983 ], [ -112.04736, 33.445257 ], [ -112.0476184, 33.445259 ], [ -112.0476556, 33.44526 ], [ -112.0476579, 33.4452896 ], [ -112.0476572, 33.4453572 ] ] } },
{ "type": "Feature", "properties": { "name": "South 16th Street", "highway": "secondary" }, "geometry": { "type": "LineString", "coordinates": [ [ -112.0476937, 33.4466972 ], [ -112.047694, 33.4470786 ], [ -112.047763, 33.4471682 ] ] } },
{ "type": "Feature", "properties": { "name": "South 16th Street", "highway": "secondary" }, "geometry": { "type": "LineString", "coordinates": [ [ -112.047763, 33.4471682 ], [ -112.0478392, 33.4470769 ], [ -112.0478432, 33.446706 ] ] } },
{ "type": "Feature", "properties": { "name": null, "highway": "footway" }, "geometry": { "type": "LineString", "coordinates": [ [ -112.0479038, 33.4470735 ], [ -112.0478886, 33.4470763 ] ] } },
{ "type": "Feature", "properties": { "name": null, "highway": "footway" }, "geometry": { "type": "LineString", "coordinates": [ [ -112.0475959, 33.4470798 ], [ -112.0475839, 33.4470753 ] ] } },
{ "type": "Feature", "properties": { "name": null, "highway": "footway" }, "geometry": { "type": "LineString", "coordinates": [ [ -112.0478886, 33.4470763 ], [ -112.0478392, 33.4470769 ], [ -112.047694, 33.4470786 ], [ -112.0475959, 33.4470798 ] ] } },
{ "type": "Feature", "properties": { "name": null, "highway": "footway" }, "geometry": { "type": "LineString", "coordinates": [ [ -112.0470837, 33.4461172 ], [ -112.0471033, 33.446115 ], [ -112.0471209, 33.4461082 ], [ -112.047136100000017, 33.4460977 ], [ -112.0471498, 33.4460816 ], [ -112.0471596, 33.4460632 ], [ -112.0471613, 33.446049 ], [ -112.0471633, 33.4456888 ], [ -112.0471638, 33.445604399999986 ], [ -112.047164600000016, 33.445321 ], [ -112.0471614, 33.4453015 ], [ -112.0471519, 33.4452814 ], [ -112.0471422, 33.4452743 ], [ -112.047136100000017, 33.4452698 ], [ -112.0471179, 33.4452632 ], [ -112.0470902, 33.445258 ], [ -112.0467178, 33.4452565 ], [ -112.0462441, 33.4452577 ], [ -112.0457355, 33.445257 ], [ -112.0456897, 33.4452584 ], [ -112.0456686, 33.4452612 ], [ -112.0456538, 33.445271 ], [ -112.0456438, 33.4452855 ], [ -112.0456418, 33.44529390000001 ] ] } },
{ "type": "Feature", "properties": { "name": null, "highway": "footway" }, "geometry": { "type": "LineString", "coordinates": [ [ -112.047136100000017, 33.4460977 ], [ -112.0471439, 33.44610260000001 ] ] } },
{ "type": "Feature", "properties": { "name": null, "highway": "footway" }, "geometry": { "type": "LineString", "coordinates": [ [ -112.0473162, 33.4460984 ], [ -112.0473099, 33.4461053 ] ] } },
{ "type": "Feature", "properties": { "name": "South 16th Place", "highway": "residential" }, "geometry": { "type": "LineString", "coordinates": [ [ -112.0472182, 33.4471706 ], [ -112.0472186, 33.4470867 ], [ -112.0472186, 33.4470815 ], [ -112.0472235, 33.4466703 ], [ -112.0472286, 33.4462425 ], [ -112.0472294, 33.4461757 ], [ -112.0472296, 33.446104 ], [ -112.047231, 33.445689 ], [ -112.0472323, 33.4452682 ], [ -112.0472326, 33.445174 ] ] } },
{ "type": "Feature", "properties": { "name": null, "highway": "footway" }, "geometry": { "type": "LineString", "coordinates": [ [ -112.0471439, 33.4462435 ], [ -112.0472286, 33.4462425 ], [ -112.0473116, 33.4462415 ], [ -112.0473108, 33.4461767 ], [ -112.0473099, 33.4461053 ], [ -112.0472296, 33.446104 ], [ -112.0471439, 33.44610260000001 ], [ -112.0471439, 33.4461755 ], [ -112.0471439, 33.4462435 ] ] } },
{ "type": "Feature", "properties": { "name": null, "highway": "footway" }, "geometry": { "type": "LineString", "coordinates": [ [ -112.0473194, 33.4462494 ], [ -112.0473116, 33.4462415 ] ] } },
{ "type": "Feature", "properties": { "name": null, "highway": "footway" }, "geometry": { "type": "LineString", "coordinates": [ [ -112.0471439, 33.4462435 ], [ -112.0471334, 33.4462505 ] ] } },
{ "type": "Feature", "properties": { "name": null, "highway": "service" }, "geometry": { "type": "LineString", "coordinates": [ [ -112.0472235, 33.4466703 ], [ -112.047158600000017, 33.44667 ], [ -112.045574, 33.4466626 ] ] } },
{ "type": "Feature", "properties": { "name": null, "highway": "footway" }, "geometry": { "type": "LineString", "coordinates": [ [ -112.0456352, 33.4470607 ], [ -112.0456402, 33.4470987 ], [ -112.0456575, 33.4471182 ], [ -112.0456806, 33.44712220000001 ], [ -112.0457582, 33.4471247 ], [ -112.046176, 33.4471234 ], [ -112.0468201, 33.4471228 ], [ -112.0470942, 33.4471238 ], [ -112.0471203, 33.4471176 ], [ -112.0471384, 33.4471053 ], [ -112.0471491, 33.4470903 ], [ -112.0471534, 33.4470848 ], [ -112.0471572, 33.447071 ], [ -112.0471587, 33.4468178 ], [ -112.047158600000017, 33.44667 ], [ -112.0471585, 33.446443 ], [ -112.0471607, 33.4462915 ], [ -112.047154, 33.44627280000001 ], [ -112.0471449, 33.4462608 ], [ -112.0471334, 33.4462505 ], [ -112.0471295, 33.4462471 ], [ -112.0471134, 33.4462356 ], [ -112.0470853, 33.44623 ], [ -112.0469755, 33.446227800000017 ] ] } },
{ "type": "Feature", "properties": { "name": null, "highway": "footway" }, "geometry": { "type": "LineString", "coordinates": [ [ -112.0471534, 33.4470848 ], [ -112.0471608, 33.4470864 ] ] } },
{ "type": "Feature", "properties": { "name": null, "highway": "footway" }, "geometry": { "type": "LineString", "coordinates": [ [ -112.0454466, 33.44612140000001 ], [ -112.0453209, 33.4461212 ], [ -112.044107700000012, 33.4461193 ], [ -112.0435527, 33.4461147 ], [ -112.043529, 33.446113 ], [ -112.0435117, 33.4461076 ], [ -112.0434996, 33.4461005 ], [ -112.0434882, 33.4460853 ], [ -112.0434804, 33.4460668 ], [ -112.0434813, 33.4456788 ], [ -112.0434814, 33.4456387 ], [ -112.0434821, 33.4453142 ], [ -112.0434854, 33.4452909 ], [ -112.0434981, 33.445273499999985 ] ] } },
{ "type": "Feature", "properties": { "name": "East Madison Street", "highway": "residential" }, "geometry": { "type": "LineString", "coordinates": [ [ -112.0475666, 33.4461797 ], [ -112.0473108, 33.4461767 ], [ -112.0472294, 33.4461757 ], [ -112.0471439, 33.4461755 ], [ -112.045574, 33.4461718 ], [ -112.0438763, 33.4461748 ], [ -112.0434918, 33.4461755 ], [ -112.043396, 33.4461757 ], [ -112.0433215, 33.4461756 ], [ -112.042553739490543, 33.446174913179554 ] ] } },
{ "type": "Feature", "properties": { "name": "South 17th Street", "highway": "residential" }, "geometry": { "type": "LineString", "coordinates": [ [ -112.0455637, 33.4471741 ], [ -112.0455643, 33.4470981 ], [ -112.0455644, 33.4470808 ], [ -112.045574, 33.4466626 ], [ -112.045574, 33.4461718 ], [ -112.0455743, 33.445687 ], [ -112.045574, 33.4456805 ], [ -112.0455648, 33.4451752 ] ] } },
{ "type": "Feature", "properties": { "name": null, "highway": "service" }, "geometry": { "type": "LineString", "coordinates": [ [ -112.042559573980995, 33.446662565619043 ], [ -112.0433307, 33.4466626 ], [ -112.0433969, 33.4466626 ], [ -112.0434769, 33.4466626 ], [ -112.045574, 33.4466626 ] ] } },
{ "type": "Feature", "properties": { "name": null, "highway": "footway" }, "geometry": { "type": "LineString", "coordinates": [ [ -112.045498900000013, 33.447067 ], [ -112.0454969, 33.4470908 ], [ -112.0454942, 33.4470974 ], [ -112.0454907, 33.4471061 ], [ -112.0454741, 33.4471175 ], [ -112.045447, 33.4471235 ], [ -112.0454085, 33.4471237 ], [ -112.0451736, 33.4471241 ], [ -112.0450823, 33.4471242 ], [ -112.044543, 33.4471248 ], [ -112.0441126, 33.4471258 ], [ -112.043587, 33.4471248 ], [ -112.043535, 33.4471002 ], [ -112.0434944, 33.4470632 ], [ -112.043478800000017, 33.4470364 ], [ -112.0434751, 33.4469634 ], [ -112.0434769, 33.4466626 ], [ -112.0434787, 33.446355 ], [ -112.0434791, 33.4462853 ], [ -112.0434798, 33.4462714 ], [ -112.0434915, 33.4462592 ], [ -112.0434974, 33.4462546 ], [ -112.0435117, 33.446243699999989 ], [ -112.0435309, 33.4462366 ], [ -112.0438758, 33.4462331 ], [ -112.044085, 33.446231 ], [ -112.0448054, 33.4462325 ], [ -112.0454424, 33.4462324 ], [ -112.0454668, 33.446236299999988 ] ] } },
{ "type": "Feature", "properties": { "name": null, "highway": "service" }, "geometry": { "type": "LineString", "coordinates": [ [ -112.0450815, 33.4471753 ], [ -112.0450823, 33.4471242 ], [ -112.045083800000015, 33.4470224 ], [ -112.0450804, 33.4467517 ] ] } },
{ "type": "Feature", "properties": { "name": null, "highway": "footway" }, "geometry": { "type": "LineString", "coordinates": [ [ -112.0454942, 33.4470974 ], [ -112.0455051, 33.447097899999989 ] ] } },
{ "type": "Feature", "properties": { "name": null, "highway": "footway" }, "geometry": { "type": "LineString", "coordinates": [ [ -112.0455051, 33.447097899999989 ], [ -112.0455643, 33.4470981 ], [ -112.0456307, 33.4470984 ] ] } },
{ "type": "Feature", "properties": { "name": null, "highway": "footway" }, "geometry": { "type": "LineString", "coordinates": [ [ -112.0456402, 33.4470987 ], [ -112.0456307, 33.4470984 ] ] } },
{ "type": "Feature", "properties": { "name": "East Jefferson Street", "highway": "primary" }, "geometry": { "type": "LineString", "coordinates": [ [ -112.0452395, 33.447311 ], [ -112.0449219, 33.4472664 ], [ -112.0443404, 33.4471772 ] ] } },
{ "type": "Feature", "properties": { "name": null, "highway": "footway" }, "geometry": { "type": "LineString", "coordinates": [ [ -112.0475575, 33.4471162 ], [ -112.0475495, 33.4471028 ] ] } },
{ "type": "Feature", "properties": { "name": null, "highway": "footway" }, "geometry": { "type": "LineString", "coordinates": [ [ -112.0475386, 33.4473431 ], [ -112.0475416, 33.44730770000001 ], [ -112.047545, 33.4472666 ], [ -112.047553, 33.4471699 ], [ -112.0475575, 33.4471162 ] ] } },
{ "type": "Feature", "properties": { "name": "South 16th Street", "highway": "secondary" }, "geometry": { "type": "LineString", "coordinates": [ [ -112.047767, 33.4473072 ], [ -112.0477664, 33.4472666 ], [ -112.047763, 33.4471682 ] ] } },
{ "type": "Feature", "properties": { "name": null, "highway": "footway" }, "geometry": { "type": "LineString", "coordinates": [ [ -112.047535, 33.4473613 ], [ -112.0475386, 33.4473431 ] ] } },
{ "type": "Feature", "properties": { "name": null, "highway": "footway" }, "geometry": { "type": "LineString", "coordinates": [ [ -112.0476304, 33.4473876 ], [ -112.0477682, 33.4473862 ], [ -112.0479011, 33.4473848 ] ] } },
{ "type": "Feature", "properties": { "name": null, "highway": "footway" }, "geometry": { "type": "LineString", "coordinates": [ [ -112.0476055, 33.4473935 ], [ -112.0476304, 33.4473876 ] ] } },
{ "type": "Feature", "properties": { "name": null, "highway": "footway" }, "geometry": { "type": "LineString", "coordinates": [ [ -112.0479011, 33.4473848 ], [ -112.0479138, 33.447393399999989 ] ] } },
{ "type": "Feature", "properties": { "name": "South 16th Street", "highway": "secondary" }, "geometry": { "type": "LineString", "coordinates": [ [ -112.047781, 33.4482245 ], [ -112.0477802, 33.4481577 ], [ -112.0477762, 33.447904 ], [ -112.0477742, 33.447773399999988 ], [ -112.047772200000011, 33.4476582 ], [ -112.0477682, 33.4473862 ], [ -112.047767, 33.4473072 ] ] } },
{ "type": "Feature", "properties": { "name": null, "highway": "footway" }, "geometry": { "type": "LineString", "coordinates": [ [ -112.0475949, 33.4481577 ], [ -112.047637, 33.4481575 ] ] } },
{ "type": "Feature", "properties": { "name": null, "highway": "footway" }, "geometry": { "type": "LineString", "coordinates": [ [ -112.0478875, 33.4481578 ], [ -112.0479042, 33.4481536 ] ] } },
{ "type": "Feature", "properties": { "name": null, "highway": "footway" }, "geometry": { "type": "LineString", "coordinates": [ [ -112.0471608, 33.4470864 ], [ -112.0472186, 33.4470867 ], [ -112.0472901, 33.4470871 ] ] } },
{ "type": "Feature", "properties": { "name": null, "highway": "footway" }, "geometry": { "type": "LineString", "coordinates": [ [ -112.0473003, 33.4470873 ], [ -112.0472901, 33.4470871 ] ] } },
{ "type": "Feature", "properties": { "name": "East Jefferson Street", "highway": "primary" }, "geometry": { "type": "LineString", "coordinates": [ [ -112.047763, 33.4471682 ], [ -112.047553, 33.4471699 ], [ -112.0472182, 33.4471706 ], [ -112.0469345, 33.4471712 ], [ -112.0455637, 33.4471741 ], [ -112.0450815, 33.4471753 ], [ -112.0447186, 33.4471762 ] ] } },
{ "type": "Feature", "properties": { "name": null, "highway": "service" }, "geometry": { "type": "LineString", "coordinates": [ [ -112.0467938, 33.447313200000011 ], [ -112.0467972, 33.4473574 ], [ -112.0467904, 33.4477699 ] ] } },
{ "type": "Feature", "properties": { "name": null, "highway": "footway" }, "geometry": { "type": "LineString", "coordinates": [ [ -112.045713, 33.447349 ], [ -112.04566, 33.4473923 ], [ -112.045644800000019, 33.4474047 ], [ -112.0456318, 33.4474205 ], [ -112.0456331, 33.4476099 ], [ -112.0456313, 33.447766 ], [ -112.0456309, 33.4478052 ], [ -112.045628, 33.4480797 ], [ -112.0456344, 33.4480996 ], [ -112.0456467, 33.4481176 ], [ -112.0456605, 33.4481379 ], [ -112.0456911, 33.4481656 ], [ -112.0458398, 33.4481969 ], [ -112.0459091, 33.4481981 ], [ -112.045928500000016, 33.4481829 ], [ -112.0460076, 33.4481816 ], [ -112.0460685, 33.4481859 ], [ -112.0461938, 33.4481849 ], [ -112.0465911, 33.4481844 ], [ -112.0467698, 33.4481856 ], [ -112.0472595, 33.4481889 ], [ -112.0475609, 33.4481869 ], [ -112.047576, 33.448180299999983 ], [ -112.0475934, 33.448172699999986 ], [ -112.0475949, 33.4481577 ], [ -112.0475973, 33.4481345 ], [ -112.0475985, 33.4480003 ], [ -112.04762, 33.4479817 ], [ -112.0476321, 33.4479666 ], [ -112.04763, 33.4478259 ], [ -112.04763, 33.4477728 ], [ -112.04763, 33.447694 ], [ -112.047638400000011, 33.4476756 ], [ -112.0476392, 33.4476399 ], [ -112.0476317, 33.447621700000013 ], [ -112.0476283, 33.4474266 ], [ -112.0476156, 33.4474015 ], [ -112.0476055, 33.4473935 ], [ -112.0475979, 33.4473875 ], [ -112.0475811, 33.4473705 ], [ -112.0475523, 33.4473629 ], [ -112.047535, 33.4473613 ], [ -112.0474874, 33.4473568 ], [ -112.0472357, 33.4473574 ], [ -112.0467972, 33.4473574 ], [ -112.0464784, 33.4473574 ], [ -112.0460284, 33.4473528 ], [ -112.0459808, 33.4473523 ], [ -112.045839300000011, 33.447350900000011 ], [ -112.045713, 33.447349 ] ] } },
{ "type": "Feature", "properties": { "name": null, "highway": "service" }, "geometry": { "type": "LineString", "coordinates": [ [ -112.0467694, 33.448224699999983 ], [ -112.0467698, 33.4481856 ], [ -112.0467699, 33.4481697 ], [ -112.0467724, 33.4478898 ], [ -112.046814, 33.4477935 ], [ -112.046814, 33.44777 ] ] } },
{ "type": "Feature", "properties": { "name": "East Washington Street", "highway": "primary" }, "geometry": { "type": "LineString", "coordinates": [ [ -112.04611, 33.4482266 ], [ -112.0467694, 33.448224699999983 ], [ -112.0475779, 33.4482241 ], [ -112.047781, 33.4482245 ] ] } },
{ "type": "Feature", "properties": { "name": "East Washington Street", "highway": "primary_link" }, "geometry": { "type": "LineString", "coordinates": [ [ -112.045909200000011, 33.4482232 ], [ -112.0462426, 33.448278 ], [ -112.0466578, 33.448361 ] ] } },
{ "type": "Feature", "properties": { "name": "East Washington Street", "highway": "primary" }, "geometry": { "type": "LineString", "coordinates": [ [ -112.0464169, 33.4483599 ], [ -112.0466578, 33.448361 ] ] } },
{ "type": "Feature", "properties": { "name": "East Washington Street", "highway": "primary" }, "geometry": { "type": "LineString", "coordinates": [ [ -112.0466578, 33.448361 ], [ -112.0466978, 33.448360299999983 ], [ -112.0468342, 33.448358 ] ] } },
{ "type": "Feature", "properties": { "name": "East Jefferson Street", "highway": "primary" }, "geometry": { "type": "LineString", "coordinates": [ [ -112.047767, 33.4473072 ], [ -112.0475416, 33.44730770000001 ], [ -112.047441100000015, 33.4473108 ], [ -112.0467938, 33.447313200000011 ], [ -112.0459789, 33.4473163 ], [ -112.0455684, 33.4473178 ], [ -112.0452395, 33.447311 ], [ -112.0436656, 33.4473131 ], [ -112.0435201, 33.4473133 ], [ -112.043399, 33.4473136 ] ] } },
{ "type": "Feature", "properties": { "name": null, "highway": "footway" }, "geometry": { "type": "LineString", "coordinates": [ [ -112.045508, 33.4473826 ], [ -112.0455689, 33.4473823 ], [ -112.0456409, 33.4473819 ] ] } },
{ "type": "Feature", "properties": { "name": null, "highway": "footway" }, "geometry": { "type": "LineString", "coordinates": [ [ -112.0454967, 33.4473835 ], [ -112.045508, 33.4473826 ] ] } },
{ "type": "Feature", "properties": { "name": null, "highway": "footway" }, "geometry": { "type": "LineString", "coordinates": [ [ -112.0456409, 33.4473819 ], [ -112.04566, 33.4473923 ] ] } },
{ "type": "Feature", "properties": { "name": null, "highway": "service" }, "geometry": { "type": "LineString", "coordinates": [ [ -112.0459789, 33.4473163 ], [ -112.0459808, 33.4473523 ], [ -112.0459818, 33.4473717 ], [ -112.0459685, 33.4477423 ], [ -112.045969500000012, 33.4477671 ] ] } },
{ "type": "Feature", "properties": { "name": null, "highway": "footway" }, "geometry": { "type": "LineString", "coordinates": [ [ -112.0441016, 33.4481876 ], [ -112.043549, 33.4481896 ], [ -112.0435248, 33.4481874 ], [ -112.0435056, 33.4481752 ], [ -112.043484, 33.4481537 ], [ -112.0434694, 33.448136 ], [ -112.0434644, 33.4481145 ], [ -112.0434651, 33.4480344 ], [ -112.0435008, 33.4479775 ], [ -112.0435011, 33.4478544 ], [ -112.0435014, 33.4477627 ], [ -112.0435015, 33.44771870000001 ], [ -112.043499700000012, 33.4474791 ], [ -112.0434693, 33.4474271 ], [ -112.0434734, 33.4474081 ], [ -112.043488, 33.4473907 ], [ -112.0434915, 33.4473865 ], [ -112.043523400000012, 33.4473633 ], [ -112.0435374, 33.447353099999987 ], [ -112.043614600000012, 33.4473531 ], [ -112.0436707, 33.4473533 ], [ -112.0441359, 33.4473529 ], [ -112.044908600000014, 33.44735 ], [ -112.0452697, 33.4473509 ], [ -112.0453041, 33.4473427 ], [ -112.045476400000013, 33.4473428 ], [ -112.0454889, 33.4473492 ], [ -112.0454937, 33.4473586 ], [ -112.0454961, 33.4473714 ], [ -112.0454967, 33.4473835 ], [ -112.045500100000012, 33.4476308 ], [ -112.0454987, 33.4477657 ], [ -112.0454971, 33.4479092 ] ] } },
{ "type": "Feature", "properties": { "name": null, "highway": "service" }, "geometry": { "type": "LineString", "coordinates": [ [ -112.0434011, 33.4477626 ], [ -112.0435014, 33.4477627 ], [ -112.0435673, 33.4477628 ], [ -112.0437252, 33.447763 ], [ -112.0454987, 33.4477657 ], [ -112.0455758, 33.4477658 ], [ -112.0456313, 33.447766 ], [ -112.045969500000012, 33.4477671 ], [ -112.0467904, 33.4477699 ], [ -112.046814, 33.44777 ], [ -112.0475472, 33.4477725 ], [ -112.04763, 33.4477728 ], [ -112.0477742, 33.447773399999988 ] ] } },
{ "type": "Feature", "properties": { "name": "South 17th Street", "highway": "residential" }, "geometry": { "type": "LineString", "coordinates": [ [ -112.045571, 33.4482225 ], [ -112.04557370000002, 33.4481422 ], [ -112.04557370000002, 33.4481394 ], [ -112.0455722, 33.4479569 ], [ -112.0455758, 33.4477658 ], [ -112.0455692, 33.4474224 ], [ -112.0455689, 33.4473823 ], [ -112.0455684, 33.4473178 ] ] } },
{ "type": "Feature", "properties": { "name": null, "highway": "service" }, "geometry": { "type": "LineString", "coordinates": [ [ -112.0455722, 33.4479569 ], [ -112.0454963, 33.4479569 ], [ -112.0454424, 33.4479569 ], [ -112.0445261, 33.4479603 ] ] } },
{ "type": "Feature", "properties": { "name": null, "highway": "footway" }, "geometry": { "type": "LineString", "coordinates": [ [ -112.0454971, 33.4479092 ], [ -112.0454963, 33.4479569 ], [ -112.0454954, 33.44801180000001 ] ] } },
{ "type": "Feature", "properties": { "name": null, "highway": "footway" }, "geometry": { "type": "LineString", "coordinates": [ [ -112.047637, 33.4481575 ], [ -112.0477802, 33.4481577 ], [ -112.0478875, 33.4481578 ] ] } },
{ "type": "Feature", "properties": { "name": null, "highway": "footway" }, "geometry": { "type": "LineString", "coordinates": [ [ -112.047940600000018, 33.4482021 ], [ -112.0479384, 33.448177399999985 ] ] } },
{ "type": "Feature", "properties": { "name": null, "highway": "footway" }, "geometry": { "type": "LineString", "coordinates": [ [ -112.047576, 33.448180299999983 ], [ -112.0475774, 33.4482061 ] ] } },
{ "type": "Feature", "properties": { "name": "South 16th Street", "highway": "secondary" }, "geometry": { "type": "LineString", "coordinates": [ [ -112.047779, 33.4483584 ], [ -112.0477821, 33.4482642 ], [ -112.047781, 33.4482245 ] ] } },
{ "type": "Feature", "properties": { "name": null, "highway": "footway" }, "geometry": { "type": "LineString", "coordinates": [ [ -112.0475774, 33.4482061 ], [ -112.0475779, 33.4482241 ], [ -112.0475789, 33.4482651 ], [ -112.0475814, 33.44835830000001 ], [ -112.047583, 33.44842160000001 ] ] } },
{ "type": "Feature", "properties": { "name": null, "highway": "footway" }, "geometry": { "type": "LineString", "coordinates": [ [ -112.0479679, 33.4484207 ], [ -112.0479601, 33.4483585 ], [ -112.0479483, 33.4482637 ], [ -112.0479432, 33.4482228 ], [ -112.047940600000018, 33.4482021 ] ] } },
{ "type": "Feature", "properties": { "name": null, "highway": "footway" }, "geometry": { "type": "LineString", "coordinates": [ [ -112.047583, 33.44842160000001 ], [ -112.0475775, 33.4484451 ] ] } },
{ "type": "Feature", "properties": { "name": null, "highway": "footway" }, "geometry": { "type": "LineString", "coordinates": [ [ -112.047621100000015, 33.44846 ], [ -112.0476056, 33.4484599 ] ] } },
{ "type": "Feature", "properties": { "name": null, "highway": "footway" }, "geometry": { "type": "LineString", "coordinates": [ [ -112.047621100000015, 33.44846 ], [ -112.047680200000016, 33.4484599 ], [ -112.0478466, 33.4484596 ], [ -112.0479269, 33.4484594 ] ] } },
{ "type": "Feature", "properties": { "name": null, "highway": "footway" }, "geometry": { "type": "LineString", "coordinates": [ [ -112.0479269, 33.4484594 ], [ -112.0479439, 33.4484622 ] ] } },
{ "type": "Feature", "properties": { "name": null, "highway": "footway" }, "geometry": { "type": "LineString", "coordinates": [ [ -112.0454954, 33.44801180000001 ], [ -112.0454947, 33.4481199 ], [ -112.0454838, 33.4481585 ], [ -112.0454671, 33.4481784 ], [ -112.0454141, 33.4481838 ], [ -112.0452585, 33.448185499999987 ], [ -112.0448165, 33.4481858 ], [ -112.0441016, 33.4481876 ] ] } },
{ "type": "Feature", "properties": { "name": null, "highway": "footway" }, "geometry": { "type": "LineString", "coordinates": [ [ -112.0456331, 33.4481229 ], [ -112.0456467, 33.4481176 ] ] } },
{ "type": "Feature", "properties": { "name": null, "highway": "footway" }, "geometry": { "type": "LineString", "coordinates": [ [ -112.045499, 33.4481602 ], [ -112.04557370000002, 33.4481394 ], [ -112.0456331, 33.4481229 ] ] } },
{ "type": "Feature", "properties": { "name": null, "highway": "footway" }, "geometry": { "type": "LineString", "coordinates": [ [ -112.0454838, 33.4481585 ], [ -112.045499, 33.4481602 ] ] } },
{ "type": "Feature", "properties": { "name": "East Washington Street", "highway": "primary" }, "geometry": { "type": "LineString", "coordinates": [ [ -112.043402, 33.4482235 ], [ -112.043519, 33.4482238 ], [ -112.0441043, 33.448222199999989 ], [ -112.045571, 33.4482225 ], [ -112.045909200000011, 33.4482232 ], [ -112.04611, 33.4482266 ] ] } },
{ "type": "Feature", "properties": { "name": "East Washington Street", "highway": "primary" }, "geometry": { "type": "LineString", "coordinates": [ [ -112.043399, 33.4483638 ], [ -112.0435196, 33.4483636 ], [ -112.043934900000011, 33.448363 ], [ -112.0445435, 33.4483622 ], [ -112.0455541, 33.4483608 ], [ -112.0464169, 33.4483599 ] ] } },
{ "type": "Feature", "properties": { "name": null, "highway": "footway" }, "geometry": { "type": "LineString", "coordinates": [ [ -112.0456315, 33.4484378 ], [ -112.045554, 33.4484385 ], [ -112.0454899, 33.448439 ] ] } },
{ "type": "Feature", "properties": { "name": null, "highway": "footway" }, "geometry": { "type": "LineString", "coordinates": [ [ -112.0454899, 33.448439 ], [ -112.045476, 33.448446 ] ] } },
{ "type": "Feature", "properties": { "name": null, "highway": "footway" }, "geometry": { "type": "LineString", "coordinates": [ [ -112.045646800000014, 33.4484499 ], [ -112.0456315, 33.4484378 ] ] } },
{ "type": "Feature", "properties": { "name": null, "highway": "service" }, "geometry": { "type": "LineString", "coordinates": [ [ -112.042586519785871, 33.448914569618879 ], [ -112.043324900000016, 33.4489102 ], [ -112.0433816, 33.4489099 ], [ -112.043475200000017, 33.4489105 ], [ -112.044304200000013, 33.4489153 ], [ -112.044464, 33.4489162 ], [ -112.0446413, 33.4489172 ], [ -112.0454859, 33.4489222 ], [ -112.0455558, 33.4489226 ], [ -112.0456283, 33.4489227 ], [ -112.0476341, 33.4489242 ], [ -112.047683400000011, 33.4489242 ] ] } },
{ "type": "Feature", "properties": { "name": null, "highway": "service" }, "geometry": { "type": "LineString", "coordinates": [ [ -112.0476833, 33.4488382 ], [ -112.0476329, 33.4488369 ], [ -112.0474824, 33.4488331 ], [ -112.0473387, 33.4488254 ], [ -112.0472989, 33.4488121 ], [ -112.0472921, 33.4485329 ], [ -112.0471589, 33.448532 ], [ -112.0471396, 33.4485082 ], [ -112.0471391, 33.4484424 ], [ -112.0471384, 33.4483581 ] ] } },
{ "type": "Feature", "properties": { "name": null, "highway": "service" }, "geometry": { "type": "LineString", "coordinates": [ [ -112.0474786, 33.4486232 ], [ -112.0476303, 33.4486224 ], [ -112.0476809, 33.4486222 ] ] } },
{ "type": "Feature", "properties": { "name": "North 16th Street", "highway": "secondary" }, "geometry": { "type": "LineString", "coordinates": [ [ -112.0478476, 33.4489443 ], [ -112.0478483, 33.4489218 ], [ -112.0478496, 33.4487813 ], [ -112.0478466, 33.4484596 ], [ -112.047779, 33.4483584 ] ] } },
{ "type": "Feature", "properties": { "name": "North 16th Street", "highway": "secondary" }, "geometry": { "type": "LineString", "coordinates": [ [ -112.047779, 33.4483584 ], [ -112.047680200000016, 33.4484599 ], [ -112.0476809, 33.4486222 ], [ -112.0476833, 33.4488382 ], [ -112.047683400000011, 33.4489242 ], [ -112.047683, 33.448994 ] ] } },
{ "type": "Feature", "properties": { "name": "North 16th Street", "highway": "secondary" }, "geometry": { "type": "LineString", "coordinates": [ [ -112.047835, 33.4494549 ], [ -112.0478362, 33.4493996 ], [ -112.0478439, 33.4490582 ], [ -112.0478476, 33.4489443 ] ] } },
{ "type": "Feature", "properties": { "name": "North 16th Street", "highway": "secondary" }, "geometry": { "type": "LineString", "coordinates": [ [ -112.047683, 33.448994 ], [ -112.0476856, 33.449395 ], [ -112.047686, 33.4494572 ] ] } },
{ "type": "Feature", "properties": { "name": null, "highway": "footway" }, "geometry": { "type": "LineString", "coordinates": [ [ -112.0476125, 33.4493716 ], [ -112.047622, 33.449393 ] ] } },
{ "type": "Feature", "properties": { "name": null, "highway": "footway" }, "geometry": { "type": "LineString", "coordinates": [ [ -112.0479074, 33.4493879 ], [ -112.0478946, 33.4494014 ] ] } },
{ "type": "Feature", "properties": { "name": null, "highway": "footway" }, "geometry": { "type": "LineString", "coordinates": [ [ -112.0478798, 33.449507799999985 ], [ -112.0478872, 33.4494543 ], [ -112.0478946, 33.4494014 ], [ -112.0478362, 33.4493996 ], [ -112.0476856, 33.449395 ], [ -112.047622, 33.449393 ], [ -112.0476201, 33.4494575 ], [ -112.047618300000011, 33.4495187 ], [ -112.0476936, 33.449515599999984 ], [ -112.0478257, 33.4495101 ], [ -112.0478798, 33.449507799999985 ] ] } },
{ "type": "Feature", "properties": { "name": null, "highway": "footway" }, "geometry": { "type": "LineString", "coordinates": [ [ -112.047884, 33.4495244 ], [ -112.0478798, 33.449507799999985 ] ] } },
{ "type": "Feature", "properties": { "name": null, "highway": "footway" }, "geometry": { "type": "MultiLineString", "coordinates": [ [ [ -112.0434848, 33.4495575 ], [ -112.043653600000013, 33.4495573 ], [ -112.0437352, 33.4495684 ], [ -112.043824, 33.4495789 ], [ -112.0439, 33.4495839 ], [ -112.0439474, 33.4495783 ], [ -112.0441875, 33.4495573 ], [ -112.0442035, 33.4495615 ], [ -112.0442035, 33.4495955 ], [ -112.0442038, 33.4498797 ], [ -112.0442004, 33.449891 ], [ -112.0441661, 33.4498887 ], [ -112.0440886, 33.4498883 ], [ -112.0440328, 33.4498812 ], [ -112.0439894, 33.4498796 ], [ -112.0437513, 33.4498759 ], [ -112.0436891, 33.4498759 ], [ -112.0435656, 33.4498873 ], [ -112.0435206, 33.4498919 ], [ -112.0434861, 33.4498979 ], [ -112.0434833, 33.4498911 ], [ -112.0434838, 33.449744 ], [ -112.0434848, 33.4495575 ] ], [ [ -112.0434848, 33.4495575 ], [ -112.0434852, 33.4493459 ], [ -112.0434858, 33.4489823 ], [ -112.0434859, 33.448949599999985 ], [ -112.043475200000017, 33.4489105 ], [ -112.0434676, 33.4488825 ], [ -112.043471, 33.4484892 ], [ -112.0435003, 33.4484628 ], [ -112.0435201, 33.448444899999984 ], [ -112.0436792, 33.4484446 ], [ -112.0436992, 33.4484504 ], [ -112.0437904, 33.44845080000001 ], [ -112.0438337, 33.4484474 ], [ -112.044212200000018, 33.4484477 ], [ -112.04454010000002, 33.4484461 ], [ -112.0451809, 33.4484429 ], [ -112.0454616, 33.4484458 ], [ -112.045476, 33.448446 ], [ -112.0454819, 33.4484645 ], [ -112.045486, 33.448828 ], [ -112.0454859, 33.4489222 ], [ -112.0454859, 33.44894 ], [ -112.0454689, 33.4489613 ], [ -112.045469, 33.4489731 ], [ -112.04547, 33.449085 ], [ -112.0454681, 33.4493613 ], [ -112.045468, 33.4493742 ], [ -112.045467200000019, 33.4495828 ], [ -112.0454664, 33.4497852 ], [ -112.0454642, 33.4498842 ], [ -112.0454343, 33.4498822 ], [ -112.0454002, 33.4498787 ], [ -112.0453638, 33.4498764 ], [ -112.0453311, 33.4498748 ], [ -112.0453035, 33.4498729 ], [ -112.045275500000017, 33.449867 ], [ -112.0452437, 33.4498659 ], [ -112.045211200000011, 33.4498647 ], [ -112.045174, 33.4498644 ], [ -112.0451305, 33.4498641 ], [ -112.0450688, 33.4498644 ], [ -112.044973700000014, 33.4498661 ], [ -112.0449328, 33.4498734 ], [ -112.0449034, 33.4498882 ], [ -112.044862800000018, 33.44989240000001 ], [ -112.0447999, 33.4498904 ], [ -112.0447476, 33.4498887 ] ] ] } },
{ "type": "Feature", "properties": { "name": null, "highway": "footway" }, "geometry": { "type": "LineString", "coordinates": [ [ -112.0434858, 33.4489823 ], [ -112.0435362, 33.448980399999989 ], [ -112.0435964, 33.4489784 ], [ -112.0436608, 33.448978 ], [ -112.0436898, 33.4489854 ], [ -112.0437314, 33.4489913 ], [ -112.0437673, 33.4489862 ], [ -112.0437893, 33.448976499999986 ], [ -112.0438192, 33.4489722 ], [ -112.0440294, 33.4489783 ], [ -112.0442035, 33.4489793 ], [ -112.0442042, 33.4492048 ], [ -112.0442022, 33.449357 ], [ -112.0444837, 33.44936 ], [ -112.0447509, 33.44936 ], [ -112.04482, 33.4493533 ], [ -112.0448884, 33.4493506 ], [ -112.044973700000014, 33.4493463 ], [ -112.0450447, 33.4493473 ], [ -112.04509950000002, 33.449355499999989 ], [ -112.0451626, 33.4493723 ], [ -112.0452024, 33.4493805 ], [ -112.0452891, 33.4493782 ], [ -112.0453389, 33.4493749 ], [ -112.0454425, 33.4493742 ], [ -112.045468, 33.4493742 ] ] } },
{ "type": "Feature", "properties": { "name": null, "highway": "footway" }, "geometry": { "type": "LineString", "coordinates": [ [ -112.045646, 33.44937070000001 ], [ -112.0456363, 33.4493845 ] ] } },
{ "type": "Feature", "properties": { "name": null, "highway": "footway" }, "geometry": { "type": "LineString", "coordinates": [ [ -112.0447472, 33.449926 ], [ -112.0447476, 33.4498887 ], [ -112.0447495, 33.4496862 ], [ -112.0447509, 33.44936 ], [ -112.0447516, 33.449195 ], [ -112.0447503, 33.4489754 ], [ -112.0449106, 33.4489812 ], [ -112.0449648, 33.4489832 ], [ -112.0450213, 33.4489812 ], [ -112.0450872, 33.4489758 ], [ -112.0451175, 33.4489754 ], [ -112.0451641, 33.4489759 ], [ -112.045209200000016, 33.4489845 ], [ -112.0452713, 33.4489841 ], [ -112.0453413, 33.4489723 ], [ -112.0453903, 33.4489747 ], [ -112.045469, 33.4489731 ] ] } },
{ "type": "Feature", "properties": { "name": null, "highway": "footway" }, "geometry": { "type": "LineString", "coordinates": [ [ -112.0456387, 33.4495198 ], [ -112.04563760000002, 33.4494568 ], [ -112.0456363, 33.4493845 ] ] } },
{ "type": "Feature", "properties": { "name": null, "highway": "footway" }, "geometry": { "type": "LineString", "coordinates": [ [ -112.0456387, 33.4495198 ], [ -112.0456457, 33.4495339 ] ] } },
{ "type": "Feature", "properties": { "name": null, "highway": "footway" }, "geometry": { "type": "LineString", "coordinates": [ [ -112.0454642, 33.4498842 ], [ -112.0454657, 33.4499223 ] ] } },
{ "type": "Feature", "properties": { "name": null, "highway": "footway" }, "geometry": { "type": "LineString", "coordinates": [ [ -112.0454657, 33.4499884 ], [ -112.0454657, 33.4499559 ], [ -112.0454657, 33.4499223 ] ] } },
{ "type": "Feature", "properties": { "name": null, "highway": "footway" }, "geometry": { "type": "LineString", "coordinates": [ [ -112.0454662, 33.4500109 ], [ -112.0454657, 33.4499884 ] ] } },
{ "type": "Feature", "properties": { "name": null, "highway": "footway" }, "geometry": { "type": "LineString", "coordinates": [ [ -112.0456578, 33.4503671 ], [ -112.0456384, 33.4503818 ] ] } },
{ "type": "Feature", "properties": { "name": null, "highway": "footway" }, "geometry": { "type": "LineString", "coordinates": [ [ -112.0496931, 33.4452468 ], [ -112.0496931, 33.4456069 ], [ -112.04973, 33.4456069 ], [ -112.0497318, 33.4458004 ], [ -112.0497333, 33.4459694 ], [ -112.0497467, 33.4460057 ], [ -112.0497467, 33.4461335 ] ] } },
{ "type": "Feature", "properties": { "name": null, "highway": "footway" }, "geometry": { "type": "LineString", "coordinates": [ [ -112.0478908, 33.4456898 ], [ -112.0479985, 33.4458381 ], [ -112.0480141, 33.4458466 ], [ -112.0480306, 33.4458499 ], [ -112.0480306, 33.4458995 ], [ -112.048051, 33.4459649 ], [ -112.0480674, 33.4460413 ], [ -112.0481293, 33.446042 ] ] } },
{ "type": "Feature", "properties": { "name": null, "highway": "footway" }, "geometry": { "type": "LineString", "coordinates": [ [ -112.0498189, 33.4461333 ], [ -112.049826900000014, 33.4458089 ], [ -112.0498265, 33.4458009 ] ] } },
{ "type": "Feature", "properties": { "name": null, "highway": "footway" }, "geometry": { "type": "LineString", "coordinates": [ [ -112.0481293, 33.446042 ], [ -112.0481782, 33.4460403 ], [ -112.0481882, 33.4460248 ], [ -112.0481882, 33.4460094 ], [ -112.0484491, 33.446012899999985 ], [ -112.0484505, 33.4461164 ], [ -112.0485004, 33.4461188 ], [ -112.0485017, 33.4461377 ] ] } },
{ "type": "Feature", "properties": { "name": null, "highway": "footway" }, "geometry": { "type": "LineString", "coordinates": [ [ -112.0498189, 33.4461333 ], [ -112.0497467, 33.4461335 ], [ -112.049558, 33.4461342 ], [ -112.0490769, 33.4461358 ], [ -112.048808600000015, 33.4461367 ], [ -112.0485017, 33.4461377 ] ] } },
{ "type": "Feature", "properties": { "name": null, "highway": "footway" }, "geometry": { "type": "LineString", "coordinates": [ [ -112.048808600000015, 33.4461367 ], [ -112.048812200000015, 33.446291599999988 ], [ -112.049043, 33.4462946 ], [ -112.0490591, 33.4463006 ], [ -112.049067400000013, 33.446311799999989 ] ] } },
{ "type": "Feature", "properties": { "name": null, "highway": "footway" }, "geometry": { "type": "LineString", "coordinates": [ [ -112.0496613, 33.4463875 ], [ -112.0496604, 33.4462574 ], [ -112.0496508, 33.4462494 ], [ -112.0495604, 33.4462502 ] ] } },
{ "type": "Feature", "properties": { "name": null, "highway": "footway" }, "geometry": { "type": "LineString", "coordinates": [ [ -112.0481293, 33.446042 ], [ -112.0481285, 33.446420399999987 ], [ -112.0481297, 33.4464949 ], [ -112.0481324, 33.4466665 ] ] } },
{ "type": "Feature", "properties": { "name": null, "highway": "footway" }, "geometry": { "type": "LineString", "coordinates": [ [ -112.0490769, 33.4461358 ], [ -112.0490788, 33.4463046 ], [ -112.049067400000013, 33.446311799999989 ], [ -112.0490549, 33.4463198 ], [ -112.0490358, 33.4463293 ], [ -112.0490233, 33.446354899999982 ], [ -112.0490157, 33.4465456 ], [ -112.0489956, 33.4465719 ], [ -112.0489879, 33.4465878 ], [ -112.048991, 33.4466677 ] ] } },
{ "type": "Feature", "properties": { "name": null, "highway": "footway" }, "geometry": { "type": "LineString", "coordinates": [ [ -112.0498197, 33.4463875 ], [ -112.0497206, 33.4463875 ], [ -112.0496613, 33.4463875 ], [ -112.0496317, 33.4463875 ], [ -112.0496307, 33.4464425 ], [ -112.0495619, 33.4464414 ] ] } },
{ "type": "Feature", "properties": { "name": "South 15th Street", "highway": "residential" }, "geometry": { "type": "LineString", "coordinates": [ [ -112.0499426, 33.4451825 ], [ -112.0499418, 33.445289 ], [ -112.0499411, 33.4456662 ], [ -112.0499403, 33.4458039 ], [ -112.0499405, 33.4458556 ], [ -112.0499392, 33.4461329 ], [ -112.0499395, 33.4461856 ], [ -112.0499389, 33.446385199999987 ], [ -112.0499383, 33.4465907 ] ] } },
{ "type": "Feature", "properties": { "name": null, "highway": "service" }, "geometry": { "type": "LineString", "coordinates": [ [ -112.051131700000013, 33.4460042 ], [ -112.0501778, 33.446010200000011 ] ] } },
{ "type": "Feature", "properties": { "name": null, "highway": "service" }, "geometry": { "type": "LineString", "coordinates": [ [ -112.0511333, 33.4461782 ], [ -112.0501794, 33.4461842 ], [ -112.0500384, 33.4461851 ], [ -112.0500205, 33.4461852 ], [ -112.0499395, 33.4461856 ] ] } },
{ "type": "Feature", "properties": { "name": null, "highway": "footway" }, "geometry": { "type": "LineString", "coordinates": [ [ -112.0520194, 33.4462326 ], [ -112.0519939, 33.4462352 ] ] } },
{ "type": "Feature", "properties": { "name": null, "highway": "service" }, "geometry": { "type": "LineString", "coordinates": [ [ -112.05113, 33.4456607 ], [ -112.0511303, 33.4458481 ], [ -112.051131700000013, 33.4460042 ], [ -112.0511333, 33.4461782 ], [ -112.0511338, 33.4462338 ], [ -112.0511349, 33.4463568 ], [ -112.0511365, 33.4465356 ], [ -112.0511369, 33.4465824 ], [ -112.0511385, 33.4467528 ], [ -112.0511401, 33.446932799999985 ], [ -112.0501862, 33.446938799999984 ], [ -112.0501846, 33.4467588 ], [ -112.050183, 33.4465884 ], [ -112.050181, 33.4463628 ], [ -112.0501794, 33.4461842 ], [ -112.0501778, 33.446010200000011 ], [ -112.0501764, 33.4458541 ] ] } },
{ "type": "Feature", "properties": { "name": null, "highway": "service" }, "geometry": { "type": "LineString", "coordinates": [ [ -112.0511349, 33.4463568 ], [ -112.050181, 33.4463628 ] ] } },
{ "type": "Feature", "properties": { "name": null, "highway": "footway" }, "geometry": { "type": "LineString", "coordinates": [ [ -112.0519918, 33.4456537 ], [ -112.0519935, 33.4456962 ], [ -112.0519938, 33.4461042 ], [ -112.0519939, 33.4462352 ], [ -112.0519939, 33.4462579 ], [ -112.0519927, 33.4470119 ], [ -112.0519958, 33.4470485 ], [ -112.0519876, 33.447063499999985 ], [ -112.0519819, 33.4470739 ], [ -112.0519562, 33.4470803 ], [ -112.0519168, 33.4470765 ], [ -112.0517326, 33.4470781 ], [ -112.0512168, 33.4470782 ], [ -112.0502689, 33.4470821 ], [ -112.0500818, 33.4470878 ], [ -112.0500518, 33.4470828 ], [ -112.0500329, 33.447063299999989 ], [ -112.050025, 33.4470552 ], [ -112.0500164, 33.447043 ], [ -112.0500164, 33.4470063 ], [ -112.0500187, 33.44658960000001 ], [ -112.0500199, 33.4463822 ], [ -112.0500205, 33.4461852 ], [ -112.0500215, 33.4458971 ], [ -112.0500212, 33.44585510000001 ], [ -112.0500209, 33.4458019 ] ] } },
{ "type": "Feature", "properties": { "name": null, "highway": "service" }, "geometry": { "type": "LineString", "coordinates": [ [ -112.0511365, 33.4465356 ], [ -112.0512341, 33.4465347 ], [ -112.0512838, 33.4465221 ], [ -112.0513114, 33.4465007 ], [ -112.0513488, 33.4464553 ], [ -112.0513671, 33.4463987 ], [ -112.0513694, 33.4463545 ], [ -112.0513527, 33.4463102 ], [ -112.0513172, 33.4462716 ], [ -112.0512766, 33.4462495 ], [ -112.0512324, 33.4462364 ], [ -112.0511338, 33.4462338 ] ] } },
{ "type": "Feature", "properties": { "name": null, "highway": "service" }, "geometry": { "type": "LineString", "coordinates": [ [ -112.0499383, 33.4465907 ], [ -112.0500187, 33.44658960000001 ], [ -112.0500421, 33.4465893 ], [ -112.050183, 33.4465884 ], [ -112.0511369, 33.4465824 ] ] } },
{ "type": "Feature", "properties": { "name": null, "highway": "service" }, "geometry": { "type": "LineString", "coordinates": [ [ -112.0511385, 33.4467528 ], [ -112.0501846, 33.4467588 ] ] } },
{ "type": "Feature", "properties": { "name": null, "highway": "footway" }, "geometry": { "type": "LineString", "coordinates": [ [ -112.049558, 33.4461342 ], [ -112.0495604, 33.4462502 ], [ -112.0495641, 33.4464289 ], [ -112.0495619, 33.4464414 ], [ -112.0495549, 33.4464809 ], [ -112.0495406, 33.4465312 ], [ -112.0495161, 33.4465713 ], [ -112.0494774, 33.4466057 ], [ -112.0494691, 33.4466131 ], [ -112.0493601, 33.4467006 ] ] } },
{ "type": "Feature", "properties": { "name": null, "highway": "footway" }, "geometry": { "type": "LineString", "coordinates": [ [ -112.0496307, 33.4464425 ], [ -112.0497206, 33.4464433 ], [ -112.0497206, 33.4463875 ] ] } },
{ "type": "Feature", "properties": { "name": null, "highway": "service" }, "geometry": { "type": "LineString", "coordinates": [ [ -112.0481053, 33.4471669 ], [ -112.0481006, 33.4470954 ], [ -112.0480967, 33.4470202 ], [ -112.0480727, 33.446879899999985 ], [ -112.0480144, 33.4466953 ], [ -112.048004100000014, 33.4465965 ], [ -112.0480325, 33.4461027 ], [ -112.0480247, 33.4460168 ], [ -112.047985200000014, 33.4458994 ], [ -112.047940600000018, 33.4458164 ], [ -112.047917700000013, 33.4457794 ] ] } },
{ "type": "Feature", "properties": { "name": null, "highway": "footway" }, "geometry": { "type": "LineString", "coordinates": [ [ -112.0480563, 33.4466671 ], [ -112.0480579, 33.446494 ], [ -112.0481297, 33.4464949 ] ] } },
{ "type": "Feature", "properties": { "name": null, "highway": "footway" }, "geometry": { "type": "LineString", "coordinates": [ [ -112.049798, 33.4470715 ], [ -112.0498109, 33.4470531 ], [ -112.0498216, 33.4470263 ], [ -112.0498197, 33.4463875 ], [ -112.0498189, 33.4461333 ] ] } },
{ "type": "Feature", "properties": { "name": null, "highway": "footway" }, "geometry": { "type": "LineString", "coordinates": [ [ -112.0481324, 33.4466665 ], [ -112.0483898, 33.4466641 ], [ -112.0487091, 33.4466678 ], [ -112.0487155, 33.4466878 ], [ -112.0487298, 33.446705 ], [ -112.0487575, 33.4467117 ] ] } },
{ "type": "Feature", "properties": { "name": null, "highway": "footway" }, "geometry": { "type": "LineString", "coordinates": [ [ -112.0494774, 33.4466057 ], [ -112.0495662, 33.4466907 ], [ -112.049452400000021, 33.4467788 ] ] } },
{ "type": "Feature", "properties": { "name": null, "highway": "footway" }, "geometry": { "type": "LineString", "coordinates": [ [ -112.048991, 33.4466677 ], [ -112.0489919, 33.4467013 ], [ -112.0489875, 33.4467304 ], [ -112.048974, 33.446752 ], [ -112.0489535, 33.4467617 ], [ -112.0489239, 33.446767 ], [ -112.0487522, 33.4467662 ] ] } },
{ "type": "Feature", "properties": { "name": null, "highway": "footway" }, "geometry": { "type": "LineString", "coordinates": [ [ -112.0487522, 33.4467662 ], [ -112.0487575, 33.4467117 ] ] } },
{ "type": "Feature", "properties": { "name": null, "highway": "footway" }, "geometry": { "type": "LineString", "coordinates": [ [ -112.0487548, 33.4468812 ], [ -112.0487522, 33.4467662 ] ] } },
{ "type": "Feature", "properties": { "name": null, "highway": "footway" }, "geometry": { "type": "LineString", "coordinates": [ [ -112.0481545, 33.4470947 ], [ -112.04815, 33.4470014 ], [ -112.0481438, 33.4469618 ], [ -112.048133, 33.4469043 ], [ -112.048117800000014, 33.4468438 ], [ -112.0480946, 33.4467871 ], [ -112.0480758, 33.4467356 ], [ -112.0480615, 33.4467005 ], [ -112.0480563, 33.4466671 ], [ -112.0481324, 33.4466665 ] ] } },
{ "type": "Feature", "properties": { "name": null, "highway": "footway" }, "geometry": { "type": "LineString", "coordinates": [ [ -112.0484551, 33.4468588 ], [ -112.0485231, 33.4469088 ], [ -112.0485339, 33.446908 ], [ -112.04855, 33.4468991 ], [ -112.0485679, 33.4468976 ], [ -112.048574, 33.4469005 ], [ -112.0485866, 33.4469013 ], [ -112.0485974, 33.4468939 ], [ -112.048601, 33.4468797 ], [ -112.0487548, 33.4468812 ] ] } },
{ "type": "Feature", "properties": { "name": null, "highway": "footway" }, "geometry": { "type": "LineString", "coordinates": [ [ -112.0478857, 33.4467082 ], [ -112.0478928, 33.4470574 ], [ -112.0479038, 33.4470735 ], [ -112.0479127, 33.4470865 ], [ -112.0479411, 33.4470976 ], [ -112.0479472, 33.4470975 ], [ -112.0479512, 33.447097499999984 ], [ -112.0481006, 33.4470954 ], [ -112.0481545, 33.4470947 ] ] } },
{ "type": "Feature", "properties": { "name": null, "highway": "footway" }, "geometry": { "type": "LineString", "coordinates": [ [ -112.0487575, 33.4467117 ], [ -112.0487826, 33.4467057 ], [ -112.0487942, 33.4466908 ], [ -112.0488023, 33.4466692 ], [ -112.048991, 33.4466677 ], [ -112.0493247, 33.4466707 ], [ -112.0493601, 33.4467006 ], [ -112.049452400000021, 33.4467788 ], [ -112.049798, 33.4470715 ], [ -112.0498206, 33.4471179 ] ] } },
{ "type": "Feature", "properties": { "name": null, "highway": "footway" }, "geometry": { "type": "LineString", "coordinates": [ [ -112.0487522, 33.4467662 ], [ -112.0486895, 33.4467677 ], [ -112.0486564, 33.4467707 ], [ -112.0486233, 33.4467737 ], [ -112.0485947, 33.4467804 ], [ -112.0485625, 33.4467916 ], [ -112.0485267, 33.4468065 ], [ -112.0484945, 33.4468244 ], [ -112.0484694, 33.4468438 ], [ -112.0484551, 33.4468588 ], [ -112.0484328, 33.4468797 ], [ -112.0484113, 33.446911 ], [ -112.0483916, 33.4469372 ], [ -112.048374600000017, 33.4469573 ], [ -112.0483442, 33.4469842 ], [ -112.0483165, 33.4469976 ], [ -112.0482959, 33.4470088 ], [ -112.0482565, 33.4470185 ], [ -112.0482252, 33.447032 ], [ -112.0482189, 33.4470409 ], [ -112.0482189, 33.4470917 ] ] } },
{ "type": "Feature", "properties": { "name": null, "highway": "footway" }, "geometry": { "type": "LineString", "coordinates": [ [ -112.0487548, 33.4468812 ], [ -112.0487584, 33.4470865 ] ] } },
{ "type": "Feature", "properties": { "name": null, "highway": "footway" }, "geometry": { "type": "LineString", "coordinates": [ [ -112.049798, 33.4470715 ], [ -112.049868700000019, 33.4470705 ] ] } },
{ "type": "Feature", "properties": { "name": null, "highway": "footway" }, "geometry": { "type": "LineString", "coordinates": [ [ -112.0481545, 33.4470947 ], [ -112.0482189, 33.4470917 ], [ -112.0487584, 33.4470865 ], [ -112.0497563, 33.4470831 ], [ -112.0497789, 33.4470775 ], [ -112.049798, 33.4470715 ] ] } },
{ "type": "Feature", "properties": { "name": null, "highway": "footway" }, "geometry": { "type": "LineString", "coordinates": [ [ -112.0479476, 33.4471178 ], [ -112.0479472, 33.4470975 ] ] } },
{ "type": "Feature", "properties": { "name": "East Jefferson Street", "highway": "primary" }, "geometry": { "type": "LineString", "coordinates": [ [ -112.0487781, 33.4471684 ], [ -112.0482717, 33.4471673 ], [ -112.0481053, 33.4471669 ], [ -112.0479483, 33.4471666 ], [ -112.0478641, 33.4471674 ], [ -112.047763, 33.4471682 ] ] } },
{ "type": "Feature", "properties": { "name": "South 15th Street", "highway": "residential" }, "geometry": { "type": "LineString", "coordinates": [ [ -112.0499383, 33.4465907 ], [ -112.0499368, 33.447069 ], [ -112.0499363, 33.4470773 ], [ -112.049931, 33.447169 ] ] } },
{ "type": "Feature", "properties": { "name": null, "highway": "footway" }, "geometry": { "type": "LineString", "coordinates": [ [ -112.0500329, 33.447063299999989 ], [ -112.050004, 33.4470675 ] ] } },
{ "type": "Feature", "properties": { "name": null, "highway": "footway" }, "geometry": { "type": "LineString", "coordinates": [ [ -112.049868700000019, 33.4470705 ], [ -112.0499368, 33.447069 ], [ -112.050004, 33.4470675 ] ] } },
{ "type": "Feature", "properties": { "name": null, "highway": "footway" }, "geometry": { "type": "LineString", "coordinates": [ [ -112.0520163, 33.4470623 ], [ -112.0519876, 33.447063499999985 ] ] } },
{ "type": "Feature", "properties": { "name": null, "highway": "footway" }, "geometry": { "type": "LineString", "coordinates": [ [ -112.0500452, 33.4471025 ], [ -112.0500518, 33.4470828 ] ] } },
{ "type": "Feature", "properties": { "name": null, "highway": "footway" }, "geometry": { "type": "LineString", "coordinates": [ [ -112.0519631, 33.447107800000012 ], [ -112.0519562, 33.4470803 ] ] } },
{ "type": "Feature", "properties": { "name": "East Jefferson Street", "highway": "primary" }, "geometry": { "type": "LineString", "coordinates": [ [ -112.052078, 33.4471506 ], [ -112.0519626, 33.4471516 ], [ -112.0516977, 33.4471543 ], [ -112.0510695, 33.4471609 ], [ -112.0508612, 33.4471625 ] ] } },
{ "type": "Feature", "properties": { "name": "East Jefferson Street", "highway": "primary" }, "geometry": { "type": "LineString", "coordinates": [ [ -112.0508612, 33.4471625 ], [ -112.0500401, 33.4471684 ], [ -112.049931, 33.447169 ] ] } },
{ "type": "Feature", "properties": { "name": null, "highway": "footway" }, "geometry": { "type": "LineString", "coordinates": [ [ -112.0500285, 33.4473185 ], [ -112.0500296, 33.4473046 ], [ -112.0500334, 33.4472549 ], [ -112.0500401, 33.4471684 ], [ -112.0500452, 33.4471025 ] ] } },
{ "type": "Feature", "properties": { "name": null, "highway": "footway" }, "geometry": { "type": "LineString", "coordinates": [ [ -112.0519608, 33.4473116 ], [ -112.051961, 33.4472923 ], [ -112.0519615, 33.4472463 ], [ -112.0519626, 33.4471516 ], [ -112.0519631, 33.447107800000012 ] ] } },
{ "type": "Feature", "properties": { "name": "East Jefferson Street", "highway": "primary" }, "geometry": { "type": "LineString", "coordinates": [ [ -112.048891400000016, 33.4471685 ], [ -112.048799, 33.4471684 ], [ -112.0487781, 33.4471684 ] ] } },
{ "type": "Feature", "properties": { "name": "East Jefferson Street", "highway": "primary" }, "geometry": { "type": "LineString", "coordinates": [ [ -112.0492408, 33.4471688 ], [ -112.048891400000016, 33.4471685 ] ] } },
{ "type": "Feature", "properties": { "name": "East Jefferson Street", "highway": "primary" }, "geometry": { "type": "LineString", "coordinates": [ [ -112.049931, 33.447169 ], [ -112.0498214, 33.4471697 ], [ -112.0492408, 33.4471688 ] ] } },
{ "type": "Feature", "properties": { "name": null, "highway": "footway" }, "geometry": { "type": "LineString", "coordinates": [ [ -112.0479508, 33.4473421 ], [ -112.0479503, 33.4473072 ], [ -112.0479497, 33.4472653 ], [ -112.0479483, 33.4471666 ], [ -112.0479476, 33.4471178 ] ] } },
{ "type": "Feature", "properties": { "name": null, "highway": "footway" }, "geometry": { "type": "LineString", "coordinates": [ [ -112.0498238, 33.4473232 ], [ -112.0498235, 33.4473016 ], [ -112.0498227, 33.4472551 ], [ -112.0498214, 33.4471697 ], [ -112.0498206, 33.4471179 ] ] } },
{ "type": "Feature", "properties": { "name": "East Jefferson Street", "highway": "primary" }, "geometry": { "type": "LineString", "coordinates": [ [ -112.0497351, 33.4472987 ], [ -112.0494633, 33.4472568 ], [ -112.048891400000016, 33.4471685 ] ] } },
{ "type": "Feature", "properties": { "name": "East Jefferson Street", "highway": "primary" }, "geometry": { "type": "LineString", "coordinates": [ [ -112.0495141, 33.447301 ], [ -112.0489875, 33.4473031 ], [ -112.0479503, 33.4473072 ], [ -112.047767, 33.4473072 ] ] } },
{ "type": "Feature", "properties": { "name": "East Jefferson Street", "highway": "primary" }, "geometry": { "type": "LineString", "coordinates": [ [ -112.049923, 33.4473025 ], [ -112.0498235, 33.4473016 ], [ -112.0497351, 33.4472987 ], [ -112.0495141, 33.447301 ] ] } },
{ "type": "Feature", "properties": { "name": null, "highway": "footway" }, "geometry": { "type": "LineString", "coordinates": [ [ -112.049818, 33.4473365 ], [ -112.0498238, 33.4473232 ] ] } },
{ "type": "Feature", "properties": { "name": null, "highway": "footway" }, "geometry": { "type": "LineString", "coordinates": [ [ -112.0479508, 33.4473421 ], [ -112.04795, 33.4473649 ] ] } },
{ "type": "Feature", "properties": { "name": "South 15th Street", "highway": "residential" }, "geometry": { "type": "LineString", "coordinates": [ [ -112.049931, 33.447169 ], [ -112.0499262, 33.4472546 ], [ -112.049923, 33.4473025 ] ] } },
{ "type": "Feature", "properties": { "name": "East Jefferson Street", "highway": "primary" }, "geometry": { "type": "LineString", "coordinates": [ [ -112.0503137, 33.4473014 ], [ -112.0500296, 33.4473046 ], [ -112.049923, 33.4473025 ] ] } },
{ "type": "Feature", "properties": { "name": "East Jefferson Street", "highway": "primary" }, "geometry": { "type": "LineString", "coordinates": [ [ -112.05208, 33.4472927 ], [ -112.051961, 33.4472923 ], [ -112.0516321, 33.4472912 ], [ -112.0503137, 33.4473014 ] ] } },
{ "type": "Feature", "properties": { "name": null, "highway": "footway" }, "geometry": { "type": "LineString", "coordinates": [ [ -112.050028, 33.447328 ], [ -112.0500285, 33.4473185 ] ] } },
{ "type": "Feature", "properties": { "name": null, "highway": "footway" }, "geometry": { "type": "LineString", "coordinates": [ [ -112.0519581, 33.4473356 ], [ -112.0519608, 33.4473116 ] ] } },
{ "type": "Feature", "properties": { "name": null, "highway": "footway" }, "geometry": { "type": "LineString", "coordinates": [ [ -112.049979, 33.4473882 ], [ -112.0499821, 33.4473697 ], [ -112.0499899, 33.4473488 ], [ -112.0500044, 33.4473325 ], [ -112.050028, 33.447328 ], [ -112.0500625, 33.4473321 ], [ -112.0500934, 33.4473371 ], [ -112.0505383, 33.447334 ], [ -112.0508795, 33.4473334 ], [ -112.050916300000011, 33.4473407 ], [ -112.0515685, 33.4473377 ], [ -112.0519581, 33.4473356 ], [ -112.0519799, 33.447342 ], [ -112.0519942, 33.4473558 ], [ -112.051996, 33.4473596 ], [ -112.0520039, 33.4473763 ] ] } },
{ "type": "Feature", "properties": { "name": null, "highway": "footway" }, "geometry": { "type": "LineString", "coordinates": [ [ -112.0499708, 33.4473689 ], [ -112.0499821, 33.4473697 ] ] } },
{ "type": "Feature", "properties": { "name": null, "highway": "footway" }, "geometry": { "type": "LineString", "coordinates": [ [ -112.0520135, 33.4473589 ], [ -112.051996, 33.4473596 ] ] } },
{ "type": "Feature", "properties": { "name": "South 15th Street", "highway": "residential" }, "geometry": { "type": "LineString", "coordinates": [ [ -112.049923, 33.4473025 ], [ -112.0499231, 33.4473694 ], [ -112.0499205, 33.4477499 ], [ -112.0499177, 33.448150699999985 ], [ -112.049916, 33.4482118 ] ] } },
{ "type": "Feature", "properties": { "name": null, "highway": "footway" }, "geometry": { "type": "LineString", "coordinates": [ [ -112.051981, 33.4477468 ], [ -112.0519792, 33.448107899999989 ], [ -112.0520013, 33.4481268 ], [ -112.0519908, 33.4481379 ], [ -112.0519861, 33.4481428 ], [ -112.051973, 33.448157399999985 ], [ -112.0519577, 33.4481605 ], [ -112.051945500000016, 33.448163 ], [ -112.051702, 33.4481633 ], [ -112.0511605, 33.4481717 ], [ -112.0505164, 33.4481744 ], [ -112.0500918, 33.4481773 ], [ -112.050061200000016, 33.4481781 ], [ -112.0500392, 33.4481718 ], [ -112.0500145, 33.4481568 ], [ -112.0500077, 33.4481467 ], [ -112.0500016, 33.448137699999982 ], [ -112.0499979, 33.4481134 ], [ -112.0499995, 33.4480888 ] ] } },
{ "type": "Feature", "properties": { "name": null, "highway": "primary_link" }, "geometry": { "type": "LineString", "coordinates": [ [ -112.053884, 33.4472829 ], [ -112.0535725, 33.447228299999985 ], [ -112.0531183, 33.44714350000001 ] ] } },
{ "type": "Feature", "properties": { "name": null, "highway": "footway" }, "geometry": { "type": "LineString", "coordinates": [ [ -112.0521928, 33.4473345 ], [ -112.0521903, 33.4473117 ] ] } },
{ "type": "Feature", "properties": { "name": null, "highway": "footway" }, "geometry": { "type": "LineString", "coordinates": [ [ -112.0521349, 33.4473585 ], [ -112.0520808, 33.4473587 ], [ -112.0520135, 33.4473589 ] ] } },
{ "type": "Feature", "properties": { "name": null, "highway": "footway" }, "geometry": { "type": "LineString", "coordinates": [ [ -112.0521619, 33.4473649 ], [ -112.0521349, 33.4473585 ] ] } },
{ "type": "Feature", "properties": { "name": null, "highway": "service" }, "geometry": { "type": "LineString", "coordinates": [ [ -112.0499205, 33.4477499 ], [ -112.051981, 33.4477468 ], [ -112.0520799, 33.4477467 ], [ -112.0521608, 33.4477452 ], [ -112.0529882, 33.4477294 ], [ -112.0541535, 33.4477307 ], [ -112.0542427, 33.4477308 ], [ -112.0543203, 33.4477307 ], [ -112.055258800000018, 33.4477293 ] ] } },
{ "type": "Feature", "properties": { "name": "South 14th Street", "highway": "residential" }, "geometry": { "type": "LineString", "coordinates": [ [ -112.052079300000017, 33.4482024 ], [ -112.052079, 33.4481364 ], [ -112.0520799, 33.4477467 ], [ -112.0520808, 33.4473587 ], [ -112.05208, 33.4472927 ] ] } },
{ "type": "Feature", "properties": { "name": null, "highway": "footway" }, "geometry": { "type": "LineString", "coordinates": [ [ -112.0541576, 33.4474142 ], [ -112.0541535, 33.4477307 ], [ -112.0541484, 33.4481201 ], [ -112.0541206, 33.4481517 ], [ -112.0539134, 33.4481519 ], [ -112.0537405, 33.4481529 ], [ -112.053317, 33.4481554 ], [ -112.0530716, 33.4481569 ], [ -112.0525084, 33.4481607 ], [ -112.0523398, 33.4481618 ], [ -112.0522167, 33.4481637 ], [ -112.052184, 33.4481615 ], [ -112.0521686, 33.4481531 ], [ -112.0521563, 33.4481367 ], [ -112.0521607, 33.4478726 ], [ -112.0521608, 33.4477452 ], [ -112.052160900000018, 33.447452 ], [ -112.05216, 33.4473773 ], [ -112.0521619, 33.4473649 ], [ -112.0521632, 33.4473564 ], [ -112.0521786, 33.447339399999983 ], [ -112.0521928, 33.4473345 ], [ -112.0522031, 33.447331 ], [ -112.0522463, 33.4473333 ], [ -112.0523226, 33.4473337 ], [ -112.0529024, 33.4473307 ], [ -112.0529388, 33.447324 ], [ -112.0533754, 33.4473198 ], [ -112.0537681, 33.4473184 ], [ -112.0538176, 33.4473325 ], [ -112.0541276, 33.4473304 ], [ -112.0541493, 33.4473546 ], [ -112.0541546, 33.447360499999988 ], [ -112.0541576, 33.4474142 ] ] } },
{ "type": "Feature", "properties": { "name": null, "highway": "service" }, "geometry": { "type": "MultiLineString", "coordinates": [ [ [ -112.0533177, 33.4481964 ], [ -112.053317, 33.4481554 ], [ -112.0533155, 33.4480618 ], [ -112.0533381, 33.4480222 ] ], [ [ -112.0533381, 33.4480222 ], [ -112.0533392, 33.4478431 ], [ -112.053736, 33.447845 ], [ -112.053736, 33.4480184 ], [ -112.0533381, 33.4480222 ] ] ] } },
{ "type": "Feature", "properties": { "name": null, "highway": "service" }, "geometry": { "type": "LineString", "coordinates": [ [ -112.0525013, 33.4478897 ], [ -112.0525072, 33.4481091 ], [ -112.0525084, 33.4481607 ], [ -112.0525094, 33.4482004 ] ] } },
{ "type": "Feature", "properties": { "name": null, "highway": "service" }, "geometry": { "type": "LineString", "coordinates": [ [ -112.053742, 33.4481958 ], [ -112.0537405, 33.4481529 ], [ -112.053736, 33.4480184 ] ] } },
{ "type": "Feature", "properties": { "name": null, "highway": "footway" }, "geometry": { "type": "LineString", "coordinates": [ [ -112.0498571, 33.44737 ], [ -112.0499231, 33.4473694 ], [ -112.0499708, 33.4473689 ] ] } },
{ "type": "Feature", "properties": { "name": null, "highway": "footway" }, "geometry": { "type": "LineString", "coordinates": [ [ -112.049843800000019, 33.4473705 ], [ -112.0498571, 33.44737 ] ] } },
{ "type": "Feature", "properties": { "name": null, "highway": "service" }, "geometry": { "type": "LineString", "coordinates": [ [ -112.0489875, 33.4473031 ], [ -112.048988200000011, 33.4473471 ], [ -112.0489928, 33.447642 ], [ -112.0485448, 33.4477125 ], [ -112.0485507, 33.4481779 ], [ -112.0485512, 33.4482176 ] ] } },
{ "type": "Feature", "properties": { "name": null, "highway": "footway" }, "geometry": { "type": "LineString", "coordinates": [ [ -112.049843800000019, 33.4473705 ], [ -112.0498325, 33.4473503 ], [ -112.049818, 33.4473365 ], [ -112.0498066, 33.447330299999983 ], [ -112.049776300000019, 33.4473307 ], [ -112.0497603, 33.4473383 ], [ -112.0495812, 33.4473402 ], [ -112.048988200000011, 33.4473471 ], [ -112.0485701, 33.447352 ], [ -112.0482951, 33.4473544 ], [ -112.0479811, 33.4473551 ], [ -112.04795, 33.4473649 ], [ -112.0479138, 33.447393399999989 ], [ -112.0478927, 33.4474213 ], [ -112.0478945, 33.44749 ], [ -112.0479089, 33.4475038 ], [ -112.0479166, 33.4475158 ], [ -112.0479184, 33.4475417 ], [ -112.047921, 33.4475636 ], [ -112.047918100000018, 33.4477002 ], [ -112.0479154, 33.4477778 ], [ -112.047922500000013, 33.4478033 ], [ -112.0479262, 33.4478187 ], [ -112.047914500000019, 33.4478429 ], [ -112.0478929, 33.4478748 ], [ -112.04789, 33.4479648 ], [ -112.0479041, 33.4479851 ], [ -112.0479138, 33.4479969 ], [ -112.0479173, 33.448018 ], [ -112.047913, 33.448031 ], [ -112.047913, 33.4480483 ], [ -112.0479136, 33.4480731 ], [ -112.0479054, 33.4480973 ], [ -112.0478931, 33.4481211 ], [ -112.0478929, 33.4481352 ], [ -112.0479042, 33.4481536 ], [ -112.0479244, 33.4481737 ], [ -112.0479384, 33.448177399999985 ], [ -112.0479485, 33.44818 ], [ -112.0482285, 33.448179 ], [ -112.0485507, 33.4481779 ], [ -112.0486234, 33.4481777 ], [ -112.0488345, 33.4481758 ], [ -112.0488955, 33.448176 ], [ -112.0489578, 33.448176199999985 ], [ -112.0489957, 33.4481837 ], [ -112.0490196, 33.4481851 ], [ -112.0492349, 33.44818260000001 ], [ -112.049286, 33.448182 ], [ -112.0495116, 33.4481794 ], [ -112.0496001, 33.448179 ], [ -112.0498075, 33.4481774 ], [ -112.0498216, 33.448168699999989 ], [ -112.049823700000019, 33.44816 ], [ -112.0498302, 33.4481331 ], [ -112.0498381, 33.448081399999985 ], [ -112.0498416, 33.447996699999983 ], [ -112.0498453, 33.4477509 ], [ -112.0498444, 33.4473877 ], [ -112.049843800000019, 33.4473705 ] ] } },
{ "type": "Feature", "properties": { "name": null, "highway": "service" }, "geometry": { "type": "LineString", "coordinates": [ [ -112.0499205, 33.4477499 ], [ -112.0498453, 33.4477509 ], [ -112.0492325, 33.4477547 ], [ -112.0489793, 33.4477565 ], [ -112.048941200000016, 33.4477736 ], [ -112.0489086, 33.4478186 ], [ -112.0488928, 33.4479545 ], [ -112.0488955, 33.448176 ], [ -112.048896, 33.4482163 ] ] } },
{ "type": "Feature", "properties": { "name": null, "highway": "service" }, "geometry": { "type": "LineString", "coordinates": [ [ -112.0492325, 33.4477547 ], [ -112.0492349, 33.44818260000001 ], [ -112.0492351, 33.448218299999986 ] ] } },
{ "type": "Feature", "properties": { "name": null, "highway": "footway" }, "geometry": { "type": "LineString", "coordinates": [ [ -112.0498456, 33.4481519 ], [ -112.0499177, 33.448150699999985 ], [ -112.0499802, 33.4481496 ] ] } },
{ "type": "Feature", "properties": { "name": null, "highway": "footway" }, "geometry": { "type": "LineString", "coordinates": [ [ -112.049823700000019, 33.44816 ], [ -112.0498456, 33.4481519 ] ] } },
{ "type": "Feature", "properties": { "name": null, "highway": "footway" }, "geometry": { "type": "LineString", "coordinates": [ [ -112.0498007, 33.4481885 ], [ -112.0498075, 33.4481774 ] ] } },
{ "type": "Feature", "properties": { "name": "East Washington Street", "highway": "primary" }, "geometry": { "type": "LineString", "coordinates": [ [ -112.047781, 33.4482245 ], [ -112.0479432, 33.4482228 ], [ -112.0485512, 33.4482176 ], [ -112.048896, 33.4482163 ], [ -112.0492351, 33.448218299999986 ], [ -112.0497994, 33.4482131 ], [ -112.049916, 33.4482118 ] ] } },
{ "type": "Feature", "properties": { "name": null, "highway": "footway" }, "geometry": { "type": "LineString", "coordinates": [ [ -112.0499802, 33.4481496 ], [ -112.0500077, 33.4481467 ] ] } },
{ "type": "Feature", "properties": { "name": null, "highway": "footway" }, "geometry": { "type": "LineString", "coordinates": [ [ -112.052009400000017, 33.4481381 ], [ -112.0519908, 33.4481379 ] ] } },
{ "type": "Feature", "properties": { "name": null, "highway": "footway" }, "geometry": { "type": "LineString", "coordinates": [ [ -112.0500392, 33.4481718 ], [ -112.0500332, 33.4481938 ] ] } },
{ "type": "Feature", "properties": { "name": null, "highway": "footway" }, "geometry": { "type": "LineString", "coordinates": [ [ -112.0519578, 33.4481821 ], [ -112.0519577, 33.4481605 ] ] } },
{ "type": "Feature", "properties": { "name": "East Washington Street", "highway": "primary" }, "geometry": { "type": "LineString", "coordinates": [ [ -112.049916, 33.4482118 ], [ -112.0500334, 33.448211099999988 ], [ -112.05011180000001, 33.448210899999985 ], [ -112.0519577, 33.4482029 ], [ -112.052079300000017, 33.4482024 ] ] } },
{ "type": "Feature", "properties": { "name": "East Washington Street", "highway": "primary" }, "geometry": { "type": "LineString", "coordinates": [ [ -112.05011180000001, 33.448210899999985 ], [ -112.0503631, 33.4482558 ], [ -112.0508075, 33.448338 ] ] } },
{ "type": "Feature", "properties": { "name": null, "highway": "footway" }, "geometry": { "type": "LineString", "coordinates": [ [ -112.0500332, 33.4481938 ], [ -112.0500334, 33.448211099999988 ], [ -112.050034, 33.4482653 ], [ -112.050035, 33.4483497 ], [ -112.0500356, 33.448402 ] ] } },
{ "type": "Feature", "properties": { "name": null, "highway": "footway" }, "geometry": { "type": "LineString", "coordinates": [ [ -112.0519572, 33.4483914 ], [ -112.0519574, 33.4483367 ], [ -112.0519576, 33.4482477 ], [ -112.0519577, 33.4482029 ], [ -112.0519578, 33.4481821 ] ] } },
{ "type": "Feature", "properties": { "name": "East Washington Street", "highway": "primary" }, "geometry": { "type": "LineString", "coordinates": [ [ -112.0506174, 33.4483409 ], [ -112.0507036, 33.4483402 ], [ -112.0508075, 33.448338 ] ] } },
{ "type": "Feature", "properties": { "name": "East Washington Street", "highway": "primary" }, "geometry": { "type": "LineString", "coordinates": [ [ -112.0508075, 33.448338 ], [ -112.0511076, 33.4483377 ] ] } },
{ "type": "Feature", "properties": { "name": null, "highway": "footway" }, "geometry": { "type": "LineString", "coordinates": [ [ -112.054167, 33.4452418 ], [ -112.054169, 33.4455586 ], [ -112.054169, 33.4456442 ], [ -112.0541689, 33.4460371 ], [ -112.0541661, 33.4460576 ], [ -112.0541588, 33.4460645 ], [ -112.0541522, 33.446070699999986 ], [ -112.0540122, 33.4460718 ], [ -112.0536018, 33.446070699999986 ], [ -112.0530451, 33.4460757 ], [ -112.0523636, 33.4460726 ], [ -112.052343, 33.4460732 ], [ -112.0523284, 33.4460782 ], [ -112.0521863, 33.446079199999986 ], [ -112.0521635, 33.4460829 ] ] } },
{ "type": "Feature", "properties": { "name": "South 14th Street", "highway": "residential" }, "geometry": { "type": "LineString", "coordinates": [ [ -112.0520798, 33.446630899999988 ], [ -112.0520818, 33.4462284 ], [ -112.0520821, 33.4461619 ], [ -112.0520824, 33.446093699999984 ], [ -112.0520846, 33.4456529 ], [ -112.0520869, 33.445183 ] ] } },
{ "type": "Feature", "properties": { "name": null, "highway": "footway" }, "geometry": { "type": "LineString", "coordinates": [ [ -112.0520245, 33.4461015 ], [ -112.0520824, 33.446093699999984 ], [ -112.0521635, 33.4460829 ] ] } },
{ "type": "Feature", "properties": { "name": null, "highway": "footway" }, "geometry": { "type": "LineString", "coordinates": [ [ -112.0519938, 33.4461042 ], [ -112.0520245, 33.4461015 ] ] } },
{ "type": "Feature", "properties": { "name": null, "highway": "footway" }, "geometry": { "type": "LineString", "coordinates": [ [ -112.0521601, 33.4462231 ], [ -112.0521616, 33.4461614 ], [ -112.0521635, 33.4460829 ] ] } },
{ "type": "Feature", "properties": { "name": "East Madison Street", "highway": "residential" }, "geometry": { "type": "LineString", "coordinates": [ [ -112.0542404, 33.4461476 ], [ -112.0541675, 33.4461481 ], [ -112.0521616, 33.4461614 ], [ -112.0520821, 33.4461619 ] ] } },
{ "type": "Feature", "properties": { "name": null, "highway": "footway" }, "geometry": { "type": "LineString", "coordinates": [ [ -112.052398, 33.4462265 ], [ -112.0521874, 33.4462271 ], [ -112.0521601, 33.4462231 ] ] } },
{ "type": "Feature", "properties": { "name": null, "highway": "footway" }, "geometry": { "type": "LineString", "coordinates": [ [ -112.0520194, 33.4462326 ], [ -112.0520818, 33.4462284 ], [ -112.0521601, 33.4462231 ] ] } },
{ "type": "Feature", "properties": { "name": null, "highway": "service" }, "geometry": { "type": "LineString", "coordinates": [ [ -112.0542378, 33.4466264 ], [ -112.0541628, 33.4466266 ], [ -112.0520798, 33.446630899999988 ] ] } },
{ "type": "Feature", "properties": { "name": null, "highway": "footway" }, "geometry": { "type": "LineString", "coordinates": [ [ -112.052158, 33.4470355 ], [ -112.05217, 33.4470512 ], [ -112.0521779, 33.4470615 ], [ -112.0521997, 33.4470713 ], [ -112.0522098, 33.447075900000016 ], [ -112.0523533, 33.4470734 ], [ -112.054057, 33.4470666 ], [ -112.0541583, 33.4470637 ], [ -112.0541614, 33.4470553 ], [ -112.0541614, 33.4468861 ], [ -112.0541628, 33.4466266 ], [ -112.0541649, 33.446234 ], [ -112.0541548, 33.446222899999988 ], [ -112.0541369, 33.4462033 ], [ -112.0541189, 33.4462011 ], [ -112.0531534, 33.4462037 ], [ -112.0530798, 33.4462226 ], [ -112.052398, 33.4462265 ] ] } },
{ "type": "Feature", "properties": { "name": null, "highway": "footway" }, "geometry": { "type": "LineString", "coordinates": [ [ -112.0563419, 33.4456253 ], [ -112.0563399, 33.4456661 ], [ -112.056339, 33.4457812 ], [ -112.0563377, 33.4459537 ], [ -112.0563384, 33.4460486 ], [ -112.0563282, 33.4460583 ], [ -112.0559495, 33.4460606 ], [ -112.0557731, 33.4460617 ], [ -112.0551137, 33.4460657 ], [ -112.0543507, 33.4460694 ], [ -112.0543364, 33.4460664 ], [ -112.054333700000015, 33.4460624 ], [ -112.0543292, 33.446056 ], [ -112.0543309, 33.4460406 ], [ -112.0543308, 33.4456431 ], [ -112.0543308, 33.4455684 ], [ -112.054331, 33.4454908 ], [ -112.0543358, 33.4452391 ], [ -112.0543372, 33.445164 ] ] } },
{ "type": "Feature", "properties": { "name": null, "highway": "service" }, "geometry": { "type": "LineString", "coordinates": [ [ -112.0557781, 33.446134599999986 ], [ -112.0557731, 33.4460617 ], [ -112.0557724, 33.4459857 ], [ -112.0557698, 33.4457975 ], [ -112.0557618, 33.4456305 ] ] } },
{ "type": "Feature", "properties": { "name": null, "highway": "service" }, "geometry": { "type": "LineString", "coordinates": [ [ -112.0559489, 33.445951 ], [ -112.0559495, 33.4460606 ], [ -112.0559499, 33.4461342 ] ] } },
{ "type": "Feature", "properties": { "name": null, "highway": "footway" }, "geometry": { "type": "LineString", "coordinates": [ [ -112.0563282, 33.4460583 ], [ -112.0563483, 33.4460719 ] ] } },
{ "type": "Feature", "properties": { "name": "East Madison Street", "highway": "residential" }, "geometry": { "type": "LineString", "coordinates": [ [ -112.0564403, 33.4461329 ], [ -112.056346, 33.4461331 ], [ -112.0559499, 33.4461342 ], [ -112.0557781, 33.446134599999986 ], [ -112.05432, 33.4461469 ], [ -112.0542404, 33.4461476 ] ] } },
{ "type": "Feature", "properties": { "name": null, "highway": "footway" }, "geometry": { "type": "LineString", "coordinates": [ [ -112.0563435, 33.4462008 ], [ -112.056346, 33.4461331 ], [ -112.0563483, 33.4460719 ] ] } },
{ "type": "Feature", "properties": { "name": null, "highway": "footway" }, "geometry": { "type": "LineString", "coordinates": [ [ -112.0563242, 33.4462198 ], [ -112.0563435, 33.4462008 ] ] } },
{ "type": "Feature", "properties": { "name": "South 12th Street", "highway": "residential" }, "geometry": { "type": "LineString", "coordinates": [ [ -112.056441, 33.446367 ], [ -112.0564403, 33.4461329 ] ] } },
{ "type": "Feature", "properties": { "name": null, "highway": "footway" }, "geometry": { "type": "LineString", "coordinates": [ [ -112.0551941, 33.4470588 ], [ -112.0543531, 33.4470635 ], [ -112.05433290000002, 33.4470672 ], [ -112.054325, 33.447059 ], [ -112.0543247, 33.44704 ], [ -112.054326, 33.4467616 ], [ -112.0543263, 33.4466862 ], [ -112.0543279, 33.4462336 ], [ -112.0543341, 33.4462211 ], [ -112.054351400000016, 33.446214 ], [ -112.0544717, 33.446214 ], [ -112.055112900000012, 33.4462092 ], [ -112.0553601, 33.4462085 ], [ -112.0558058, 33.4462068 ], [ -112.0561376, 33.446204 ], [ -112.0563127, 33.4462038 ], [ -112.0563242, 33.4462198 ], [ -112.0563223, 33.4466976 ], [ -112.0563182, 33.4470452 ], [ -112.0562935, 33.4470596 ], [ -112.055394, 33.4470589 ], [ -112.0551941, 33.4470588 ] ] } },
{ "type": "Feature", "properties": { "name": null, "highway": "service" }, "geometry": { "type": "MultiLineString", "coordinates": [ [ [ -112.055399, 33.44713560000001 ], [ -112.055394, 33.4470589 ], [ -112.0553851, 33.446922 ], [ -112.0553746, 33.4467574 ], [ -112.0553559, 33.4465525 ] ], [ [ -112.0553559, 33.4465525 ], [ -112.0553526, 33.4463662 ], [ -112.0557202, 33.4463682 ], [ -112.055721, 33.4465473 ], [ -112.0553559, 33.4465525 ] ] ] } },
{ "type": "Feature", "properties": { "name": "South 13th Street", "highway": "residential" }, "geometry": { "type": "LineString", "coordinates": [ [ -112.0542404, 33.4461476 ], [ -112.0542404, 33.4460714 ], [ -112.0542404, 33.4456439 ], [ -112.0542404, 33.4451664 ] ] } },
{ "type": "Feature", "properties": { "name": null, "highway": "footway" }, "geometry": { "type": "LineString", "coordinates": [ [ -112.0543216, 33.4460697 ], [ -112.054333700000015, 33.4460624 ] ] } },
{ "type": "Feature", "properties": { "name": null, "highway": "footway" }, "geometry": { "type": "LineString", "coordinates": [ [ -112.054167, 33.446073 ], [ -112.0541588, 33.4460645 ] ] } },
{ "type": "Feature", "properties": { "name": null, "highway": "footway" }, "geometry": { "type": "LineString", "coordinates": [ [ -112.0543187, 33.4462114 ], [ -112.05432, 33.4461469 ], [ -112.0543216, 33.4460697 ], [ -112.0542404, 33.4460714 ], [ -112.054167, 33.446073 ], [ -112.0541675, 33.4461481 ], [ -112.0541679, 33.4462114 ] ] } },
{ "type": "Feature", "properties": { "name": null, "highway": "footway" }, "geometry": { "type": "LineString", "coordinates": [ [ -112.0543187, 33.4462114 ], [ -112.0542401, 33.44621140000001 ], [ -112.0541679, 33.4462114 ] ] } },
{ "type": "Feature", "properties": { "name": null, "highway": "footway" }, "geometry": { "type": "LineString", "coordinates": [ [ -112.0541679, 33.4462114 ], [ -112.0541548, 33.446222899999988 ] ] } },
{ "type": "Feature", "properties": { "name": null, "highway": "footway" }, "geometry": { "type": "LineString", "coordinates": [ [ -112.0543341, 33.4462211 ], [ -112.0543187, 33.4462114 ] ] } },
{ "type": "Feature", "properties": { "name": "South 13th Street", "highway": "residential" }, "geometry": { "type": "LineString", "coordinates": [ [ -112.0542367, 33.4471471 ], [ -112.0542361, 33.4470668 ], [ -112.054236, 33.4470512 ], [ -112.0542375, 33.4467602 ], [ -112.0542378, 33.4466264 ], [ -112.0542401, 33.44621140000001 ], [ -112.0542404, 33.4461476 ] ] } },
{ "type": "Feature", "properties": { "name": null, "highway": "service" }, "geometry": { "type": "LineString", "coordinates": [ [ -112.0545261, 33.446763 ], [ -112.0544548, 33.446763599999983 ], [ -112.054326, 33.4467616 ], [ -112.0542375, 33.4467602 ] ] } },
{ "type": "Feature", "properties": { "name": null, "highway": "service" }, "geometry": { "type": "LineString", "coordinates": [ [ -112.0553851, 33.446922 ], [ -112.0545257, 33.446921 ], [ -112.0545261, 33.446763 ], [ -112.0545754, 33.4467509 ], [ -112.0553746, 33.4467574 ] ] } },
{ "type": "Feature", "properties": { "name": null, "highway": "service" }, "geometry": { "type": "LineString", "coordinates": [ [ -112.0580137, 33.446442 ], [ -112.0580144, 33.4463686 ] ] } },
{ "type": "Feature", "properties": { "name": null, "highway": "service" }, "geometry": { "type": "LineString", "coordinates": [ [ -112.0578157, 33.4464406 ], [ -112.0580137, 33.446442 ], [ -112.0580888, 33.4464425 ], [ -112.0582858, 33.4464439 ] ] } },
{ "type": "Feature", "properties": { "name": null, "highway": "service" }, "geometry": { "type": "LineString", "coordinates": [ [ -112.057352, 33.446368 ], [ -112.0573513, 33.4467286 ] ] } },
{ "type": "Feature", "properties": { "name": null, "highway": "service" }, "geometry": { "type": "LineString", "coordinates": [ [ -112.0575518, 33.4467289 ], [ -112.0575525, 33.4463682 ] ] } },
{ "type": "Feature", "properties": { "name": null, "highway": "service" }, "geometry": { "type": "MultiLineString", "coordinates": [ [ [ -112.0564421, 33.4467065 ], [ -112.0565514, 33.446699799999983 ], [ -112.0566122, 33.4467161 ] ], [ [ -112.0566122, 33.4467161 ], [ -112.0567867, 33.4467159 ], [ -112.0567864, 33.4465948 ], [ -112.056612, 33.44659510000001 ], [ -112.0566122, 33.4467161 ] ] ] } },
{ "type": "Feature", "properties": { "name": null, "highway": "service" }, "geometry": { "type": "LineString", "coordinates": [ [ -112.0582858, 33.4464439 ], [ -112.0582805, 33.446994399999987 ] ] } },
{ "type": "Feature", "properties": { "name": null, "highway": "service" }, "geometry": { "type": "LineString", "coordinates": [ [ -112.0573513, 33.4467286 ], [ -112.0575518, 33.4467289 ] ] } },
{ "type": "Feature", "properties": { "name": null, "highway": "service" }, "geometry": { "type": "LineString", "coordinates": [ [ -112.0580888, 33.4464425 ], [ -112.0580836, 33.4469931 ], [ -112.0580831, 33.4470507 ], [ -112.0580824, 33.4471223 ] ] } },
{ "type": "Feature", "properties": { "name": null, "highway": "service" }, "geometry": { "type": "LineString", "coordinates": [ [ -112.0580836, 33.4469931 ], [ -112.0582805, 33.446994399999987 ] ] } },
{ "type": "Feature", "properties": { "name": null, "highway": "footway" }, "geometry": { "type": "LineString", "coordinates": [ [ -112.056525400000012, 33.4470354 ], [ -112.0565438, 33.4470348 ] ] } },
{ "type": "Feature", "properties": { "name": "South 12th Street", "highway": "residential" }, "geometry": { "type": "LineString", "coordinates": [ [ -112.056443, 33.4471295 ], [ -112.0564431, 33.4470379 ], [ -112.0564421, 33.4467065 ], [ -112.056441, 33.446367 ] ] } },
{ "type": "Feature", "properties": { "name": null, "highway": "footway" }, "geometry": { "type": "LineString", "coordinates": [ [ -112.0563598, 33.4470405 ], [ -112.0564431, 33.4470379 ], [ -112.056525400000012, 33.4470354 ] ] } },
{ "type": "Feature", "properties": { "name": null, "highway": "footway" }, "geometry": { "type": "LineString", "coordinates": [ [ -112.0563182, 33.4470452 ], [ -112.0563598, 33.4470405 ] ] } },
{ "type": "Feature", "properties": { "name": null, "highway": "footway" }, "geometry": { "type": "LineString", "coordinates": [ [ -112.0563035, 33.4470841 ], [ -112.0562935, 33.4470596 ] ] } },
{ "type": "Feature", "properties": { "name": "East Jefferson Street", "highway": "primary" }, "geometry": { "type": "LineString", "coordinates": [ [ -112.056443, 33.4471295 ], [ -112.056303, 33.4471299 ], [ -112.0561045, 33.4471309 ], [ -112.0556257, 33.4471334 ] ] } },
{ "type": "Feature", "properties": { "name": null, "highway": "footway" }, "geometry": { "type": "LineString", "coordinates": [ [ -112.0563035, 33.4470841 ], [ -112.056303, 33.4471299 ], [ -112.056302400000021, 33.4471982 ], [ -112.0563021, 33.4472266 ], [ -112.056301600000012, 33.4472777 ], [ -112.0563013, 33.4473029 ] ] } },
{ "type": "Feature", "properties": { "name": null, "highway": "footway" }, "geometry": { "type": "LineString", "coordinates": [ [ -112.055211, 33.447199399999988 ], [ -112.055723, 33.4472009 ], [ -112.0560784, 33.4472006 ], [ -112.0561173, 33.4472005 ] ] } },
{ "type": "Feature", "properties": { "name": null, "highway": "footway" }, "geometry": { "type": "LineString", "coordinates": [ [ -112.056302400000021, 33.4471982 ], [ -112.0561575, 33.44720070000001 ], [ -112.0561413, 33.447201 ], [ -112.0561173, 33.4472005 ] ] } },
{ "type": "Feature", "properties": { "name": "South 12th Street", "highway": "residential" }, "geometry": { "type": "LineString", "coordinates": [ [ -112.056444, 33.4472768 ], [ -112.0564438, 33.447225 ], [ -112.056443, 33.4471295 ] ] } },
{ "type": "Feature", "properties": { "name": null, "highway": "footway" }, "geometry": { "type": "LineString", "coordinates": [ [ -112.0563013, 33.4473029 ], [ -112.0563018, 33.447325 ] ] } },
{ "type": "Feature", "properties": { "name": "South 14th Street", "highway": "residential" }, "geometry": { "type": "LineString", "coordinates": [ [ -112.052078, 33.4471506 ], [ -112.0520776, 33.4470603 ], [ -112.0520798, 33.446630899999988 ] ] } },
{ "type": "Feature", "properties": { "name": null, "highway": "footway" }, "geometry": { "type": "LineString", "coordinates": [ [ -112.0521526, 33.4470576 ], [ -112.05217, 33.4470512 ] ] } },
{ "type": "Feature", "properties": { "name": null, "highway": "footway" }, "geometry": { "type": "LineString", "coordinates": [ [ -112.0521526, 33.4470576 ], [ -112.0520776, 33.4470603 ], [ -112.0520163, 33.4470623 ] ] } },
{ "type": "Feature", "properties": { "name": null, "highway": "footway" }, "geometry": { "type": "LineString", "coordinates": [ [ -112.0521953, 33.4470938 ], [ -112.0521997, 33.4470713 ] ] } },
{ "type": "Feature", "properties": { "name": "East Jefferson Street", "highway": "primary" }, "geometry": { "type": "LineString", "coordinates": [ [ -112.0530177, 33.4471442 ], [ -112.052194, 33.4471496 ], [ -112.052078, 33.4471506 ] ] } },
{ "type": "Feature", "properties": { "name": "East Jefferson Street", "highway": "primary" }, "geometry": { "type": "LineString", "coordinates": [ [ -112.0531183, 33.44714350000001 ], [ -112.0530177, 33.4471442 ] ] } },
{ "type": "Feature", "properties": { "name": "East Jefferson Street", "highway": "primary" }, "geometry": { "type": "LineString", "coordinates": [ [ -112.0533912, 33.4471437 ], [ -112.053205300000016, 33.447142899999989 ], [ -112.0531183, 33.44714350000001 ] ] } },
{ "type": "Feature", "properties": { "name": "East Jefferson Street", "highway": "primary" }, "geometry": { "type": "LineString", "coordinates": [ [ -112.0542367, 33.4471471 ], [ -112.0533912, 33.4471437 ] ] } },
{ "type": "Feature", "properties": { "name": null, "highway": "footway" }, "geometry": { "type": "LineString", "coordinates": [ [ -112.0521903, 33.4473117 ], [ -112.0521907, 33.4472933 ], [ -112.0521918, 33.4472452 ], [ -112.052194, 33.4471496 ], [ -112.0521953, 33.4470938 ] ] } },
{ "type": "Feature", "properties": { "name": "South 14th Street", "highway": "residential" }, "geometry": { "type": "LineString", "coordinates": [ [ -112.05208, 33.4472927 ], [ -112.0520796, 33.4472458 ], [ -112.052078, 33.4471506 ] ] } },
{ "type": "Feature", "properties": { "name": null, "highway": "footway" }, "geometry": { "type": "LineString", "coordinates": [ [ -112.054325, 33.447059 ], [ -112.0543031, 33.4470654 ] ] } },
{ "type": "Feature", "properties": { "name": null, "highway": "footway" }, "geometry": { "type": "LineString", "coordinates": [ [ -112.0541583, 33.4470637 ], [ -112.0541777, 33.44706810000001 ] ] } },
{ "type": "Feature", "properties": { "name": null, "highway": "footway" }, "geometry": { "type": "LineString", "coordinates": [ [ -112.0541777, 33.44706810000001 ], [ -112.0542361, 33.4470668 ], [ -112.0543031, 33.4470654 ] ] } },
{ "type": "Feature", "properties": { "name": "East Jefferson Street", "highway": "primary" }, "geometry": { "type": "LineString", "coordinates": [ [ -112.0556257, 33.4471334 ], [ -112.055399, 33.44713560000001 ], [ -112.0542367, 33.4471471 ] ] } },
{ "type": "Feature", "properties": { "name": null, "highway": "footway" }, "geometry": { "type": "LineString", "coordinates": [ [ -112.055003200000016, 33.4472002 ], [ -112.055211, 33.447199399999988 ] ] } },
{ "type": "Feature", "properties": { "name": "East Jefferson Street", "highway": "primary" }, "geometry": { "type": "LineString", "coordinates": [ [ -112.056444, 33.4472768 ], [ -112.056301600000012, 33.4472777 ], [ -112.0557586, 33.4472775 ], [ -112.0554615, 33.4472786 ], [ -112.055258800000018, 33.4472793 ], [ -112.05455, 33.4472813 ], [ -112.0542432, 33.4472829 ], [ -112.053884, 33.4472829 ], [ -112.0532948, 33.4472818 ], [ -112.0521907, 33.4472933 ], [ -112.05208, 33.4472927 ] ] } },
{ "type": "Feature", "properties": { "name": null, "highway": "footway" }, "geometry": { "type": "LineString", "coordinates": [ [ -112.0542974, 33.4473518 ], [ -112.0542414, 33.4473512 ], [ -112.0541788, 33.4473506 ] ] } },
{ "type": "Feature", "properties": { "name": null, "highway": "footway" }, "geometry": { "type": "LineString", "coordinates": [ [ -112.0541788, 33.4473506 ], [ -112.0541493, 33.4473546 ] ] } },
{ "type": "Feature", "properties": { "name": null, "highway": "footway" }, "geometry": { "type": "LineString", "coordinates": [ [ -112.0543252, 33.4473565 ], [ -112.0542974, 33.4473518 ] ] } },
{ "type": "Feature", "properties": { "name": null, "highway": "service" }, "geometry": { "type": "LineString", "coordinates": [ [ -112.05424170000002, 33.4476114 ], [ -112.0543209, 33.4476118 ], [ -112.0545554, 33.4476131 ], [ -112.0545507, 33.4473305 ], [ -112.05455, 33.4472813 ] ] } },
{ "type": "Feature", "properties": { "name": null, "highway": "service" }, "geometry": { "type": "LineString", "coordinates": [ [ -112.055258800000018, 33.4477293 ], [ -112.055258800000018, 33.4473331 ], [ -112.055258800000018, 33.4472793 ] ] } },
{ "type": "Feature", "properties": { "name": "South 13th Street", "highway": "residential" }, "geometry": { "type": "LineString", "coordinates": [ [ -112.0542445, 33.4481919 ], [ -112.0542443, 33.4481293 ], [ -112.0542442, 33.4481086 ], [ -112.0542439, 33.4480302 ], [ -112.0542427, 33.4477308 ], [ -112.05424170000002, 33.4476114 ], [ -112.0542412, 33.44736 ], [ -112.0542414, 33.4473512 ], [ -112.0542432, 33.4472829 ] ] } },
{ "type": "Feature", "properties": { "name": null, "highway": "footway" }, "geometry": { "type": "LineString", "coordinates": [ [ -112.0550774, 33.4473345 ], [ -112.055258800000018, 33.4473331 ], [ -112.055461, 33.4473315 ], [ -112.0562615, 33.4473252 ], [ -112.0563018, 33.447325 ], [ -112.0563142, 33.4473249 ], [ -112.056322, 33.4473279 ], [ -112.0563186, 33.4474163 ], [ -112.0563145, 33.4479214 ], [ -112.0563214, 33.4481098 ], [ -112.0563135, 33.4481317 ], [ -112.0562698, 33.4481397 ], [ -112.0560587, 33.448144 ], [ -112.0555579, 33.4481496 ], [ -112.0553506, 33.4481488 ], [ -112.0551922, 33.4481487 ], [ -112.0550842, 33.4481487 ], [ -112.054833, 33.448147 ], [ -112.0547911, 33.4481607 ], [ -112.0546961, 33.4481651 ], [ -112.0546493, 33.4481507 ], [ -112.0543615, 33.4481518 ], [ -112.0543181, 33.4481209 ], [ -112.0543186, 33.4480304 ], [ -112.0543203, 33.4477307 ], [ -112.0543209, 33.4476118 ], [ -112.0543211, 33.4475804 ], [ -112.0543225, 33.4474193 ], [ -112.0543204, 33.4473662 ], [ -112.0543252, 33.4473565 ], [ -112.0543439, 33.4473188 ], [ -112.054357400000015, 33.4473165 ], [ -112.0544641, 33.4473181 ], [ -112.0544938, 33.4473268 ], [ -112.0545507, 33.4473305 ], [ -112.0546078, 33.4473337 ], [ -112.0550774, 33.4473345 ] ] } },
{ "type": "Feature", "properties": { "name": null, "highway": "service" }, "geometry": { "type": "LineString", "coordinates": [ [ -112.055192500000018, 33.4481863 ], [ -112.0551922, 33.4481487 ], [ -112.055189, 33.4477896 ] ] } },
{ "type": "Feature", "properties": { "name": null, "highway": "service" }, "geometry": { "type": "LineString", "coordinates": [ [ -112.0542439, 33.4480302 ], [ -112.0543186, 33.4480304 ], [ -112.0547536, 33.4480317 ] ] } },
{ "type": "Feature", "properties": { "name": null, "highway": "footway" }, "geometry": { "type": "LineString", "coordinates": [ [ -112.0543181, 33.4481209 ], [ -112.0542956, 33.4481275 ] ] } },
{ "type": "Feature", "properties": { "name": null, "highway": "footway" }, "geometry": { "type": "LineString", "coordinates": [ [ -112.0541484, 33.4481201 ], [ -112.0541725, 33.448131899999986 ] ] } },
{ "type": "Feature", "properties": { "name": null, "highway": "footway" }, "geometry": { "type": "LineString", "coordinates": [ [ -112.0541725, 33.448131899999986 ], [ -112.0542443, 33.4481293 ], [ -112.0542956, 33.4481275 ] ] } },
{ "type": "Feature", "properties": { "name": "East Washington Street", "highway": "primary" }, "geometry": { "type": "LineString", "coordinates": [ [ -112.052079300000017, 33.4482024 ], [ -112.0521862, 33.4482019 ], [ -112.0525094, 33.4482004 ], [ -112.0533177, 33.4481964 ], [ -112.053742, 33.4481958 ], [ -112.0542445, 33.4481919 ], [ -112.0545565, 33.4481956 ], [ -112.055192500000018, 33.4481863 ], [ -112.056319700000017, 33.4481699 ], [ -112.056432, 33.4481694 ] ] } },
{ "type": "Feature", "properties": { "name": "East Washington Street", "highway": "primary" }, "geometry": { "type": "LineString", "coordinates": [ [ -112.0545565, 33.4481956 ], [ -112.0549098, 33.4482437 ], [ -112.0554856, 33.4483279 ] ] } },
{ "type": "Feature", "properties": { "name": null, "highway": "footway" }, "geometry": { "type": "LineString", "coordinates": [ [ -112.0565177, 33.4473259 ], [ -112.0564441, 33.447325799999987 ], [ -112.0563519, 33.4473256 ] ] } },
{ "type": "Feature", "properties": { "name": null, "highway": "footway" }, "geometry": { "type": "LineString", "coordinates": [ [ -112.0563519, 33.4473256 ], [ -112.056322, 33.4473279 ] ] } },
{ "type": "Feature", "properties": { "name": null, "highway": "service" }, "geometry": { "type": "LineString", "coordinates": [ [ -112.0554575, 33.447729 ], [ -112.055461, 33.4473315 ], [ -112.0554615, 33.4472786 ] ] } },
{ "type": "Feature", "properties": { "name": null, "highway": "service" }, "geometry": { "type": "LineString", "coordinates": [ [ -112.055258800000018, 33.4477293 ], [ -112.0554575, 33.447729 ] ] } },
{ "type": "Feature", "properties": { "name": "South 12th Street", "highway": "residential" }, "geometry": { "type": "LineString", "coordinates": [ [ -112.056432, 33.4481694 ], [ -112.0564319, 33.4481051 ], [ -112.056435400000012, 33.447842799999989 ], [ -112.0564385, 33.4476416 ], [ -112.0564441, 33.447325799999987 ], [ -112.056444, 33.4472768 ] ] } },
{ "type": "Feature", "properties": { "name": null, "highway": "footway" }, "geometry": { "type": "LineString", "coordinates": [ [ -112.0563619, 33.4481064 ], [ -112.0564319, 33.4481051 ], [ -112.0565089, 33.4481036 ] ] } },
{ "type": "Feature", "properties": { "name": null, "highway": "footway" }, "geometry": { "type": "LineString", "coordinates": [ [ -112.0563619, 33.4481064 ], [ -112.0563214, 33.4481098 ] ] } },
{ "type": "Feature", "properties": { "name": null, "highway": "footway" }, "geometry": { "type": "LineString", "coordinates": [ [ -112.056321, 33.4481502 ], [ -112.0563135, 33.4481317 ] ] } },
{ "type": "Feature", "properties": { "name": "South 12th Street", "highway": "residential" }, "geometry": { "type": "LineString", "coordinates": [ [ -112.056434, 33.4483148 ], [ -112.0564336, 33.4482237 ], [ -112.056432, 33.4481694 ] ] } },
{ "type": "Feature", "properties": { "name": null, "highway": "footway" }, "geometry": { "type": "LineString", "coordinates": [ [ -112.0563059, 33.4483777 ], [ -112.05631, 33.4483152 ], [ -112.0563161, 33.4482246 ], [ -112.056319700000017, 33.4481699 ], [ -112.056321, 33.4481502 ] ] } },
{ "type": "Feature", "properties": { "name": null, "highway": "footway" }, "geometry": { "type": "LineString", "coordinates": [ [ -112.0521563, 33.4481367 ], [ -112.0521352, 33.448135 ] ] } },
{ "type": "Feature", "properties": { "name": null, "highway": "footway" }, "geometry": { "type": "LineString", "coordinates": [ [ -112.0521352, 33.448135 ], [ -112.052079, 33.4481364 ], [ -112.052009400000017, 33.4481381 ] ] } },
{ "type": "Feature", "properties": { "name": null, "highway": "footway" }, "geometry": { "type": "LineString", "coordinates": [ [ -112.052185800000018, 33.448179499999988 ], [ -112.052184, 33.4481615 ] ] } },
{ "type": "Feature", "properties": { "name": "South 14th Street", "highway": "residential" }, "geometry": { "type": "LineString", "coordinates": [ [ -112.05208, 33.4483363 ], [ -112.0520795, 33.4482471 ], [ -112.052079300000017, 33.4482024 ] ] } },
{ "type": "Feature", "properties": { "name": null, "highway": "footway" }, "geometry": { "type": "LineString", "coordinates": [ [ -112.0521895, 33.4483896 ], [ -112.0521886, 33.4483358 ], [ -112.052187, 33.4482465 ], [ -112.0521862, 33.4482019 ], [ -112.052185800000018, 33.448179499999988 ] ] } },
{ "type": "Feature", "properties": { "name": "East Washington Street", "highway": "primary" }, "geometry": { "type": "LineString", "coordinates": [ [ -112.05208, 33.4483363 ], [ -112.0521886, 33.4483358 ], [ -112.0526434, 33.4483355 ], [ -112.0526525, 33.4483354 ], [ -112.053149, 33.448335 ], [ -112.0542419, 33.4483261 ] ] } },
{ "type": "Feature", "properties": { "name": null, "highway": "footway" }, "geometry": { "type": "LineString", "coordinates": [ [ -112.0521917, 33.4484231 ], [ -112.0521895, 33.4483896 ] ] } },
{ "type": "Feature", "properties": { "name": null, "highway": "footway" }, "geometry": { "type": "LineString", "coordinates": [ [ -112.0521303, 33.44843560000001 ], [ -112.052080500000017, 33.4484361 ], [ -112.0520101, 33.4484369 ] ] } },
{ "type": "Feature", "properties": { "name": null, "highway": "footway" }, "geometry": { "type": "LineString", "coordinates": [ [ -112.052155, 33.448445 ], [ -112.0521303, 33.44843560000001 ] ] } },
{ "type": "Feature", "properties": { "name": null, "highway": "service" }, "geometry": { "type": "LineString", "coordinates": [ [ -112.0526434, 33.4483355 ], [ -112.0526389, 33.4484219 ], [ -112.0526351, 33.4484983 ], [ -112.0526351, 33.4487645 ], [ -112.0525925, 33.4488 ], [ -112.0523859, 33.4488038 ], [ -112.0522287, 33.4488082 ], [ -112.052159700000018, 33.4488108 ], [ -112.0520751, 33.4488139 ] ] } },
{ "type": "Feature", "properties": { "name": "East Washington Street", "highway": "primary" }, "geometry": { "type": "LineString", "coordinates": [ [ -112.0542419, 33.4483261 ], [ -112.0547335, 33.4483268 ], [ -112.0551236, 33.4483274 ] ] } },
{ "type": "Feature", "properties": { "name": "East Washington Street", "highway": "primary" }, "geometry": { "type": "LineString", "coordinates": [ [ -112.0551236, 33.4483274 ], [ -112.0554856, 33.4483279 ] ] } },
{ "type": "Feature", "properties": { "name": null, "highway": "footway" }, "geometry": { "type": "LineString", "coordinates": [ [ -112.0541732, 33.4484085 ], [ -112.0542406, 33.4484076 ], [ -112.0542955, 33.4484069 ] ] } },
{ "type": "Feature", "properties": { "name": null, "highway": "footway" }, "geometry": { "type": "LineString", "coordinates": [ [ -112.0543226, 33.4484083 ], [ -112.0542955, 33.4484069 ] ] } },
{ "type": "Feature", "properties": { "name": null, "highway": "footway" }, "geometry": { "type": "LineString", "coordinates": [ [ -112.0541432, 33.4484193 ], [ -112.0541732, 33.4484085 ] ] } },
{ "type": "Feature", "properties": { "name": "North 13th Street", "highway": "residential" }, "geometry": { "type": "LineString", "coordinates": [ [ -112.0542419, 33.4483261 ], [ -112.0542406, 33.4484076 ], [ -112.0542401, 33.4484353 ], [ -112.0542401, 33.4485468 ] ] } },
{ "type": "Feature", "properties": { "name": null, "highway": "service" }, "geometry": { "type": "LineString", "coordinates": [ [ -112.05424, 33.4487767 ], [ -112.0543195, 33.4487773 ], [ -112.0547403, 33.4487805 ], [ -112.0547381, 33.4484605 ], [ -112.0547362, 33.4484067 ], [ -112.0547335, 33.4483268 ] ] } },
{ "type": "Feature", "properties": { "name": "North 13th Street", "highway": "residential" }, "geometry": { "type": "LineString", "coordinates": [ [ -112.0542401, 33.4485468 ], [ -112.05424, 33.4487767 ], [ -112.05424, 33.448883899999984 ] ] } },
{ "type": "Feature", "properties": { "name": "Shaw Montessori School Bus Loading Zone", "highway": "service" }, "geometry": { "type": "LineString", "coordinates": [ [ -112.0542401, 33.4485468 ], [ -112.0541579, 33.4485899 ], [ -112.054112300000014, 33.4486425 ], [ -112.0541056, 33.4486817 ], [ -112.0541056, 33.4488931 ], [ -112.0541176, 33.4489323 ], [ -112.0541672, 33.4489782 ], [ -112.0542371, 33.449009499999988 ] ] } },
{ "type": "Feature", "properties": { "name": null, "highway": "footway" }, "geometry": { "type": "LineString", "coordinates": [ [ -112.0550929, 33.4484238 ], [ -112.0556962, 33.4484199 ], [ -112.0557997, 33.448419199999989 ], [ -112.0562256, 33.4484038 ], [ -112.0562933, 33.448403499999984 ], [ -112.056300800000017, 33.4484041 ], [ -112.056319700000017, 33.4484057 ], [ -112.0563211, 33.4484257 ], [ -112.0563219, 33.4484361 ], [ -112.0563188, 33.4488779 ], [ -112.0563155, 33.44934 ], [ -112.056303200000016, 33.4493429 ], [ -112.0551544, 33.4493486 ], [ -112.0551361, 33.4493487 ], [ -112.0550923, 33.4493489 ], [ -112.0544149, 33.4493498 ], [ -112.0543202, 33.449349 ], [ -112.0543178, 33.4493327 ], [ -112.0543185, 33.448946 ], [ -112.0543189, 33.44888370000001 ], [ -112.0543192, 33.4488355 ], [ -112.0543195, 33.4487773 ], [ -112.054321, 33.4484197 ], [ -112.0543226, 33.4484083 ], [ -112.0547362, 33.4484067 ], [ -112.0549882, 33.4484057 ], [ -112.055031, 33.4484241 ], [ -112.0550929, 33.4484238 ] ] } },
{ "type": "Feature", "properties": { "name": "East Washington Street", "highway": "primary" }, "geometry": { "type": "LineString", "coordinates": [ [ -112.0554856, 33.4483279 ], [ -112.0556951, 33.4483247 ], [ -112.05631, 33.4483152 ], [ -112.056434, 33.4483148 ] ] } },
{ "type": "Feature", "properties": { "name": null, "highway": "footway" }, "geometry": { "type": "LineString", "coordinates": [ [ -112.056300800000017, 33.4484041 ], [ -112.0563059, 33.4483777 ] ] } },
{ "type": "Feature", "properties": { "name": null, "highway": "footway" }, "geometry": { "type": "LineString", "coordinates": [ [ -112.0563506, 33.4484193 ], [ -112.0564349, 33.4484183 ], [ -112.0565106, 33.4484174 ] ] } },
{ "type": "Feature", "properties": { "name": null, "highway": "footway" }, "geometry": { "type": "LineString", "coordinates": [ [ -112.0563506, 33.4484193 ], [ -112.0563211, 33.4484257 ] ] } },
{ "type": "Feature", "properties": { "name": null, "highway": "service" }, "geometry": { "type": "LineString", "coordinates": [ [ -112.0556951, 33.4483247 ], [ -112.0556962, 33.4484199 ], [ -112.0557001, 33.448751500000014 ], [ -112.0553454, 33.4487546 ], [ -112.0552253, 33.448881 ] ] } },
{ "type": "Feature", "properties": { "name": "North 12th Street", "highway": "residential" }, "geometry": { "type": "LineString", "coordinates": [ [ -112.056434, 33.4483148 ], [ -112.0564349, 33.4484183 ], [ -112.056435, 33.4484591 ], [ -112.0564351, 33.4488776 ] ] } },
{ "type": "Feature", "properties": { "name": null, "highway": "service" }, "geometry": { "type": "LineString", "coordinates": [ [ -112.0564351, 33.4488776 ], [ -112.0563188, 33.4488779 ], [ -112.0552253, 33.448881 ], [ -112.0551004, 33.4488814 ], [ -112.0543189, 33.44888370000001 ], [ -112.05424, 33.448883899999984 ] ] } },
{ "type": "Feature", "properties": { "name": null, "highway": "footway" }, "geometry": { "type": "LineString", "coordinates": [ [ -112.0563386, 33.4493626 ], [ -112.0563155, 33.44934 ] ] } },
{ "type": "Feature", "properties": { "name": null, "highway": "footway" }, "geometry": { "type": "LineString", "coordinates": [ [ -112.0563367, 33.4494666 ], [ -112.0563376, 33.4494148 ], [ -112.0563386, 33.4493626 ] ] } },
{ "type": "Feature", "properties": { "name": null, "highway": "footway" }, "geometry": { "type": "LineString", "coordinates": [ [ -112.0563132, 33.4494897 ], [ -112.0563367, 33.4494666 ] ] } },
{ "type": "Feature", "properties": { "name": null, "highway": "footway" }, "geometry": { "type": "LineString", "coordinates": [ [ -112.0565106, 33.4484174 ], [ -112.0565522, 33.4484164 ] ] } },
{ "type": "Feature", "properties": { "name": null, "highway": "service" }, "geometry": { "type": "LineString", "coordinates": [ [ -112.0579742, 33.448314 ], [ -112.0579756, 33.4484033 ], [ -112.0579828, 33.448844 ], [ -112.058333, 33.4488429 ] ] } },
{ "type": "Feature", "properties": { "name": null, "highway": "service" }, "geometry": { "type": "LineString", "coordinates": [ [ -112.0564336, 33.4490913 ], [ -112.0565571, 33.4490915 ], [ -112.0569455, 33.4490922 ], [ -112.0571421, 33.4490926 ], [ -112.057322700000014, 33.4490929 ], [ -112.0573708, 33.449093 ], [ -112.057562, 33.4490933 ], [ -112.0577855, 33.4490937 ], [ -112.058334, 33.4490886 ], [ -112.058333, 33.4488429 ], [ -112.0583317, 33.4484041 ], [ -112.0583315, 33.4483213 ] ] } },
{ "type": "Feature", "properties": { "name": null, "highway": "footway" }, "geometry": { "type": "LineString", "coordinates": [ [ -112.0578209, 33.44839240000001 ], [ -112.0576902, 33.4483904 ], [ -112.0576486, 33.4483902 ], [ -112.0576381, 33.448386699999986 ], [ -112.0576254, 33.4483819 ], [ -112.0576022, 33.448379399999986 ], [ -112.0575749, 33.4483796 ], [ -112.0575518, 33.4483828 ], [ -112.0575294, 33.44839 ], [ -112.0574014, 33.448389400000011 ], [ -112.0571995, 33.4483902 ], [ -112.0570745, 33.4484005 ], [ -112.0568298, 33.4484002 ], [ -112.0568148, 33.4483799 ], [ -112.0567412, 33.4483792 ], [ -112.0566972, 33.448401 ], [ -112.0565731, 33.4484007 ], [ -112.0565516, 33.4484056 ], [ -112.0565522, 33.4484164 ], [ -112.0565563, 33.4484873 ], [ -112.0565565, 33.448882699999984 ], [ -112.0565571, 33.4490915 ], [ -112.0565574, 33.4491741 ], [ -112.0565575, 33.4492246 ], [ -112.0565567, 33.4497224 ], [ -112.0565567, 33.4497697 ], [ -112.05740990000001, 33.4497707 ], [ -112.0576026, 33.4497709 ], [ -112.0576615, 33.4497707 ], [ -112.0578316, 33.44977 ], [ -112.0581987, 33.449769599999989 ], [ -112.0584189, 33.4497694 ], [ -112.0588715, 33.449769 ], [ -112.0588714, 33.4497519 ], [ -112.0588675, 33.4488918 ], [ -112.0588756, 33.4484286 ], [ -112.058876, 33.4484045 ], [ -112.0588656, 33.4483994 ], [ -112.0588383, 33.4484045 ], [ -112.0585852, 33.4483959 ], [ -112.0585266, 33.4483981 ], [ -112.0583876, 33.4484042 ], [ -112.0583317, 33.4484041 ], [ -112.0579756, 33.4484033 ], [ -112.0578954, 33.4484031 ], [ -112.0578209, 33.44839240000001 ] ] } },
{ "type": "Feature", "properties": { "name": null, "highway": "service" }, "geometry": { "type": "LineString", "coordinates": [ [ -112.0565762, 33.4491744 ], [ -112.0565574, 33.4491741 ], [ -112.056433, 33.4491718 ] ] } },
{ "type": "Feature", "properties": { "name": null, "highway": "service" }, "geometry": { "type": "LineString", "coordinates": [ [ -112.056623, 33.4491742 ], [ -112.056622, 33.4494744 ] ] } },
{ "type": "Feature", "properties": { "name": null, "highway": "service" }, "geometry": { "type": "LineString", "coordinates": [ [ -112.0584153, 33.44964610000001 ], [ -112.0584031, 33.4491671 ], [ -112.056623, 33.4491742 ], [ -112.0565762, 33.4491744 ] ] } },
{ "type": "Feature", "properties": { "name": null, "highway": "service" }, "geometry": { "type": "LineString", "coordinates": [ [ -112.0584209, 33.4498378 ], [ -112.0584189, 33.4497694 ], [ -112.0584153, 33.44964610000001 ] ] } },
{ "type": "Feature", "properties": { "name": null, "highway": "service" }, "geometry": { "type": "LineString", "coordinates": [ [ -112.0576726, 33.449836 ], [ -112.0576615, 33.4497707 ], [ -112.0576505, 33.4497522 ], [ -112.057633, 33.4497326 ], [ -112.0576048, 33.449710599999989 ], [ -112.0575765, 33.449698 ], [ -112.0575412, 33.4496909 ], [ -112.057504, 33.4496917 ], [ -112.0574673, 33.4496964 ], [ -112.0574437, 33.4497106 ], [ -112.0574273, 33.44972940000001 ], [ -112.0574164, 33.4497498 ], [ -112.05740990000001, 33.4497707 ], [ -112.05739, 33.4498346 ] ] } },
{ "type": "Feature", "properties": { "name": null, "highway": "footway" }, "geometry": { "type": "LineString", "coordinates": [ [ -112.0565567, 33.4497697 ], [ -112.0565259, 33.4497798 ] ] } },
{ "type": "Feature", "properties": { "name": "North 13th Street", "highway": "residential" }, "geometry": { "type": "LineString", "coordinates": [ [ -112.05424, 33.448883899999984 ], [ -112.0542371, 33.449009499999988 ] ] } },
{ "type": "Feature", "properties": { "name": "North 13th Street", "highway": "residential" }, "geometry": { "type": "LineString", "coordinates": [ [ -112.0542371, 33.449009499999988 ], [ -112.0542337, 33.4491616 ] ] } },
{ "type": "Feature", "properties": { "name": null, "highway": "service" }, "geometry": { "type": "LineString", "coordinates": [ [ -112.0551403, 33.449359899999983 ], [ -112.0551544, 33.4493486 ], [ -112.0552113, 33.449303 ], [ -112.0552227, 33.4492804 ], [ -112.0552253, 33.448881 ] ] } },
{ "type": "Feature", "properties": { "name": null, "highway": "service" }, "geometry": { "type": "LineString", "coordinates": [ [ -112.055163, 33.4494204 ], [ -112.0551403, 33.449359899999983 ], [ -112.0551361, 33.4493487 ], [ -112.0551123, 33.449284300000016 ], [ -112.0551004, 33.4488814 ] ] } },
{ "type": "Feature", "properties": { "name": null, "highway": "service" }, "geometry": { "type": "LineString", "coordinates": [ [ -112.054027100000013, 33.449161 ], [ -112.054124, 33.449161 ], [ -112.0541445, 33.4491616 ], [ -112.0542337, 33.4491616 ] ] } },
{ "type": "Feature", "properties": { "name": null, "highway": "footway" }, "geometry": { "type": "LineString", "coordinates": [ [ -112.0543065, 33.4493611 ], [ -112.0543202, 33.449349 ] ] } },
{ "type": "Feature", "properties": { "name": null, "highway": "footway" }, "geometry": { "type": "LineString", "coordinates": [ [ -112.0543084, 33.4494807 ], [ -112.0543075, 33.449424499999985 ], [ -112.0543065, 33.4493611 ] ] } },
{ "type": "Feature", "properties": { "name": "East Adams Street", "highway": "residential" }, "geometry": { "type": "LineString", "coordinates": [ [ -112.0564313, 33.4494143 ], [ -112.0563376, 33.4494148 ], [ -112.055163, 33.4494204 ], [ -112.054736, 33.4494225 ], [ -112.0543075, 33.449424499999985 ], [ -112.0542319, 33.4494249 ] ] } },
{ "type": "Feature", "properties": { "name": null, "highway": "footway" }, "geometry": { "type": "LineString", "coordinates": [ [ -112.0543175, 33.4494944 ], [ -112.0543084, 33.4494807 ] ] } },
{ "type": "Feature", "properties": { "name": null, "highway": "service" }, "geometry": { "type": "LineString", "coordinates": [ [ -112.0542302, 33.4498469 ], [ -112.0541393, 33.44984680000001 ], [ -112.054065, 33.4498473 ], [ -112.0540241, 33.4498463 ], [ -112.053864, 33.4498467 ], [ -112.053864, 33.449765 ], [ -112.053864, 33.4497231 ], [ -112.053864, 33.4492745 ], [ -112.0538645, 33.4491615 ] ] } },
{ "type": "Feature", "properties": { "name": null, "highway": "footway" }, "geometry": { "type": "LineString", "coordinates": [ [ -112.0537657, 33.4492646 ], [ -112.0536376, 33.4492578 ], [ -112.05364, 33.4493698 ], [ -112.0536423, 33.4494804 ], [ -112.0535335, 33.4494806 ], [ -112.053532800000013, 33.449616399999989 ], [ -112.0534781, 33.4496169 ], [ -112.0534764, 33.4494778 ], [ -112.0534804, 33.4493419 ], [ -112.0533167, 33.4493432 ], [ -112.053318, 33.4492988 ], [ -112.053483400000019, 33.4492958 ], [ -112.0534815, 33.4491972 ] ] } },
{ "type": "Feature", "properties": { "name": null, "highway": "footway" }, "geometry": { "type": "LineString", "coordinates": [ [ -112.0535335, 33.4494806 ], [ -112.0534764, 33.4494778 ] ] } },
{ "type": "Feature", "properties": { "name": null, "highway": "footway" }, "geometry": { "type": "LineString", "coordinates": [ [ -112.054138400000014, 33.4498814 ], [ -112.053810100000021, 33.4498802 ], [ -112.0538122, 33.4497746 ], [ -112.0538116, 33.449687199999985 ], [ -112.0538041, 33.4492682 ], [ -112.0537657, 33.4492646 ], [ -112.0537661, 33.4492067 ], [ -112.0537664, 33.4491599 ], [ -112.0537667, 33.4491191 ], [ -112.0541457, 33.4491175 ] ] } },
{ "type": "Feature", "properties": { "name": null, "highway": "service" }, "geometry": { "type": "LineString", "coordinates": [ [ -112.0540241, 33.4498463 ], [ -112.054027100000013, 33.449161 ] ] } },
{ "type": "Feature", "properties": { "name": null, "highway": "footway" }, "geometry": { "type": "LineString", "coordinates": [ [ -112.0534322, 33.4497034 ], [ -112.0534308, 33.4497263 ], [ -112.0532125, 33.4497269 ], [ -112.0532068, 33.449439299999987 ], [ -112.0531544, 33.4494384 ], [ -112.0531553, 33.4493761 ] ] } },
{ "type": "Feature", "properties": { "name": null, "highway": "footway" }, "geometry": { "type": "LineString", "coordinates": [ [ -112.0538232, 33.4496943 ], [ -112.0538116, 33.449687199999985 ], [ -112.0537688, 33.4496871 ], [ -112.0537389, 33.4496871 ], [ -112.0537336, 33.4496871 ], [ -112.0537023, 33.449687 ], [ -112.053695, 33.449687 ], [ -112.0536656, 33.4496869 ], [ -112.053666, 33.4497146 ], [ -112.0536656, 33.4497744 ] ] } },
{ "type": "Feature", "properties": { "name": null, "highway": "footway" }, "geometry": { "type": "LineString", "coordinates": [ [ -112.0538122, 33.4497746 ], [ -112.053864, 33.449765 ], [ -112.0539121, 33.4497562 ], [ -112.053864, 33.4497231 ], [ -112.0538232, 33.4496943 ] ] } },
{ "type": "Feature", "properties": { "name": null, "highway": "service" }, "geometry": { "type": "LineString", "coordinates": [ [ -112.0520699, 33.4498193 ], [ -112.0521514, 33.4498204 ], [ -112.0521771, 33.4498208 ], [ -112.0526983, 33.4498179 ] ] } },
{ "type": "Feature", "properties": { "name": null, "highway": "footway" }, "geometry": { "type": "LineString", "coordinates": [ [ -112.0521519, 33.4498901 ], [ -112.0521514, 33.4498204 ], [ -112.052151, 33.4497595 ] ] } },
{ "type": "Feature", "properties": { "name": null, "highway": "footway" }, "geometry": { "type": "LineString", "coordinates": [ [ -112.054138400000014, 33.4498814 ], [ -112.0541491, 33.4499016 ], [ -112.0541473, 33.4499321 ], [ -112.0541462, 33.450343299999986 ], [ -112.053858, 33.4503445 ], [ -112.0528353, 33.4503499 ], [ -112.052806, 33.4503532 ], [ -112.0523773, 33.4503549 ], [ -112.052265, 33.450355499999986 ], [ -112.0522046, 33.4503568 ], [ -112.0521808, 33.4503558 ], [ -112.052163, 33.4503536 ], [ -112.0521555, 33.450343599999989 ], [ -112.0521515, 33.4503241 ], [ -112.0521527, 33.4503032 ], [ -112.0521519, 33.4498901 ] ] } },
{ "type": "Feature", "properties": { "name": null, "highway": "service" }, "geometry": { "type": "LineString", "coordinates": [ [ -112.0548555, 33.4499201 ], [ -112.056317, 33.4499269 ], [ -112.0564355, 33.4499274 ] ] } },
{ "type": "Feature", "properties": { "name": "North 12th Street", "highway": "residential" }, "geometry": { "type": "LineString", "coordinates": [ [ -112.0564351, 33.4488776 ], [ -112.0564336, 33.4490913 ], [ -112.056433, 33.4491718 ], [ -112.0564313, 33.4494143 ], [ -112.0564355, 33.44983 ], [ -112.0564355, 33.4499274 ], [ -112.0564357, 33.4504079 ], [ -112.0564357, 33.450464599999989 ], [ -112.056435, 33.4505913 ], [ -112.0564359, 33.4508664 ], [ -112.056436, 33.4509882 ], [ -112.0564361, 33.4512385 ], [ -112.0564361, 33.4512497 ], [ -112.0564361, 33.4513525 ] ] } },
{ "type": "Feature", "properties": { "name": null, "highway": "footway" }, "geometry": { "type": "LineString", "coordinates": [ [ -112.0563121, 33.4503319 ], [ -112.0563407, 33.4503481 ] ] } },
{ "type": "Feature", "properties": { "name": null, "highway": "footway" }, "geometry": { "type": "LineString", "coordinates": [ [ -112.0563409, 33.4504609 ], [ -112.0563408, 33.4504081 ], [ -112.0563407, 33.4503481 ] ] } },
{ "type": "Feature", "properties": { "name": null, "highway": "footway" }, "geometry": { "type": "LineString", "coordinates": [ [ -112.0563124, 33.4504794 ], [ -112.0563409, 33.4504609 ] ] } },
{ "type": "Feature", "properties": { "name": null, "highway": "service" }, "geometry": { "type": "LineString", "coordinates": [ [ -112.0559625, 33.4509891 ], [ -112.0559614, 33.4511603 ], [ -112.0556117, 33.4511594 ] ] } },
{ "type": "Feature", "properties": { "name": null, "highway": "service" }, "geometry": { "type": "LineString", "coordinates": [ [ -112.0556158, 33.4513599 ], [ -112.0556139, 33.4512682 ], [ -112.0556117, 33.4511594 ], [ -112.0556091, 33.4509882 ], [ -112.0559625, 33.4509891 ], [ -112.0563114, 33.4509899 ], [ -112.056436, 33.4509882 ] ] } },
{ "type": "Feature", "properties": { "name": null, "highway": "footway" }, "geometry": { "type": "LineString", "coordinates": [ [ -112.0563472, 33.4512478 ], [ -112.0564361, 33.4512497 ], [ -112.056504100000012, 33.4512511 ] ] } },
{ "type": "Feature", "properties": { "name": null, "highway": "footway" }, "geometry": { "type": "LineString", "coordinates": [ [ -112.0563472, 33.4512478 ], [ -112.056327, 33.4512633 ], [ -112.0563106, 33.4512633 ], [ -112.0561682, 33.4512633 ], [ -112.0559569, 33.4512659 ], [ -112.0558457, 33.4512677 ], [ -112.0557641, 33.4512625 ], [ -112.0556139, 33.4512682 ], [ -112.055109700000017, 33.4512668 ] ] } },
{ "type": "Feature", "properties": { "name": null, "highway": "footway" }, "geometry": { "type": "LineString", "coordinates": [ [ -112.0558486, 33.4512808 ], [ -112.0558457, 33.4512677 ] ] } },
{ "type": "Feature", "properties": { "name": null, "highway": "footway" }, "geometry": { "type": "LineString", "coordinates": [ [ -112.0581989, 33.44978840000001 ], [ -112.0581987, 33.449769599999989 ] ] } },
{ "type": "Feature", "properties": { "name": null, "highway": "footway" }, "geometry": { "type": "LineString", "coordinates": [ [ -112.056524200000013, 33.4498879 ], [ -112.0565251, 33.4498304 ], [ -112.0565259, 33.4497798 ] ] } },
{ "type": "Feature", "properties": { "name": "East Monroe Street", "highway": "residential" }, "geometry": { "type": "LineString", "coordinates": [ [ -112.0589804, 33.4498369 ], [ -112.0588751, 33.449837099999989 ], [ -112.0584209, 33.4498378 ], [ -112.0582002, 33.4498381 ], [ -112.0581252, 33.4498382 ], [ -112.0576726, 33.449836 ], [ -112.05739, 33.4498346 ], [ -112.0565251, 33.4498304 ], [ -112.0564355, 33.44983 ] ] } },
{ "type": "Feature", "properties": { "name": null, "highway": "footway" }, "geometry": { "type": "LineString", "coordinates": [ [ -112.0582017, 33.4498955 ], [ -112.0582002, 33.4498381 ], [ -112.0581989, 33.44978840000001 ] ] } },
{ "type": "Feature", "properties": { "name": null, "highway": "footway" }, "geometry": { "type": "LineString", "coordinates": [ [ -112.0565413, 33.449902 ], [ -112.056524200000013, 33.4498879 ] ] } },
{ "type": "Feature", "properties": { "name": null, "highway": "footway" }, "geometry": { "type": "LineString", "coordinates": [ [ -112.0582017, 33.4498955 ], [ -112.0581252, 33.4498955 ], [ -112.058062, 33.4498955 ] ] } },
{ "type": "Feature", "properties": { "name": null, "highway": "footway" }, "geometry": { "type": "LineString", "coordinates": [ [ -112.0582172, 33.4499012 ], [ -112.0582017, 33.4498955 ] ] } },
{ "type": "Feature", "properties": { "name": null, "highway": "footway" }, "geometry": { "type": "LineString", "coordinates": [ [ -112.058062, 33.4498955 ], [ -112.0580466, 33.4499061 ] ] } },
{ "type": "Feature", "properties": { "name": "North Martin Luther King Circle", "highway": "residential" }, "geometry": { "type": "LineString", "coordinates": [ [ -112.0581252, 33.4498382 ], [ -112.0581252, 33.4498955 ], [ -112.0581253, 33.4501875 ] ] } },
{ "type": "Feature", "properties": { "name": null, "highway": "service" }, "geometry": { "type": "LineString", "coordinates": [ [ -112.0564357, 33.450464599999989 ], [ -112.0565433, 33.450464599999989 ], [ -112.0565642, 33.4504646 ], [ -112.0567265, 33.450464599999982 ], [ -112.0567451, 33.4504562 ], [ -112.0567696, 33.4504287 ], [ -112.0567753, 33.450383100000018 ], [ -112.056771, 33.4501492 ] ] } },
{ "type": "Feature", "properties": { "name": null, "highway": "service" }, "geometry": { "type": "LineString", "coordinates": [ [ -112.0551498, 33.449617499999988 ], [ -112.0551582, 33.4494925 ], [ -112.055163, 33.4494204 ] ] } },
{ "type": "Feature", "properties": { "name": null, "highway": "service" }, "geometry": { "type": "LineString", "coordinates": [ [ -112.0542299, 33.4499172 ], [ -112.0543151, 33.4499176 ], [ -112.0544766, 33.449918299999986 ], [ -112.0547194, 33.4499194 ], [ -112.0548555, 33.4499201 ], [ -112.0548549, 33.449795 ], [ -112.0551507, 33.449794 ], [ -112.0551498, 33.449617499999988 ], [ -112.054737, 33.449619 ], [ -112.0547364, 33.449494 ], [ -112.054736, 33.4494225 ] ] } },
{ "type": "Feature", "properties": { "name": null, "highway": "footway" }, "geometry": { "type": "LineString", "coordinates": [ [ -112.054138400000014, 33.4498814 ], [ -112.0541393, 33.44984680000001 ], [ -112.05414, 33.4498174 ] ] } },
{ "type": "Feature", "properties": { "name": null, "highway": "footway" }, "geometry": { "type": "LineString", "coordinates": [ [ -112.0550933, 33.4494928 ], [ -112.0551582, 33.4494925 ], [ -112.055301, 33.4494918 ], [ -112.056308, 33.449485 ], [ -112.0563132, 33.4494897 ], [ -112.0563187, 33.4494947 ], [ -112.0563175, 33.4495837 ], [ -112.056317, 33.4499269 ], [ -112.0563165, 33.4503278 ], [ -112.0563121, 33.4503319 ], [ -112.0563083, 33.4503356 ], [ -112.0562242, 33.4503359 ], [ -112.0550756, 33.4503401 ], [ -112.0543316, 33.450343299999986 ], [ -112.0543253, 33.4503382 ], [ -112.054313600000015, 33.4503287 ], [ -112.0543151, 33.4499176 ], [ -112.05431560000001, 33.4497626 ], [ -112.0543175, 33.4494944 ], [ -112.0543782, 33.4494953 ], [ -112.0547364, 33.449494 ], [ -112.0550933, 33.4494928 ] ] } },
{ "type": "Feature", "properties": { "name": null, "highway": "service" }, "geometry": { "type": "LineString", "coordinates": [ [ -112.0544766, 33.449918299999986 ], [ -112.0544842, 33.45022680000001 ], [ -112.0547269, 33.4502227 ], [ -112.0547194, 33.4499194 ] ] } },
{ "type": "Feature", "properties": { "name": "North 13th Street", "highway": "residential" }, "geometry": { "type": "LineString", "coordinates": [ [ -112.0542337, 33.4491616 ], [ -112.0542319, 33.4494249 ], [ -112.0542302, 33.4498469 ], [ -112.0542299, 33.4499172 ], [ -112.0542281, 33.4503564 ], [ -112.0542279, 33.4504125 ], [ -112.0542276, 33.4504804 ], [ -112.054226, 33.4508815 ], [ -112.05422440000001, 33.4512799 ], [ -112.054224, 33.4513772 ] ] } },
{ "type": "Feature", "properties": { "name": null, "highway": "footway" }, "geometry": { "type": "LineString", "coordinates": [ [ -112.0543253, 33.4503382 ], [ -112.0543042, 33.4503566 ] ] } },
{ "type": "Feature", "properties": { "name": null, "highway": "footway" }, "geometry": { "type": "LineString", "coordinates": [ [ -112.0541462, 33.450343299999986 ], [ -112.05415290000002, 33.450356199999987 ] ] } },
{ "type": "Feature", "properties": { "name": null, "highway": "footway" }, "geometry": { "type": "LineString", "coordinates": [ [ -112.0541567, 33.4504761 ], [ -112.0541547, 33.450413 ], [ -112.05415290000002, 33.450356199999987 ], [ -112.0542281, 33.4503564 ], [ -112.0543042, 33.4503566 ], [ -112.0543113, 33.4504123 ], [ -112.0543171, 33.4504573 ] ] } },
{ "type": "Feature", "properties": { "name": null, "highway": "footway" }, "geometry": { "type": "LineString", "coordinates": [ [ -112.0543171, 33.4504573 ], [ -112.0543179, 33.4504812 ], [ -112.0542908, 33.4504842 ] ] } },
{ "type": "Feature", "properties": { "name": null, "highway": "footway" }, "geometry": { "type": "LineString", "coordinates": [ [ -112.0578442, 33.4499017 ], [ -112.0580252, 33.4499024 ], [ -112.0580466, 33.4499061 ], [ -112.0580618, 33.4499095 ], [ -112.0580769, 33.4499642 ], [ -112.0580765, 33.4500091 ], [ -112.0580715, 33.4500347 ], [ -112.0580657, 33.4500602 ], [ -112.0580482, 33.450091 ], [ -112.058014, 33.4501232 ], [ -112.0580002, 33.4501501 ], [ -112.0579906, 33.4501804 ], [ -112.0579976, 33.450212 ], [ -112.0580102, 33.450237199999989 ], [ -112.0580266, 33.4502593 ], [ -112.0580446, 33.4502753 ], [ -112.0580709, 33.4502898 ], [ -112.058101, 33.4502981 ], [ -112.0581363, 33.4503008 ], [ -112.0581705, 33.450296 ], [ -112.058205200000017, 33.450282 ], [ -112.0582461, 33.4502496 ], [ -112.0582599, 33.4502226 ], [ -112.0582646, 33.45018970000001 ], [ -112.0582605, 33.4501623 ], [ -112.0582475, 33.4501333 ], [ -112.0582196, 33.4501025 ], [ -112.0581984, 33.4500744 ], [ -112.0581901, 33.4500545 ], [ -112.058187500000017, 33.449995 ], [ -112.0581846, 33.4499472 ], [ -112.0581905, 33.4499288 ], [ -112.0581996, 33.4499148 ], [ -112.0582172, 33.4499012 ], [ -112.0582431, 33.4498991 ], [ -112.0588782, 33.4498975 ], [ -112.0588743, 33.4502494 ], [ -112.0588708, 33.4505887 ], [ -112.0588675, 33.4509047 ], [ -112.0588639, 33.4512368 ], [ -112.0588353, 33.4512496 ], [ -112.0584175, 33.4512516 ], [ -112.058407, 33.4512649 ], [ -112.0583531, 33.4512646 ], [ -112.0583487, 33.4512519 ], [ -112.0579592, 33.4512537 ], [ -112.0578192, 33.4512544 ], [ -112.0565702, 33.4512565 ], [ -112.0565545, 33.4512443 ], [ -112.0565586, 33.4506596 ], [ -112.0565482, 33.4506516 ], [ -112.056543100000013, 33.4506385 ], [ -112.0565432, 33.4505912 ], [ -112.0565433, 33.450464599999989 ], [ -112.056543500000018, 33.4503453 ], [ -112.0565444, 33.4499117 ], [ -112.0565413, 33.449902 ], [ -112.0565597, 33.4498983 ], [ -112.0572475, 33.4498972 ], [ -112.0578442, 33.4499017 ] ] } },
{ "type": "Feature", "properties": { "name": null, "highway": "service" }, "geometry": { "type": "LineString", "coordinates": [ [ -112.0589814, 33.4505886 ], [ -112.0588708, 33.4505887 ], [ -112.0565432, 33.4505912 ], [ -112.056435, 33.4505913 ] ] } },
{ "type": "Feature", "properties": { "name": null, "highway": "service" }, "geometry": { "type": "LineString", "coordinates": [ [ -112.0579599, 33.4513525 ], [ -112.0579592, 33.4512537 ], [ -112.0579558, 33.45073330000001 ] ] } },
{ "type": "Feature", "properties": { "name": null, "highway": "footway" }, "geometry": { "type": "LineString", "coordinates": [ [ -112.056504100000012, 33.4512511 ], [ -112.0565545, 33.4512443 ] ] } },
{ "type": "Feature", "properties": { "name": "East Van Buren Street", "highway": "primary" }, "geometry": { "type": "LineString", "coordinates": [ [ -112.0564361, 33.4513525 ], [ -112.0564498, 33.4513524 ], [ -112.0566482, 33.4513526 ], [ -112.0567861, 33.451351099999989 ], [ -112.0570622, 33.4513502 ], [ -112.0578015, 33.451353299999987 ], [ -112.0579599, 33.4513525 ], [ -112.0583241, 33.4513508 ] ] } },
{ "type": "Feature", "properties": { "name": "East Van Buren Street", "highway": "primary" }, "geometry": { "type": "LineString", "coordinates": [ [ -112.0583241, 33.4513508 ], [ -112.0583917, 33.4513504 ], [ -112.0584982, 33.4513499 ], [ -112.0588642, 33.4513482 ], [ -112.05898, 33.4513481 ] ] } },
{ "type": "Feature", "properties": { "name": null, "highway": "footway" }, "geometry": { "type": "LineString", "coordinates": [ [ -112.0571247, 33.4514516 ], [ -112.0570613, 33.4514516 ], [ -112.0570024, 33.4514516 ] ] } },
{ "type": "Feature", "properties": { "name": null, "highway": "footway" }, "geometry": { "type": "LineString", "coordinates": [ [ -112.0571356, 33.4514553 ], [ -112.0571247, 33.4514516 ] ] } },
{ "type": "Feature", "properties": { "name": null, "highway": "footway" }, "geometry": { "type": "LineString", "coordinates": [ [ -112.0569797, 33.4514628 ], [ -112.0570024, 33.4514516 ] ] } },
{ "type": "Feature", "properties": { "name": null, "highway": "footway" }, "geometry": { "type": "LineString", "coordinates": [ [ -112.0577419, 33.4514504 ], [ -112.0578006, 33.4514511 ], [ -112.0578626, 33.4514518 ] ] } },
{ "type": "Feature", "properties": { "name": null, "highway": "footway" }, "geometry": { "type": "LineString", "coordinates": [ [ -112.0541567, 33.4504761 ], [ -112.0541355, 33.4504817 ] ] } },
{ "type": "Feature", "properties": { "name": null, "highway": "footway" }, "geometry": { "type": "LineString", "coordinates": [ [ -112.0541567, 33.4504761 ], [ -112.0542276, 33.4504804 ], [ -112.0542908, 33.4504842 ] ] } },
{ "type": "Feature", "properties": { "name": null, "highway": "footway" }, "geometry": { "type": "LineString", "coordinates": [ [ -112.055109700000017, 33.4512668 ], [ -112.05464, 33.4512706 ], [ -112.054379900000015, 33.451272699999983 ], [ -112.0543422, 33.4512731 ], [ -112.0543213, 33.4512659 ], [ -112.0543114, 33.4512401 ], [ -112.0543145, 33.4508809 ], [ -112.0543179, 33.4504812 ], [ -112.05508, 33.4504804 ], [ -112.0562988, 33.4504734 ], [ -112.0563124, 33.4504794 ], [ -112.0563161, 33.4504891 ], [ -112.0563118, 33.4508444 ], [ -112.0563117, 33.4508668 ], [ -112.0563114, 33.4509899 ], [ -112.0563106, 33.4512633 ] ] } },
{ "type": "Feature", "properties": { "name": null, "highway": "footway" }, "geometry": { "type": "LineString", "coordinates": [ [ -112.0543213, 33.4512659 ], [ -112.0542967, 33.4512786 ] ] } },
{ "type": "Feature", "properties": { "name": null, "highway": "footway" }, "geometry": { "type": "LineString", "coordinates": [ [ -112.0541505, 33.4512813 ], [ -112.0541324, 33.4512749 ] ] } },
{ "type": "Feature", "properties": { "name": null, "highway": "footway" }, "geometry": { "type": "LineString", "coordinates": [ [ -112.0542967, 33.4512786 ], [ -112.05422440000001, 33.4512799 ], [ -112.0541505, 33.4512813 ] ] } },
{ "type": "Feature", "properties": { "name": null, "highway": "footway" }, "geometry": { "type": "LineString", "coordinates": [ [ -112.0546408, 33.451290199999988 ], [ -112.05464, 33.4512706 ] ] } },
{ "type": "Feature", "properties": { "name": null, "highway": "footway" }, "geometry": { "type": "LineString", "coordinates": [ [ -112.0541604, 33.4514552 ], [ -112.054156, 33.4513783 ], [ -112.0541505, 33.4512813 ] ] } },
{ "type": "Feature", "properties": { "name": "East Van Buren Street", "highway": "primary" }, "geometry": { "type": "LineString", "coordinates": [ [ -112.052236, 33.4513907 ], [ -112.052555, 33.4513877 ], [ -112.0527388, 33.451386 ], [ -112.0527888, 33.4513855 ], [ -112.0533482, 33.4513812 ], [ -112.053645, 33.4513774 ], [ -112.0537146, 33.451376699999983 ], [ -112.054156, 33.4513783 ], [ -112.054224, 33.4513772 ], [ -112.0546546, 33.4513713 ], [ -112.0547357, 33.4513702 ], [ -112.0556158, 33.4513599 ], [ -112.0558556, 33.4513589 ], [ -112.0559379, 33.4513586 ], [ -112.0560868, 33.4513566 ], [ -112.0564361, 33.4513525 ] ] } },
{ "type": "Feature", "properties": { "name": null, "highway": "footway" }, "geometry": { "type": "LineString", "coordinates": [ [ -112.0546699, 33.4514608 ], [ -112.0546546, 33.4513713 ], [ -112.0546408, 33.451290199999988 ] ] } },
{ "type": "Feature", "properties": { "name": "East Washington Street", "highway": "primary" }, "geometry": { "type": "LineString", "coordinates": [ [ -112.049912, 33.4483503 ], [ -112.050035, 33.4483497 ], [ -112.0501342, 33.4483471 ], [ -112.0506174, 33.4483409 ] ] } },
{ "type": "Feature", "properties": { "name": "East Washington Street", "highway": "primary" }, "geometry": { "type": "LineString", "coordinates": [ [ -112.0511076, 33.4483377 ], [ -112.0513034, 33.4483375 ], [ -112.0517062, 33.448337 ], [ -112.0519574, 33.4483367 ], [ -112.05208, 33.4483363 ] ] } },
{ "type": "Feature", "properties": { "name": null, "highway": "footway" }, "geometry": { "type": "LineString", "coordinates": [ [ -112.0500356, 33.448402 ], [ -112.0500357, 33.4484271 ] ] } },
{ "type": "Feature", "properties": { "name": null, "highway": "footway" }, "geometry": { "type": "LineString", "coordinates": [ [ -112.0519512, 33.4484259 ], [ -112.0519572, 33.4483914 ] ] } },
{ "type": "Feature", "properties": { "name": null, "highway": "service" }, "geometry": { "type": "LineString", "coordinates": [ [ -112.0520791, 33.4485034 ], [ -112.051706, 33.4484983 ], [ -112.0517061, 33.4484239 ], [ -112.0517062, 33.448337 ] ] } },
{ "type": "Feature", "properties": { "name": null, "highway": "footway" }, "geometry": { "type": "LineString", "coordinates": [ [ -112.0499684, 33.4484507 ], [ -112.0499991, 33.448451 ] ] } },
{ "type": "Feature", "properties": { "name": null, "highway": "footway" }, "geometry": { "type": "LineString", "coordinates": [ [ -112.0520101, 33.4484369 ], [ -112.0519861, 33.448439 ] ] } },
{ "type": "Feature", "properties": { "name": null, "highway": "service" }, "geometry": { "type": "LineString", "coordinates": [ [ -112.0507036, 33.4483402 ], [ -112.0507037, 33.4484278 ], [ -112.0507038, 33.4485847 ] ] } },
{ "type": "Feature", "properties": { "name": null, "highway": "service" }, "geometry": { "type": "LineString", "coordinates": [ [ -112.0513034, 33.4483375 ], [ -112.051303300000015, 33.4484247 ], [ -112.0513031, 33.4485876 ], [ -112.05130290000001, 33.4487861 ], [ -112.0510896, 33.4487881 ], [ -112.0510927, 33.448531 ] ] } },
{ "type": "Feature", "properties": { "name": null, "highway": "service" }, "geometry": { "type": "LineString", "coordinates": [ [ -112.0513031, 33.4485876 ], [ -112.0514576, 33.4485868 ] ] } },
{ "type": "Feature", "properties": { "name": "North 14th Street", "highway": "residential" }, "geometry": { "type": "LineString", "coordinates": [ [ -112.05208, 33.4483363 ], [ -112.052080500000017, 33.4484361 ], [ -112.0520791, 33.4485034 ], [ -112.0520751, 33.4488139 ], [ -112.0520749, 33.4488973 ] ] } },
{ "type": "Feature", "properties": { "name": null, "highway": "footway" }, "geometry": { "type": "LineString", "coordinates": [ [ -112.05307950000001, 33.448567899999986 ], [ -112.0530788, 33.4487032 ] ] } },
{ "type": "Feature", "properties": { "name": null, "highway": "footway" }, "geometry": { "type": "LineString", "coordinates": [ [ -112.0533562, 33.4485654 ], [ -112.0533566, 33.44870190000001 ] ] } },
{ "type": "Feature", "properties": { "name": null, "highway": "footway" }, "geometry": { "type": "LineString", "coordinates": [ [ -112.0536367, 33.4485644 ], [ -112.053637, 33.4487008 ] ] } },
{ "type": "Feature", "properties": { "name": null, "highway": "footway" }, "geometry": { "type": "LineString", "coordinates": [ [ -112.052809100000019, 33.4485727 ], [ -112.0528119, 33.4487157 ], [ -112.052857, 33.4487165 ] ] } },
{ "type": "Feature", "properties": { "name": null, "highway": "footway" }, "geometry": { "type": "LineString", "coordinates": [ [ -112.0532493, 33.4487023 ], [ -112.0532509, 33.4487146 ] ] } },
{ "type": "Feature", "properties": { "name": null, "highway": "footway" }, "geometry": { "type": "LineString", "coordinates": [ [ -112.0534013, 33.448701699999987 ], [ -112.0533999, 33.4487166 ] ] } },
{ "type": "Feature", "properties": { "name": null, "highway": "footway" }, "geometry": { "type": "LineString", "coordinates": [ [ -112.0531024, 33.4488803 ], [ -112.0528997, 33.4488778 ], [ -112.0528499, 33.4488548 ], [ -112.052857, 33.4487165 ], [ -112.0528576, 33.4487052 ], [ -112.0530788, 33.4487032 ], [ -112.0531156, 33.4487029 ], [ -112.0532493, 33.4487023 ], [ -112.0533566, 33.44870190000001 ], [ -112.0534013, 33.448701699999987 ], [ -112.053637, 33.4487008 ], [ -112.0536419, 33.448700700000018 ], [ -112.053787200000016, 33.448700099999989 ], [ -112.0538225, 33.4487 ], [ -112.0539511, 33.448699 ] ] } },
{ "type": "Feature", "properties": { "name": null, "highway": "pedestrian" }, "geometry": { "type": "Polygon", "coordinates": [ [ [ -112.053414, 33.4488301 ], [ -112.0534143, 33.4488657 ], [ -112.0533382, 33.4488654 ], [ -112.0533353, 33.4488214 ], [ -112.0533227, 33.4488212 ], [ -112.053232200000011, 33.4488194 ], [ -112.0532329, 33.4487151 ], [ -112.0532509, 33.4487146 ], [ -112.0532679, 33.448714099999989 ], [ -112.0532687, 33.4487567 ], [ -112.053383700000012, 33.4487565 ], [ -112.0533831, 33.4487159 ], [ -112.0533999, 33.4487166 ], [ -112.0534247, 33.4487176 ], [ -112.0534362, 33.448760099999987 ], [ -112.0534469, 33.4487747 ], [ -112.0534869, 33.4487866 ], [ -112.053564, 33.4487871 ], [ -112.0535859, 33.4487781 ], [ -112.0536318, 33.44873170000001 ], [ -112.0536312, 33.4488304 ], [ -112.053414, 33.4488301 ] ] ] } },
{ "type": "Feature", "properties": { "name": null, "highway": "footway" }, "geometry": { "type": "LineString", "coordinates": [ [ -112.0536419, 33.448700700000018 ], [ -112.0536433, 33.44893410000001 ], [ -112.0537836, 33.448930799999985 ], [ -112.053787200000016, 33.448700099999989 ] ] } },
{ "type": "Feature", "properties": { "name": "South 15th Street", "highway": "residential" }, "geometry": { "type": "LineString", "coordinates": [ [ -112.049916, 33.4482118 ], [ -112.0499144, 33.4482662 ], [ -112.049912, 33.4483503 ] ] } },
{ "type": "Feature", "properties": { "name": null, "highway": "footway" }, "geometry": { "type": "LineString", "coordinates": [ [ -112.0497885, 33.4484118 ], [ -112.0497918, 33.4483511 ], [ -112.0497964, 33.4482674 ], [ -112.0497994, 33.4482131 ], [ -112.0498007, 33.4481885 ] ] } },
{ "type": "Feature", "properties": { "name": "East Washington Street", "highway": "primary" }, "geometry": { "type": "LineString", "coordinates": [ [ -112.047779, 33.4483584 ], [ -112.0479601, 33.4483585 ], [ -112.0482359, 33.4483574 ], [ -112.0490121, 33.4483543 ] ] } },
{ "type": "Feature", "properties": { "name": "East Washington Street", "highway": "primary" }, "geometry": { "type": "LineString", "coordinates": [ [ -112.0490121, 33.4483543 ], [ -112.0497918, 33.4483511 ], [ -112.049912, 33.4483503 ] ] } },
{ "type": "Feature", "properties": { "name": null, "highway": "footway" }, "geometry": { "type": "LineString", "coordinates": [ [ -112.0479679, 33.4484207 ], [ -112.0479737, 33.4484458 ] ] } },
{ "type": "Feature", "properties": { "name": null, "highway": "footway" }, "geometry": { "type": "LineString", "coordinates": [ [ -112.0497941, 33.4484342 ], [ -112.0497885, 33.4484118 ] ] } },
{ "type": "Feature", "properties": { "name": null, "highway": "footway" }, "geometry": { "type": "LineString", "coordinates": [ [ -112.049835, 33.4484528 ], [ -112.0499093, 33.4484516 ], [ -112.0499684, 33.4484507 ] ] } },
{ "type": "Feature", "properties": { "name": null, "highway": "footway" }, "geometry": { "type": "LineString", "coordinates": [ [ -112.049835, 33.4484528 ], [ -112.0498085, 33.4484533 ] ] } },
{ "type": "Feature", "properties": { "name": null, "highway": "service" }, "geometry": { "type": "LineString", "coordinates": [ [ -112.0478496, 33.4487813 ], [ -112.0479233, 33.4487813 ], [ -112.0479915, 33.448781299999986 ], [ -112.0480404, 33.4487691 ], [ -112.0480632, 33.4487107 ], [ -112.0480681, 33.4485815 ], [ -112.0480811, 33.4485516 ], [ -112.0482392, 33.448544799999986 ], [ -112.0482374, 33.4484415 ], [ -112.0482359, 33.4483574 ] ] } },
{ "type": "Feature", "properties": { "name": null, "highway": "footway" }, "geometry": { "type": "LineString", "coordinates": [ [ -112.0498416, 33.4484972 ], [ -112.0498085, 33.4484533 ], [ -112.0497941, 33.4484342 ], [ -112.0495741, 33.448434499999983 ], [ -112.0484884, 33.4484393 ], [ -112.0484726, 33.4484298 ], [ -112.0484552, 33.4484136 ], [ -112.0483662, 33.4484139 ], [ -112.0483378, 33.4484413 ], [ -112.0482374, 33.4484415 ], [ -112.0480016, 33.448442 ], [ -112.0479737, 33.4484458 ], [ -112.0479645, 33.448447 ], [ -112.0479439, 33.4484622 ], [ -112.0479244, 33.4484907 ], [ -112.0479232, 33.4486918 ], [ -112.0479233, 33.4487813 ], [ -112.0479234, 33.4488783 ], [ -112.047922, 33.4489211 ], [ -112.0479209, 33.4489548 ], [ -112.0479095, 33.4490872 ], [ -112.0478957, 33.4492525 ], [ -112.0478838, 33.449354300000017 ], [ -112.047884, 33.449375 ], [ -112.0478928, 33.4493843 ], [ -112.0479074, 33.4493879 ], [ -112.0480934, 33.449386 ], [ -112.0486173, 33.449383 ], [ -112.0488012, 33.4493831 ], [ -112.0492855, 33.4493782 ], [ -112.0495852, 33.4493772 ], [ -112.0497993, 33.4493773 ], [ -112.049822500000019, 33.4493836 ] ] } },
{ "type": "Feature", "properties": { "name": null, "highway": "footway" }, "geometry": { "type": "LineString", "coordinates": [ [ -112.0533227, 33.4488212 ], [ -112.0533278, 33.4489599 ], [ -112.0532297, 33.4489615 ] ] } },
{ "type": "Feature", "properties": { "name": null, "highway": "footway" }, "geometry": { "type": "LineString", "coordinates": [ [ -112.052151, 33.4497595 ], [ -112.0521566, 33.449363 ], [ -112.0521619, 33.4489846 ], [ -112.052159700000018, 33.4488108 ], [ -112.052155, 33.448445 ] ] } },
{ "type": "Feature", "properties": { "name": null, "highway": "footway" }, "geometry": { "type": "LineString", "coordinates": [ [ -112.05414, 33.4498174 ], [ -112.0541552, 33.4497857 ], [ -112.0541594, 33.4492041 ], [ -112.0541434, 33.4492041 ], [ -112.0541445, 33.4491616 ], [ -112.0541457, 33.4491175 ], [ -112.0541351, 33.4490295 ], [ -112.0540979, 33.44898 ], [ -112.0540771, 33.4489253 ], [ -112.0540787, 33.4486408 ], [ -112.0541049, 33.4485785 ], [ -112.0541651, 33.448504 ], [ -112.0541586, 33.4484236 ], [ -112.0541432, 33.4484193 ], [ -112.0541235, 33.4484138 ], [ -112.052941, 33.4484247 ], [ -112.0529197, 33.4484202 ], [ -112.0526389, 33.4484219 ], [ -112.0523699, 33.44842160000001 ], [ -112.0521917, 33.4484231 ], [ -112.0521745, 33.4484239 ], [ -112.0521612, 33.4484263 ], [ -112.0521558, 33.4484333 ], [ -112.052155, 33.448445 ] ] } },
{ "type": "Feature", "properties": { "name": null, "highway": "service" }, "geometry": { "type": "LineString", "coordinates": [ [ -112.0538645, 33.4491615 ], [ -112.0537664, 33.4491599 ], [ -112.0533712, 33.449161 ] ] } },
{ "type": "Feature", "properties": { "name": null, "highway": "service" }, "geometry": { "type": "LineString", "coordinates": [ [ -112.0538645, 33.4491615 ], [ -112.0539164, 33.4491614 ], [ -112.054027100000013, 33.449161 ] ] } },
{ "type": "Feature", "properties": { "name": null, "highway": "footway" }, "geometry": { "type": "LineString", "coordinates": [ [ -112.0538041, 33.4492682 ], [ -112.053864, 33.4492745 ], [ -112.0539239, 33.4492813 ], [ -112.0539819, 33.4492791 ] ] } },
{ "type": "Feature", "properties": { "name": null, "highway": "footway" }, "geometry": { "type": "LineString", "coordinates": [ [ -112.0534804, 33.4493419 ], [ -112.053483400000019, 33.4492958 ] ] } },
{ "type": "Feature", "properties": { "name": null, "highway": "footway" }, "geometry": { "type": "LineString", "coordinates": [ [ -112.0520059, 33.4493623 ], [ -112.0520675, 33.4493623 ], [ -112.0521295, 33.4493623 ] ] } },
{ "type": "Feature", "properties": { "name": null, "highway": "footway" }, "geometry": { "type": "LineString", "coordinates": [ [ -112.0521295, 33.4493623 ], [ -112.0521566, 33.449363 ] ] } },
{ "type": "Feature", "properties": { "name": null, "highway": "footway" }, "geometry": { "type": "LineString", "coordinates": [ [ -112.05364, 33.4493698 ], [ -112.05359110000002, 33.4493686 ], [ -112.053573, 33.4493581 ], [ -112.0535342, 33.4493359 ], [ -112.0535005, 33.4493325 ] ] } },
{ "type": "Feature", "properties": { "name": null, "highway": "service" }, "geometry": { "type": "LineString", "coordinates": [ [ -112.0501337, 33.4489184 ], [ -112.0501341, 33.4484287 ], [ -112.0501342, 33.4483471 ] ] } },
{ "type": "Feature", "properties": { "name": null, "highway": "service" }, "geometry": { "type": "LineString", "coordinates": [ [ -112.05130290000001, 33.4487861 ], [ -112.0514599, 33.4487852 ] ] } },
{ "type": "Feature", "properties": { "name": null, "highway": "footway" }, "geometry": { "type": "LineString", "coordinates": [ [ -112.0520046, 33.4484574 ], [ -112.0519861, 33.448439 ], [ -112.0519788, 33.4484317 ], [ -112.0519512, 33.4484259 ], [ -112.0519392, 33.4484234 ], [ -112.0517061, 33.4484239 ], [ -112.051303300000015, 33.4484247 ], [ -112.0511161, 33.4484251 ], [ -112.0507037, 33.4484278 ], [ -112.0502196, 33.448431 ], [ -112.0501341, 33.4484287 ], [ -112.0500497, 33.448426499999989 ], [ -112.0500357, 33.4484271 ], [ -112.050023400000015, 33.4484276 ], [ -112.0500079, 33.4484386 ], [ -112.0499991, 33.448451 ], [ -112.0499902, 33.4484636 ], [ -112.0499898, 33.4484947 ], [ -112.0499888, 33.4489174 ], [ -112.0499887, 33.4489733 ], [ -112.0499867, 33.4493608 ], [ -112.0500055, 33.4493729 ], [ -112.050145, 33.4493722 ], [ -112.0504735, 33.449371 ], [ -112.050629, 33.4493704 ], [ -112.0514951, 33.4493672 ], [ -112.0519828, 33.4493623 ], [ -112.0519843, 33.4490673 ], [ -112.0519843, 33.4488985 ] ] } },
{ "type": "Feature", "properties": { "name": null, "highway": "service" }, "geometry": { "type": "LineString", "coordinates": [ [ -112.0504773, 33.449441 ], [ -112.0504735, 33.449371 ], [ -112.0504708, 33.449320299999982 ], [ -112.0504556, 33.4489686 ], [ -112.0504035, 33.4489342 ], [ -112.0503561, 33.4489196 ], [ -112.0501337, 33.4489184 ], [ -112.0500081, 33.4489197 ], [ -112.0499888, 33.4489174 ], [ -112.0499072, 33.448907600000013 ] ] } },
{ "type": "Feature", "properties": { "name": null, "highway": "service" }, "geometry": { "type": "LineString", "coordinates": [ [ -112.0520749, 33.4488973 ], [ -112.0519843, 33.4488985 ], [ -112.0513526, 33.4489067 ], [ -112.0507301, 33.4489006 ], [ -112.0506609, 33.448924399999989 ], [ -112.0506355, 33.4489776 ], [ -112.050629, 33.4493704 ], [ -112.0506279, 33.4494401 ] ] } },
{ "type": "Feature", "properties": { "name": null, "highway": "footway" }, "geometry": { "type": "LineString", "coordinates": [ [ -112.0499855, 33.4493823 ], [ -112.0500055, 33.4493729 ] ] } },
{ "type": "Feature", "properties": { "name": null, "highway": "footway" }, "geometry": { "type": "LineString", "coordinates": [ [ -112.0520059, 33.4493623 ], [ -112.0519828, 33.4493623 ], [ -112.051982, 33.4493876 ] ] } },
{ "type": "Feature", "properties": { "name": null, "highway": "footway" }, "geometry": { "type": "LineString", "coordinates": [ [ -112.0519891, 33.4494827 ], [ -112.0519857, 33.4494365 ], [ -112.051982, 33.4493876 ] ] } },
{ "type": "Feature", "properties": { "name": null, "highway": "footway" }, "geometry": { "type": "LineString", "coordinates": [ [ -112.0499871, 33.449506 ], [ -112.0499996, 33.4495192 ] ] } },
{ "type": "Feature", "properties": { "name": null, "highway": "service" }, "geometry": { "type": "LineString", "coordinates": [ [ -112.0517525, 33.4495687 ], [ -112.0517469, 33.4499333 ] ] } },
{ "type": "Feature", "properties": { "name": null, "highway": "service" }, "geometry": { "type": "LineString", "coordinates": [ [ -112.0478483, 33.4489218 ], [ -112.047922, 33.4489211 ], [ -112.0494704, 33.4489067 ], [ -112.0499072, 33.448907600000013 ] ] } },
{ "type": "Feature", "properties": { "name": null, "highway": "footway" }, "geometry": { "type": "LineString", "coordinates": [ [ -112.049822500000019, 33.4493836 ], [ -112.0499027, 33.449383 ], [ -112.0499855, 33.4493823 ] ] } },
{ "type": "Feature", "properties": { "name": "East Adams Street", "highway": "residential" }, "geometry": { "type": "LineString", "coordinates": [ [ -112.0520663, 33.4494363 ], [ -112.0519857, 33.4494365 ], [ -112.0506279, 33.4494401 ], [ -112.0504773, 33.449441 ], [ -112.0499863, 33.4494441 ], [ -112.0499021, 33.4494446 ], [ -112.0498251, 33.449445 ], [ -112.0496003, 33.449446 ], [ -112.0483919, 33.4494516 ], [ -112.0479459, 33.4494537 ], [ -112.0478872, 33.4494543 ], [ -112.047835, 33.4494549 ], [ -112.047686, 33.4494572 ], [ -112.0476201, 33.4494575 ], [ -112.0475723, 33.4494578 ], [ -112.04563760000002, 33.4494568 ], [ -112.0455577, 33.4494568 ] ] } },
{ "type": "Feature", "properties": { "name": null, "highway": "footway" }, "geometry": { "type": "LineString", "coordinates": [ [ -112.0499855, 33.4493823 ], [ -112.0499863, 33.4494441 ], [ -112.0499871, 33.449506 ], [ -112.0499017, 33.4495067 ], [ -112.0498277, 33.4495073 ], [ -112.0498251, 33.449445 ], [ -112.049822500000019, 33.4493836 ] ] } },
{ "type": "Feature", "properties": { "name": null, "highway": "footway" }, "geometry": { "type": "LineString", "coordinates": [ [ -112.0498277, 33.4495073 ], [ -112.0498144, 33.4495217 ] ] } },
{ "type": "Feature", "properties": { "name": null, "highway": "service" }, "geometry": { "type": "LineString", "coordinates": [ [ -112.0483919, 33.4494516 ], [ -112.0483924, 33.44952 ], [ -112.0483929, 33.449597 ], [ -112.0483945, 33.4498468 ] ] } },
{ "type": "Feature", "properties": { "name": null, "highway": "footway" }, "geometry": { "type": "LineString", "coordinates": [ [ -112.047857400000012, 33.4497851 ], [ -112.0478689, 33.4495313 ], [ -112.047884, 33.4495244 ], [ -112.0479164, 33.4495234 ], [ -112.0483924, 33.44952 ], [ -112.0485413, 33.4495189 ], [ -112.049406, 33.4495156 ], [ -112.0495763, 33.4495147 ] ] } },
{ "type": "Feature", "properties": { "name": null, "highway": "service" }, "geometry": { "type": "LineString", "coordinates": [ [ -112.0495989, 33.4498483 ], [ -112.0495998, 33.4495807 ], [ -112.0496, 33.4495146 ], [ -112.0496003, 33.449446 ] ] } },
{ "type": "Feature", "properties": { "name": "North 15th Street", "highway": "residential" }, "geometry": { "type": "LineString", "coordinates": [ [ -112.049912, 33.4483503 ], [ -112.0499093, 33.4484516 ], [ -112.0499072, 33.448907600000013 ], [ -112.0499027, 33.449383 ], [ -112.0499021, 33.4494446 ], [ -112.0499017, 33.4495067 ], [ -112.0498993, 33.4499383 ], [ -112.0498998, 33.4503645 ], [ -112.0498999, 33.4504353 ], [ -112.0498997, 33.4504941 ], [ -112.0498986, 33.4508995 ], [ -112.0498975, 33.4512883 ], [ -112.049897, 33.4513183 ], [ -112.0498972, 33.451414 ] ] } },
{ "type": "Feature", "properties": { "name": null, "highway": "footway" }, "geometry": { "type": "LineString", "coordinates": [ [ -112.0495763, 33.4495147 ], [ -112.0496, 33.4495146 ], [ -112.0497998, 33.4495141 ], [ -112.0498144, 33.4495217 ], [ -112.0498223, 33.4495258 ], [ -112.0498255, 33.4495432 ], [ -112.0498195, 33.449939 ], [ -112.0498131, 33.4503651 ], [ -112.0495934, 33.4503657 ], [ -112.0493012, 33.4503681 ], [ -112.04926, 33.4503685 ], [ -112.0480272, 33.4503726 ], [ -112.0478673, 33.4503736 ], [ -112.0478559, 33.4503594 ], [ -112.0478514, 33.4503447 ], [ -112.0478549, 33.4500721 ], [ -112.0478559, 33.4499562 ], [ -112.047857400000012, 33.4497851 ] ] } },
{ "type": "Feature", "properties": { "name": null, "highway": "footway" }, "geometry": { "type": "MultiLineString", "coordinates": [ [ [ -112.0519891, 33.4494827 ], [ -112.0519705, 33.4495035 ], [ -112.051127, 33.4495081 ], [ -112.0500526, 33.4495115 ], [ -112.0500165, 33.4495109 ], [ -112.0499996, 33.4495192 ], [ -112.0499857, 33.449526 ], [ -112.0499848, 33.4497607 ], [ -112.0499862, 33.4499381 ], [ -112.0499884, 33.4502217 ], [ -112.0499895, 33.4503427 ], [ -112.0499944, 33.4503541 ], [ -112.0500015, 33.4503581 ], [ -112.0500091, 33.450362399999989 ], [ -112.0500346, 33.4503643 ], [ -112.0502788, 33.4503632 ], [ -112.0509662, 33.45036120000001 ], [ -112.0516929, 33.4503575 ] ], [ [ -112.0516929, 33.4503575 ], [ -112.0519791, 33.4503561 ], [ -112.0519788, 33.4499583 ], [ -112.0519618, 33.4499618 ], [ -112.0519236, 33.4499649 ], [ -112.051807, 33.4499668 ], [ -112.051707600000015, 33.449967599999987 ], [ -112.0516962, 33.4499704 ], [ -112.0516929, 33.4499791 ], [ -112.0516925, 33.4500676 ], [ -112.0516929, 33.4503575 ] ] ] } },
{ "type": "Feature", "properties": { "name": null, "highway": "footway" }, "geometry": { "type": "LineString", "coordinates": [ [ -112.0519788, 33.4499583 ], [ -112.0519789, 33.4499327 ] ] } },
{ "type": "Feature", "properties": { "name": null, "highway": "footway" }, "geometry": { "type": "LineString", "coordinates": [ [ -112.0500128, 33.4503872 ], [ -112.0500015, 33.4503581 ], [ -112.0499678, 33.4503583 ] ] } },
{ "type": "Feature", "properties": { "name": null, "highway": "footway" }, "geometry": { "type": "LineString", "coordinates": [ [ -112.0520085, 33.4503562 ], [ -112.0519791, 33.4503561 ], [ -112.0519792, 33.4503831 ] ] } },
{ "type": "Feature", "properties": { "name": "East Monroe Street", "highway": "residential" }, "geometry": { "type": "LineString", "coordinates": [ [ -112.0564357, 33.4504079 ], [ -112.0563408, 33.4504081 ], [ -112.0543113, 33.4504123 ], [ -112.0542279, 33.4504125 ], [ -112.0541547, 33.450413 ], [ -112.0528119, 33.4504221 ], [ -112.052158, 33.4504265 ], [ -112.0520647, 33.4504271 ], [ -112.0519775, 33.4504278 ], [ -112.0512489, 33.4504332 ], [ -112.0499974, 33.4504351 ], [ -112.0498999, 33.4504353 ], [ -112.0498226, 33.4504357 ], [ -112.04930210000002, 33.4504383 ], [ -112.0478942, 33.4504455 ], [ -112.0478558, 33.4504459 ], [ -112.047736, 33.450447 ], [ -112.0476053, 33.4504482 ], [ -112.0475673, 33.4504486 ], [ -112.0475083, 33.4504487 ], [ -112.0456373, 33.4504529 ], [ -112.0455549, 33.4504531 ] ] } },
{ "type": "Feature", "properties": { "name": null, "highway": "footway" }, "geometry": { "type": "LineString", "coordinates": [ [ -112.0499778, 33.4504959 ], [ -112.0499974, 33.4504351 ], [ -112.0500128, 33.4503872 ] ] } },
{ "type": "Feature", "properties": { "name": null, "highway": "footway" }, "geometry": { "type": "LineString", "coordinates": [ [ -112.051976, 33.4504689 ], [ -112.0519775, 33.4504278 ], [ -112.0519792, 33.4503831 ] ] } },
{ "type": "Feature", "properties": { "name": null, "highway": "footway" }, "geometry": { "type": "LineString", "coordinates": [ [ -112.052004, 33.4504975 ], [ -112.0519765, 33.4504982 ], [ -112.051976, 33.4504689 ] ] } },
{ "type": "Feature", "properties": { "name": null, "highway": "footway" }, "geometry": { "type": "LineString", "coordinates": [ [ -112.0499778, 33.4504959 ], [ -112.0499995, 33.4505128 ] ] } },
{ "type": "Feature", "properties": { "name": null, "highway": "service" }, "geometry": { "type": "LineString", "coordinates": [ [ -112.0512904, 33.4507938 ], [ -112.0508351, 33.4507928 ], [ -112.0508337, 33.4506253 ], [ -112.0512867, 33.4506258 ] ] } },
{ "type": "Feature", "properties": { "name": "North 14th Street", "highway": "residential" }, "geometry": { "type": "LineString", "coordinates": [ [ -112.0520749, 33.4488973 ], [ -112.0520675, 33.4493623 ], [ -112.0520663, 33.4494363 ], [ -112.0520699, 33.4498193 ], [ -112.0520712, 33.4499324 ], [ -112.0520656, 33.4503561 ], [ -112.0520647, 33.4504271 ], [ -112.0520639, 33.450497 ], [ -112.0520594, 33.4508917 ], [ -112.052060400000016, 33.4512743 ], [ -112.0520605, 33.451296 ], [ -112.0520616, 33.4513922 ] ] } },
{ "type": "Feature", "properties": { "name": null, "highway": "footway" }, "geometry": { "type": "LineString", "coordinates": [ [ -112.052126, 33.4503559 ], [ -112.0520656, 33.4503561 ], [ -112.0520085, 33.4503562 ] ] } },
{ "type": "Feature", "properties": { "name": null, "highway": "footway" }, "geometry": { "type": "LineString", "coordinates": [ [ -112.0521576, 33.4503801 ], [ -112.052163, 33.4503536 ], [ -112.052126, 33.4503559 ] ] } },
{ "type": "Feature", "properties": { "name": null, "highway": "footway" }, "geometry": { "type": "LineString", "coordinates": [ [ -112.0521583, 33.4504692 ], [ -112.052158, 33.4504265 ], [ -112.0521576, 33.4503801 ] ] } },
{ "type": "Feature", "properties": { "name": null, "highway": "footway" }, "geometry": { "type": "LineString", "coordinates": [ [ -112.0521583, 33.4504692 ], [ -112.0521567, 33.4504963 ], [ -112.0521267, 33.4504965 ] ] } },
{ "type": "Feature", "properties": { "name": null, "highway": "footway" }, "geometry": { "type": "LineString", "coordinates": [ [ -112.052004, 33.4504975 ], [ -112.0520639, 33.450497 ], [ -112.0521267, 33.4504965 ] ] } },
{ "type": "Feature", "properties": { "name": null, "highway": "footway" }, "geometry": { "type": "LineString", "coordinates": [ [ -112.0523869, 33.4504941 ], [ -112.0532292, 33.4504928 ], [ -112.0541155, 33.4504842 ], [ -112.0541355, 33.4504817 ], [ -112.0541401, 33.4504968 ], [ -112.0541404, 33.450854399999983 ], [ -112.0541403, 33.4508819 ], [ -112.0541387, 33.4512239 ], [ -112.054139, 33.4512651 ], [ -112.0541324, 33.4512749 ], [ -112.0541081, 33.4512735 ], [ -112.0538142, 33.4512765 ], [ -112.0537826, 33.4512854 ], [ -112.0536671, 33.4512872 ], [ -112.0536351, 33.4512891 ], [ -112.0536209, 33.4512967 ], [ -112.0535093, 33.4512964 ], [ -112.0533183, 33.4512964 ], [ -112.0533045, 33.4512806 ], [ -112.0532293, 33.4512824 ], [ -112.0531931, 33.4512971 ], [ -112.0530584, 33.4512991 ], [ -112.052791, 33.4513042 ], [ -112.0527412, 33.4512964 ], [ -112.0526987, 33.4512898 ], [ -112.05235380000002, 33.4512928 ], [ -112.0521864, 33.4512946 ], [ -112.052158, 33.4512932 ], [ -112.0521539, 33.4512881 ], [ -112.05215, 33.4512833 ], [ -112.0521497, 33.4512596 ], [ -112.052154, 33.4508913 ], [ -112.0521579, 33.4505508 ], [ -112.0521567, 33.4504963 ], [ -112.0523869, 33.4504941 ] ] } },
{ "type": "Feature", "properties": { "name": null, "highway": "footway" }, "geometry": { "type": "LineString", "coordinates": [ [ -112.0521539, 33.4512881 ], [ -112.0521303, 33.4512956 ] ] } },
{ "type": "Feature", "properties": { "name": null, "highway": "service" }, "geometry": { "type": "LineString", "coordinates": [ [ -112.0527388, 33.451386 ], [ -112.0527412, 33.4512964 ], [ -112.0527432, 33.4512193 ], [ -112.0527492, 33.4512061 ], [ -112.0527657, 33.4512001 ], [ -112.053198, 33.4511896 ] ] } },
{ "type": "Feature", "properties": { "name": null, "highway": "footway" }, "geometry": { "type": "LineString", "coordinates": [ [ -112.0536351, 33.4512891 ], [ -112.05363610000002, 33.4513009 ] ] } },
{ "type": "Feature", "properties": { "name": null, "highway": "service" }, "geometry": { "type": "LineString", "coordinates": [ [ -112.04930210000002, 33.4504383 ], [ -112.0493012, 33.4503681 ], [ -112.0492999, 33.4502613 ] ] } },
{ "type": "Feature", "properties": { "name": null, "highway": "footway" }, "geometry": { "type": "LineString", "coordinates": [ [ -112.0498131, 33.4503651 ], [ -112.0498229, 33.45037150000001 ] ] } },
{ "type": "Feature", "properties": { "name": null, "highway": "footway" }, "geometry": { "type": "LineString", "coordinates": [ [ -112.0499778, 33.4504959 ], [ -112.0498997, 33.4504941 ], [ -112.0498224, 33.450492399999987 ], [ -112.0498226, 33.4504357 ], [ -112.0498229, 33.45037150000001 ], [ -112.0498998, 33.4503645 ], [ -112.0499678, 33.4503583 ] ] } },
{ "type": "Feature", "properties": { "name": null, "highway": "footway" }, "geometry": { "type": "LineString", "coordinates": [ [ -112.0498033, 33.4505108 ], [ -112.0498224, 33.450492399999987 ] ] } },
{ "type": "Feature", "properties": { "name": null, "highway": "service" }, "geometry": { "type": "LineString", "coordinates": [ [ -112.0564359, 33.4508664 ], [ -112.0563117, 33.4508668 ], [ -112.0561983, 33.4508671 ], [ -112.0543145, 33.4508809 ], [ -112.054226, 33.4508815 ], [ -112.0541403, 33.4508819 ], [ -112.052154, 33.4508913 ], [ -112.0520594, 33.4508917 ], [ -112.051974, 33.450892 ], [ -112.0512932, 33.4508945 ], [ -112.0509361, 33.450895799999984 ], [ -112.049964, 33.4508993 ], [ -112.0498986, 33.4508995 ], [ -112.0498136, 33.4509003 ], [ -112.0478334, 33.4509192 ], [ -112.047723, 33.4509203 ], [ -112.0476056, 33.450919199999987 ], [ -112.0475286, 33.4509185 ], [ -112.0456189, 33.450901 ], [ -112.0455546, 33.4509004 ], [ -112.0454626, 33.4509007 ], [ -112.0446409, 33.4509033 ], [ -112.0445132, 33.4509037 ], [ -112.0443088, 33.4509043 ], [ -112.0434652, 33.450907 ], [ -112.0433798, 33.4509072 ] ] } },
{ "type": "Feature", "properties": { "name": null, "highway": "footway" }, "geometry": { "type": "LineString", "coordinates": [ [ -112.0498132, 33.4512859 ], [ -112.0498109, 33.4512991 ], [ -112.0498037, 33.4513057 ], [ -112.0497987, 33.4513104 ], [ -112.0497844, 33.4513104 ], [ -112.0496455, 33.4513136 ], [ -112.0495225, 33.4513166 ], [ -112.0494794, 33.4513202 ], [ -112.0493892, 33.451326 ], [ -112.0493612, 33.4513102 ], [ -112.0493434, 33.4513104 ], [ -112.0488929, 33.4513144 ], [ -112.0485165, 33.4513178 ], [ -112.0480179, 33.4513253 ], [ -112.047964, 33.45132610000001 ], [ -112.0479226, 33.4513274 ], [ -112.0478876, 33.451326 ], [ -112.0478647, 33.4513066 ], [ -112.0478603, 33.4513029 ], [ -112.047839700000011, 33.451289 ], [ -112.0478342, 33.4512639 ], [ -112.0478319, 33.451127 ], [ -112.0478334, 33.4509192 ], [ -112.0478343, 33.450794799999983 ], [ -112.0478412, 33.4505387 ], [ -112.0478492, 33.4505222 ], [ -112.0478695, 33.4505125 ], [ -112.0479075, 33.4505113 ], [ -112.0482273, 33.4505114 ], [ -112.0492588, 33.4505073 ], [ -112.0495705, 33.4505058 ], [ -112.0497923, 33.4505032 ], [ -112.0498033, 33.4505108 ], [ -112.0498139, 33.4505182 ], [ -112.0498136, 33.4509003 ] ] } },
{ "type": "Feature", "properties": { "name": null, "highway": "service" }, "geometry": { "type": "LineString", "coordinates": [ [ -112.049358, 33.4510656 ], [ -112.0493434, 33.4513104 ], [ -112.0493393, 33.4514152 ] ] } },
{ "type": "Feature", "properties": { "name": null, "highway": "service" }, "geometry": { "type": "LineString", "coordinates": [ [ -112.0490885, 33.451131499999988 ], [ -112.0490857, 33.4512233 ], [ -112.048895800000011, 33.4512192 ], [ -112.0488929, 33.4513144 ], [ -112.0488897, 33.4514163 ] ] } },
{ "type": "Feature", "properties": { "name": null, "highway": "footway" }, "geometry": { "type": "LineString", "coordinates": [ [ -112.0498198, 33.4513195 ], [ -112.0498037, 33.4513057 ] ] } },
{ "type": "Feature", "properties": { "name": null, "highway": "footway" }, "geometry": { "type": "LineString", "coordinates": [ [ -112.0499715, 33.4513172 ], [ -112.049897, 33.4513183 ], [ -112.0498198, 33.4513195 ] ] } },
{ "type": "Feature", "properties": { "name": null, "highway": "footway" }, "geometry": { "type": "LineString", "coordinates": [ [ -112.051981, 33.4512652 ], [ -112.0519806, 33.4511818 ], [ -112.0519737, 33.4509416 ], [ -112.051974, 33.450892 ], [ -112.0519765, 33.4504982 ], [ -112.0512497, 33.4505011 ], [ -112.0504067, 33.4505044 ], [ -112.0500553, 33.4505051 ], [ -112.0500177, 33.450505599999985 ], [ -112.0499995, 33.4505128 ], [ -112.0499835, 33.450526099999983 ], [ -112.0499782, 33.4505422 ], [ -112.0499806, 33.4507065 ], [ -112.0499714, 33.4507325 ], [ -112.0499637, 33.4507546 ], [ -112.049964, 33.4508993 ], [ -112.049964, 33.4509271 ] ] } },
{ "type": "Feature", "properties": { "name": null, "highway": "service" }, "geometry": { "type": "LineString", "coordinates": [ [ -112.0512489, 33.4504332 ], [ -112.0512497, 33.4505011 ], [ -112.0512506, 33.4505704 ], [ -112.0512867, 33.4506258 ], [ -112.0512904, 33.4507938 ], [ -112.0512932, 33.4508945 ], [ -112.051296500000021, 33.4511602 ], [ -112.051297, 33.4511949 ], [ -112.0512541, 33.4512402 ], [ -112.0512537, 33.4512608 ], [ -112.0512531, 33.4512985 ], [ -112.0512516, 33.4513982 ] ] } },
{ "type": "Feature", "properties": { "name": null, "highway": "service" }, "geometry": { "type": "LineString", "coordinates": [ [ -112.051296500000021, 33.4511602 ], [ -112.0509412, 33.4511602 ], [ -112.0509361, 33.450895799999984 ] ] } },
{ "type": "Feature", "properties": { "name": null, "highway": "footway" }, "geometry": { "type": "LineString", "coordinates": [ [ -112.0499827, 33.4512964 ], [ -112.049989, 33.4513063 ], [ -112.0499946, 33.4513152 ], [ -112.0500091, 33.4513224 ], [ -112.050284, 33.451322 ], [ -112.0509058, 33.4513171 ], [ -112.0511457, 33.4513139 ], [ -112.0511783, 33.4512993 ], [ -112.0512531, 33.4512985 ], [ -112.0514858, 33.4512961 ], [ -112.0515169, 33.4512924 ], [ -112.0515741, 33.451292 ], [ -112.0516233, 33.4512962 ], [ -112.0518281, 33.4512948 ], [ -112.0519586, 33.4512943 ], [ -112.0519706, 33.4512913 ], [ -112.0519814, 33.4512824 ], [ -112.051981, 33.4512652 ] ] } },
{ "type": "Feature", "properties": { "name": null, "highway": "footway" }, "geometry": { "type": "LineString", "coordinates": [ [ -112.0519898, 33.4512964 ], [ -112.0519706, 33.4512913 ] ] } },
{ "type": "Feature", "properties": { "name": null, "highway": "footway" }, "geometry": { "type": "LineString", "coordinates": [ [ -112.049989, 33.4513063 ], [ -112.0499715, 33.4513172 ] ] } },
{ "type": "Feature", "properties": { "name": null, "highway": "footway" }, "geometry": { "type": "LineString", "coordinates": [ [ -112.0521303, 33.4512956 ], [ -112.0520605, 33.451296 ], [ -112.0519898, 33.4512964 ] ] } },
{ "type": "Feature", "properties": { "name": "East Van Buren Street", "highway": "primary" }, "geometry": { "type": "LineString", "coordinates": [ [ -112.0484462, 33.4514183 ], [ -112.0488897, 33.4514163 ], [ -112.0489631, 33.451416 ], [ -112.0492702, 33.4514153 ], [ -112.0493393, 33.4514152 ], [ -112.0495767, 33.4514147 ], [ -112.0498099, 33.4514142 ], [ -112.0498972, 33.451414 ], [ -112.0503645, 33.451408 ], [ -112.0509774, 33.4514002 ], [ -112.0512516, 33.4513982 ], [ -112.051847, 33.4513938 ], [ -112.0520616, 33.4513922 ], [ -112.052236, 33.4513907 ] ] } },
{ "type": "Feature", "properties": { "name": null, "highway": "service" }, "geometry": { "type": "LineString", "coordinates": [ [ -112.0509774, 33.4514002 ], [ -112.050974600000018, 33.4514874 ], [ -112.050973400000018, 33.4515226 ] ] } },
{ "type": "Feature", "properties": { "name": null, "highway": "service" }, "geometry": { "type": "LineString", "coordinates": [ [ -112.0503645, 33.451408 ], [ -112.0503651, 33.4515035 ], [ -112.0503653, 33.4515456 ], [ -112.0503633, 33.4517262 ], [ -112.0503581, 33.4519454 ] ] } },
{ "type": "Feature", "properties": { "name": "East Washington Street", "highway": "primary" }, "geometry": { "type": "LineString", "coordinates": [ [ -112.0468342, 33.448358 ], [ -112.0471384, 33.4483581 ], [ -112.0474036, 33.4483582 ], [ -112.0475814, 33.44835830000001 ], [ -112.047779, 33.4483584 ] ] } },
{ "type": "Feature", "properties": { "name": null, "highway": "service" }, "geometry": { "type": "LineString", "coordinates": [ [ -112.0474081, 33.4485315 ], [ -112.0474058, 33.4484432 ], [ -112.0474036, 33.4483582 ] ] } },
{ "type": "Feature", "properties": { "name": null, "highway": "service" }, "geometry": { "type": "LineString", "coordinates": [ [ -112.0466978, 33.448360299999983 ], [ -112.0466949, 33.4484432 ], [ -112.0467107, 33.4487857 ] ] } },
{ "type": "Feature", "properties": { "name": null, "highway": "service" }, "geometry": { "type": "LineString", "coordinates": [ [ -112.0472921, 33.4485329 ], [ -112.0474081, 33.4485315 ], [ -112.0474469, 33.448531 ], [ -112.0474776, 33.448567099999984 ], [ -112.0474786, 33.4486232 ], [ -112.0474824, 33.4488331 ] ] } },
{ "type": "Feature", "properties": { "name": null, "highway": "footway" }, "geometry": { "type": "LineString", "coordinates": [ [ -112.0476354, 33.4493541 ], [ -112.0476343, 33.448941499999989 ], [ -112.0476341, 33.4489242 ], [ -112.0476329, 33.4488369 ], [ -112.0476306, 33.448660299999986 ], [ -112.0476303, 33.4486224 ], [ -112.0476294, 33.4484903 ], [ -112.0476056, 33.4484599 ], [ -112.0475775, 33.4484451 ], [ -112.0475636, 33.4484377 ], [ -112.047494, 33.4484435 ], [ -112.0474058, 33.4484432 ], [ -112.0471391, 33.4484424 ], [ -112.0469982, 33.448442 ], [ -112.0466949, 33.4484432 ], [ -112.0462211, 33.448445 ], [ -112.0456699, 33.4484477 ], [ -112.045646800000014, 33.4484499 ], [ -112.0456304, 33.4484675 ], [ -112.0456304, 33.4484946 ], [ -112.0456281, 33.4488532 ], [ -112.0456283, 33.4489227 ], [ -112.045629, 33.4492559 ], [ -112.0456294, 33.449352 ], [ -112.045646, 33.44937070000001 ], [ -112.0456551, 33.449381 ], [ -112.0460367, 33.4493822 ], [ -112.0463795, 33.449381099999989 ], [ -112.0466943, 33.4493821 ], [ -112.0472244, 33.44938 ], [ -112.0475144, 33.4493795 ], [ -112.0475871, 33.4493778 ], [ -112.0476125, 33.4493716 ], [ -112.0476354, 33.4493541 ] ] } },
{ "type": "Feature", "properties": { "name": null, "highway": "footway" }, "geometry": { "type": "LineString", "coordinates": [ [ -112.045626, 33.4497896 ], [ -112.045624, 33.449956 ], [ -112.0456194, 33.4503324 ], [ -112.0456309, 33.4503542 ], [ -112.0456578, 33.4503671 ], [ -112.0456871, 33.45037090000001 ], [ -112.046021, 33.4503704 ], [ -112.0470201, 33.4503723 ], [ -112.047578, 33.4503742 ], [ -112.047602, 33.4503679 ], [ -112.0476121, 33.4503653 ], [ -112.0476192, 33.4503366 ], [ -112.0476291, 33.449957 ], [ -112.0476316, 33.4498599 ], [ -112.0476365, 33.449677 ], [ -112.0476374, 33.4495454 ], [ -112.0476277, 33.4495308 ], [ -112.0476152, 33.4495304 ], [ -112.0475912, 33.4495297 ], [ -112.0472076, 33.44953 ], [ -112.0464082, 33.4495312 ], [ -112.045668, 33.4495277 ], [ -112.0456457, 33.4495339 ], [ -112.0456299, 33.4495473 ], [ -112.0456266, 33.4495615 ], [ -112.045626, 33.4497896 ] ] } },
{ "type": "Feature", "properties": { "name": null, "highway": "service" }, "geometry": { "type": "LineString", "coordinates": [ [ -112.0475286, 33.4509185 ], [ -112.0475271, 33.450863 ], [ -112.047444, 33.4508132 ], [ -112.0470592, 33.4508079 ], [ -112.0470661, 33.4506128 ], [ -112.0474574, 33.450615 ] ] } },
{ "type": "Feature", "properties": { "name": null, "highway": "footway" }, "geometry": { "type": "LineString", "coordinates": [ [ -112.0463074, 33.4513257 ], [ -112.0457091, 33.4513292 ], [ -112.0456534, 33.451327 ], [ -112.0456363, 33.4513212 ], [ -112.0456311, 33.4513053 ], [ -112.0456249, 33.4512803 ], [ -112.0456171, 33.4509597 ], [ -112.0456189, 33.450901 ], [ -112.045625500000014, 33.450684399999986 ], [ -112.0456217, 33.4505458 ], [ -112.0456271, 33.4505265 ], [ -112.0456365, 33.4505241 ], [ -112.0456509, 33.4505204 ], [ -112.0457225, 33.4505181 ], [ -112.0461743, 33.4505187 ], [ -112.0467659, 33.4505176 ], [ -112.0474114, 33.4505122 ], [ -112.0475043, 33.4505106 ], [ -112.0475464, 33.4505099 ], [ -112.0475754, 33.4505216 ], [ -112.0475825, 33.4505269 ], [ -112.0475996, 33.4505399 ], [ -112.0476093, 33.4505932 ], [ -112.0476071, 33.450790599999983 ], [ -112.0476056, 33.450919199999987 ], [ -112.0476049, 33.4509784 ], [ -112.0476041, 33.4510513 ], [ -112.0476033, 33.4512769 ], [ -112.0475821, 33.4512999 ], [ -112.0475759, 33.4513045 ], [ -112.04755, 33.4513239 ], [ -112.0475302, 33.4513258 ], [ -112.0474526, 33.451326 ], [ -112.0472578, 33.4513264 ], [ -112.0471036, 33.4513263 ], [ -112.046861600000014, 33.4513261 ], [ -112.0465829, 33.4513259 ], [ -112.0463074, 33.4513257 ] ] } },
{ "type": "Feature", "properties": { "name": null, "highway": "service" }, "geometry": { "type": "LineString", "coordinates": [ [ -112.0471258, 33.4509648 ], [ -112.0471251, 33.4511982 ], [ -112.0471008, 33.4512859 ] ] } },
{ "type": "Feature", "properties": { "name": null, "highway": "service" }, "geometry": { "type": "LineString", "coordinates": [ [ -112.0468609, 33.4514254 ], [ -112.046861600000014, 33.4513261 ], [ -112.0468634, 33.4510553 ], [ -112.0468621, 33.4510189 ], [ -112.0468452, 33.4509906 ], [ -112.0467992, 33.4509765 ], [ -112.0466975, 33.4509694 ], [ -112.046639400000018, 33.4509744 ], [ -112.0466054, 33.4509845 ], [ -112.0465873, 33.4509987 ], [ -112.0465728, 33.4510452 ], [ -112.0465829, 33.4513259 ], [ -112.0465837, 33.4513482 ], [ -112.0465836, 33.4514256 ] ] } },
{ "type": "Feature", "properties": { "name": null, "highway": "footway" }, "geometry": { "type": "LineString", "coordinates": [ [ -112.047618300000011, 33.4495187 ], [ -112.0476152, 33.4495304 ] ] } },
{ "type": "Feature", "properties": { "name": "North 16th Street", "highway": "secondary" }, "geometry": { "type": "LineString", "coordinates": [ [ -112.047772, 33.4498297 ], [ -112.0478257, 33.4495101 ], [ -112.047835, 33.4494549 ] ] } },
{ "type": "Feature", "properties": { "name": "North 16th Street", "highway": "secondary" }, "geometry": { "type": "LineString", "coordinates": [ [ -112.047686, 33.4494572 ], [ -112.0476936, 33.449515599999984 ], [ -112.0477008, 33.4495711 ], [ -112.0477511, 33.4499571 ] ] } },
{ "type": "Feature", "properties": { "name": "North 16th Street", "highway": "secondary" }, "geometry": { "type": "LineString", "coordinates": [ [ -112.0477511, 33.4499571 ], [ -112.047772, 33.4498297 ] ] } },
{ "type": "Feature", "properties": { "name": null, "highway": "service" }, "geometry": { "type": "LineString", "coordinates": [ [ -112.0520712, 33.4499324 ], [ -112.0519789, 33.4499327 ], [ -112.0517469, 33.4499333 ], [ -112.0499862, 33.4499381 ], [ -112.0498993, 33.4499383 ], [ -112.0498195, 33.449939 ], [ -112.0478559, 33.4499562 ], [ -112.0477511, 33.4499571 ], [ -112.0476291, 33.449957 ], [ -112.045624, 33.449956 ], [ -112.0455597, 33.449956 ], [ -112.0454657, 33.4499559 ], [ -112.0447448, 33.4499551 ], [ -112.044605, 33.449955 ], [ -112.044343200000014, 33.4499547 ], [ -112.0442018, 33.4499546 ], [ -112.0434793, 33.4499538 ], [ -112.043382, 33.4499537 ] ] } },
{ "type": "Feature", "properties": { "name": null, "highway": "footway" }, "geometry": { "type": "LineString", "coordinates": [ [ -112.047602, 33.4503679 ], [ -112.0476082, 33.450382099999985 ] ] } },
{ "type": "Feature", "properties": { "name": null, "highway": "footway" }, "geometry": { "type": "LineString", "coordinates": [ [ -112.0478572, 33.4503838 ], [ -112.0478673, 33.4503736 ] ] } },
{ "type": "Feature", "properties": { "name": "North 16th Street", "highway": "secondary" }, "geometry": { "type": "LineString", "coordinates": [ [ -112.0477511, 33.4499571 ], [ -112.047738, 33.450383 ], [ -112.047736, 33.450447 ], [ -112.0477344, 33.4505026 ], [ -112.0477246, 33.4508449 ], [ -112.047723, 33.4509011 ] ] } },
{ "type": "Feature", "properties": { "name": null, "highway": "footway" }, "geometry": { "type": "LineString", "coordinates": [ [ -112.0478546, 33.4504963 ], [ -112.0477344, 33.4505026 ], [ -112.0476026, 33.4505096 ], [ -112.0476053, 33.4504482 ], [ -112.0476082, 33.450382099999985 ], [ -112.047738, 33.450383 ], [ -112.0478572, 33.4503838 ], [ -112.0478558, 33.4504459 ], [ -112.0478546, 33.4504963 ] ] } },
{ "type": "Feature", "properties": { "name": null, "highway": "footway" }, "geometry": { "type": "LineString", "coordinates": [ [ -112.0478546, 33.4504963 ], [ -112.0478594, 33.450511 ] ] } },
{ "type": "Feature", "properties": { "name": null, "highway": "footway" }, "geometry": { "type": "LineString", "coordinates": [ [ -112.0456384, 33.4503818 ], [ -112.0456373, 33.4504529 ], [ -112.0456366, 33.4505014 ] ] } },
{ "type": "Feature", "properties": { "name": null, "highway": "footway" }, "geometry": { "type": "LineString", "coordinates": [ [ -112.0454628, 33.4508838 ], [ -112.0454646, 33.4505169 ], [ -112.045465, 33.4504336 ], [ -112.0454648, 33.4502815 ], [ -112.0454662, 33.4500109 ], [ -112.0454467, 33.4500053 ], [ -112.0453528, 33.4500034 ], [ -112.0452629, 33.4500042 ], [ -112.0452099, 33.4500077 ], [ -112.0451267, 33.4500144 ], [ -112.044997400000014, 33.4500145 ], [ -112.0449063, 33.4500122 ], [ -112.0447546, 33.4500138 ], [ -112.0447416, 33.4500138 ], [ -112.0447398, 33.4501989 ], [ -112.0447457, 33.450217 ], [ -112.0447453, 33.4503358 ], [ -112.0447438, 33.4504292 ], [ -112.0447478, 33.4504616 ], [ -112.0447486, 33.4504992 ], [ -112.0447458, 33.4505934 ], [ -112.0447429, 33.4508184 ], [ -112.0447419, 33.4508827 ] ] } },
{ "type": "Feature", "properties": { "name": null, "highway": "footway" }, "geometry": { "type": "LineString", "coordinates": [ [ -112.0454646, 33.4505169 ], [ -112.0454223, 33.4505171 ], [ -112.0453776, 33.4505155 ], [ -112.0453224, 33.4505098 ], [ -112.0452711, 33.4505041 ], [ -112.0451901, 33.450502 ], [ -112.0451194, 33.450506 ], [ -112.045037, 33.4505136 ], [ -112.0449929, 33.4505136 ], [ -112.0449366, 33.4505141 ], [ -112.0449013, 33.4505132 ], [ -112.044844, 33.4505099 ], [ -112.044796, 33.4505067 ], [ -112.0447486, 33.4504992 ], [ -112.0447215, 33.4504964 ], [ -112.0446863, 33.4504951 ], [ -112.0446547, 33.450501 ], [ -112.0446262, 33.450510199999989 ], [ -112.0446061, 33.4505149 ], [ -112.044391, 33.4505131 ], [ -112.0443531, 33.4505092 ], [ -112.0443113, 33.4505014 ], [ -112.0441967, 33.4504804 ], [ -112.0441597, 33.4504846 ], [ -112.0441056, 33.450491099999986 ], [ -112.0440392, 33.4505047 ], [ -112.043991, 33.4505069 ], [ -112.0439467, 33.4505096 ], [ -112.0438933, 33.4505145 ], [ -112.0438385, 33.4505096 ], [ -112.0437799, 33.4504993 ], [ -112.0437259, 33.4504971 ], [ -112.0436568, 33.450488399999983 ], [ -112.0435949, 33.4504873 ], [ -112.0435357, 33.4504862 ], [ -112.0434806, 33.4504906 ] ] } },
{ "type": "Feature", "properties": { "name": null, "highway": "footway" }, "geometry": { "type": "LineString", "coordinates": [ [ -112.0456366, 33.4505014 ], [ -112.0456365, 33.4505241 ] ] } },
{ "type": "Feature", "properties": { "name": null, "highway": "footway" }, "geometry": { "type": "LineString", "coordinates": [ [ -112.0454622, 33.450932 ], [ -112.0454746, 33.4509395 ], [ -112.0454808, 33.4509526 ], [ -112.045477, 33.4513023 ], [ -112.0454525, 33.45131760000001 ], [ -112.0454398, 33.4513255 ], [ -112.0452934, 33.451325 ], [ -112.0450542, 33.4513228 ], [ -112.04500950000002, 33.4513224 ], [ -112.0446307, 33.4513251 ], [ -112.0441063, 33.4513204 ], [ -112.0434896, 33.4513262 ], [ -112.0434793, 33.4513173 ], [ -112.0434612, 33.4513018 ], [ -112.0434652, 33.450907 ], [ -112.0434655, 33.4508785 ], [ -112.0434779, 33.4508647 ], [ -112.0434806, 33.4504906 ], [ -112.043484, 33.4500202 ], [ -112.0435017, 33.4500194 ], [ -112.0435489, 33.4500225 ], [ -112.0435891, 33.4500256 ], [ -112.0436497, 33.4500296 ], [ -112.0436905, 33.4500314 ], [ -112.043727, 33.4500305 ], [ -112.043766100000013, 33.4500265 ], [ -112.043807500000014, 33.4500194 ], [ -112.0438434, 33.4500185 ], [ -112.0439169, 33.4500234 ], [ -112.0440368, 33.4500316 ], [ -112.0440964, 33.450031599999988 ], [ -112.0442003, 33.4500327 ], [ -112.0441967, 33.4504804 ], [ -112.0441988, 33.4508776 ] ] } },
{ "type": "Feature", "properties": { "name": null, "highway": "footway" }, "geometry": { "type": "LineString", "coordinates": [ [ -112.0454622, 33.450932 ], [ -112.0454626, 33.4509007 ], [ -112.0454628, 33.4508838 ] ] } },
{ "type": "Feature", "properties": { "name": null, "highway": "service" }, "geometry": { "type": "LineString", "coordinates": [ [ -112.0450525, 33.4514217 ], [ -112.0450542, 33.4513228 ], [ -112.0450543, 33.4513188 ], [ -112.0450573, 33.4511476 ] ] } },
{ "type": "Feature", "properties": { "name": null, "highway": "footway" }, "geometry": { "type": "LineString", "coordinates": [ [ -112.0454525, 33.45131760000001 ], [ -112.04547, 33.45133 ] ] } },
{ "type": "Feature", "properties": { "name": null, "highway": "footway" }, "geometry": { "type": "LineString", "coordinates": [ [ -112.0456228, 33.451330299999988 ], [ -112.0456363, 33.4513212 ] ] } },
{ "type": "Feature", "properties": { "name": "East Van Buren Street", "highway": "primary" }, "geometry": { "type": "LineString", "coordinates": [ [ -112.044097, 33.4514217 ], [ -112.0444567, 33.4514226 ], [ -112.0450525, 33.4514217 ], [ -112.0454731, 33.4514211 ], [ -112.0455455, 33.451421 ], [ -112.045622, 33.4514213 ], [ -112.0465836, 33.4514256 ], [ -112.0467083, 33.4514261 ], [ -112.0468609, 33.4514254 ], [ -112.0471105, 33.4514243 ] ] } },
{ "type": "Feature", "properties": { "name": null, "highway": "footway" }, "geometry": { "type": "LineString", "coordinates": [ [ -112.0476026, 33.4505096 ], [ -112.0475825, 33.4505269 ] ] } },
{ "type": "Feature", "properties": { "name": null, "highway": "service" }, "geometry": { "type": "LineString", "coordinates": [ [ -112.047444, 33.4508132 ], [ -112.0474574, 33.450615 ], [ -112.0475012, 33.4505589 ], [ -112.0475043, 33.4505106 ], [ -112.0475083, 33.4504487 ] ] } },
{ "type": "Feature", "properties": { "name": null, "highway": "service" }, "geometry": { "type": "LineString", "coordinates": [ [ -112.0477215, 33.4509765 ], [ -112.0476049, 33.4509784 ], [ -112.0475518, 33.4509792 ], [ -112.047445100000019, 33.4509866 ] ] } },
{ "type": "Feature", "properties": { "name": "North 16th Street", "highway": "secondary" }, "geometry": { "type": "LineString", "coordinates": [ [ -112.047723, 33.4509011 ], [ -112.047723, 33.4509203 ], [ -112.0477215, 33.4509765 ], [ -112.0477117, 33.4513113 ], [ -112.047704, 33.451421599999989 ] ] } },
{ "type": "Feature", "properties": { "name": null, "highway": "footway" }, "geometry": { "type": "LineString", "coordinates": [ [ -112.0475849, 33.451312 ], [ -112.0475759, 33.4513045 ] ] } },
{ "type": "Feature", "properties": { "name": null, "highway": "footway" }, "geometry": { "type": "LineString", "coordinates": [ [ -112.0478647, 33.4513066 ], [ -112.0478557, 33.451310599999985 ] ] } },
{ "type": "Feature", "properties": { "name": null, "highway": "footway" }, "geometry": { "type": "LineString", "coordinates": [ [ -112.0478424, 33.451531 ], [ -112.0477001, 33.4515308 ], [ -112.0475711, 33.4515306 ], [ -112.0475779, 33.4514222 ], [ -112.0475849, 33.451312 ], [ -112.0477117, 33.4513113 ], [ -112.0478557, 33.451310599999985 ], [ -112.047849, 33.4514211 ], [ -112.0478424, 33.451531 ] ] } },
{ "type": "Feature", "properties": { "name": null, "highway": "footway" }, "geometry": { "type": "LineString", "coordinates": [ [ -112.0478424, 33.451531 ], [ -112.047851, 33.4515355 ] ] } },
{ "type": "Feature", "properties": { "name": null, "highway": "footway" }, "geometry": { "type": "LineString", "coordinates": [ [ -112.0475711, 33.4515306 ], [ -112.0475604, 33.4515441 ] ] } },
{ "type": "Feature", "properties": { "name": "North 16th Street", "highway": "secondary" }, "geometry": { "type": "LineString", "coordinates": [ [ -112.047704, 33.451421599999989 ], [ -112.0477001, 33.4515308 ], [ -112.047699, 33.451912 ], [ -112.0476989, 33.4519357 ], [ -112.047698, 33.4520888 ] ] } },
{ "type": "Feature", "properties": { "name": null, "highway": "footway" }, "geometry": { "type": "LineString", "coordinates": [ [ -112.0454765, 33.4515231 ], [ -112.0454731, 33.4514211 ], [ -112.04547, 33.45133 ] ] } },
{ "type": "Feature", "properties": { "name": null, "highway": "footway" }, "geometry": { "type": "LineString", "coordinates": [ [ -112.04547, 33.45133 ], [ -112.0455467, 33.4513302 ], [ -112.0456228, 33.451330299999988 ], [ -112.045622, 33.4514213 ], [ -112.04562110000002, 33.4515227 ] ] } },
{ "type": "Feature", "properties": { "name": null, "highway": "footway" }, "geometry": { "type": "LineString", "coordinates": [ [ -112.04562110000002, 33.4515227 ], [ -112.045547, 33.4515229 ], [ -112.0454765, 33.4515231 ] ] } },
{ "type": "Feature", "properties": { "name": null, "highway": "footway" }, "geometry": { "type": "LineString", "coordinates": [ [ -112.0454765, 33.4515231 ], [ -112.0454635, 33.4515364 ] ] } },
{ "type": "Feature", "properties": { "name": null, "highway": "footway" }, "geometry": { "type": "LineString", "coordinates": [ [ -112.04562110000002, 33.4515227 ], [ -112.0456312, 33.4515347 ] ] } },
{ "type": "Feature", "properties": { "name": "North 17th Street", "highway": "residential" }, "geometry": { "type": "LineString", "coordinates": [ [ -112.0455541, 33.4483608 ], [ -112.045554, 33.4484385 ], [ -112.045554, 33.448454 ], [ -112.0455558, 33.4489226 ], [ -112.0455577, 33.4494568 ], [ -112.0455597, 33.449956 ], [ -112.0455549, 33.4504531 ], [ -112.0455546, 33.4509004 ], [ -112.045547, 33.4513076 ], [ -112.0455467, 33.4513302 ], [ -112.0455455, 33.451421 ], [ -112.045547, 33.4515229 ], [ -112.0455481, 33.4515694 ], [ -112.0455539, 33.4519096 ], [ -112.0455533, 33.452864 ], [ -112.0455533, 33.4529318 ], [ -112.0455533, 33.4529937 ], [ -112.045553, 33.4533577 ], [ -112.045553, 33.4534638 ], [ -112.0455525, 33.4538176 ], [ -112.0455525, 33.454133 ], [ -112.0455525, 33.4541902 ], [ -112.0455525, 33.4542512 ], [ -112.0455521, 33.4549843 ], [ -112.0455626, 33.4550168 ], [ -112.0455822, 33.4550775 ] ] } },
{ "type": "Feature", "properties": { "name": null, "highway": "service" }, "geometry": { "type": "LineString", "coordinates": [ [ -112.046715, 33.451920200000011 ], [ -112.0466461, 33.4519186 ], [ -112.0461527, 33.4519074 ], [ -112.0456167, 33.4519094 ], [ -112.0455539, 33.4519096 ], [ -112.0454853, 33.4519099 ], [ -112.0445332, 33.4519134 ], [ -112.0444661, 33.4519137 ] ] } },
{ "type": "Feature", "properties": { "name": null, "highway": "footway" }, "geometry": { "type": "LineString", "coordinates": [ [ -112.0454315, 33.4528768 ], [ -112.0447249, 33.452879 ], [ -112.0445917, 33.4528793 ], [ -112.0445715, 33.4528729 ], [ -112.0445545, 33.4528627 ], [ -112.0445436, 33.452848699999983 ], [ -112.0445359, 33.4528296 ], [ -112.0445348, 33.4525519 ], [ -112.0445332, 33.4519134 ], [ -112.044533, 33.4518358 ], [ -112.0445306, 33.451551 ], [ -112.0445396, 33.4515348 ], [ -112.044545, 33.4515302 ], [ -112.044555, 33.4515217 ], [ -112.0445862, 33.4515262 ], [ -112.0451948, 33.4515283 ], [ -112.0454317, 33.4515289 ], [ -112.0454635, 33.4515364 ], [ -112.0454816, 33.4515527 ], [ -112.0454871, 33.4517642 ], [ -112.0454853, 33.4518917 ], [ -112.0454853, 33.4519099 ], [ -112.0454849, 33.452114299999984 ], [ -112.0454847, 33.4525588 ], [ -112.0454847, 33.4528291 ], [ -112.045475, 33.4528508 ], [ -112.0454654, 33.4528595 ], [ -112.0454602, 33.4528641 ], [ -112.0454315, 33.4528768 ] ] } },
{ "type": "Feature", "properties": { "name": null, "highway": "footway" }, "geometry": { "type": "LineString", "coordinates": [ [ -112.045471, 33.4528636 ], [ -112.0454654, 33.4528595 ] ] } },
{ "type": "Feature", "properties": { "name": null, "highway": "footway" }, "geometry": { "type": "LineString", "coordinates": [ [ -112.0456393, 33.4528592 ], [ -112.045634, 33.45286440000001 ] ] } },
{ "type": "Feature", "properties": { "name": null, "highway": "service" }, "geometry": { "type": "LineString", "coordinates": [ [ -112.0474547, 33.4514228 ], [ -112.0474526, 33.451326 ], [ -112.047445100000019, 33.4509866 ], [ -112.0472935, 33.450963299999984 ], [ -112.0471258, 33.4509648 ], [ -112.0470645, 33.4509654 ], [ -112.0470645, 33.4511595 ], [ -112.0471008, 33.4512859 ], [ -112.0471036, 33.4513263 ], [ -112.0471105, 33.4514243 ] ] } },
{ "type": "Feature", "properties": { "name": "East Van Buren Street", "highway": "primary" }, "geometry": { "type": "LineString", "coordinates": [ [ -112.0471105, 33.4514243 ], [ -112.047203600000017, 33.4514239 ], [ -112.0474547, 33.4514228 ], [ -112.0475779, 33.4514222 ], [ -112.047704, 33.451421599999989 ] ] } },
{ "type": "Feature", "properties": { "name": null, "highway": "footway" }, "geometry": { "type": "LineString", "coordinates": [ [ -112.046626100000012, 33.4515153 ], [ -112.0467095, 33.4515167 ], [ -112.0467925, 33.451518 ] ] } },
{ "type": "Feature", "properties": { "name": null, "highway": "footway" }, "geometry": { "type": "LineString", "coordinates": [ [ -112.046626100000012, 33.4515153 ], [ -112.0466146, 33.4515275 ] ] } },
{ "type": "Feature", "properties": { "name": null, "highway": "footway" }, "geometry": { "type": "LineString", "coordinates": [ [ -112.0468058, 33.451529 ], [ -112.0467925, 33.451518 ] ] } },
{ "type": "Feature", "properties": { "name": null, "highway": "service" }, "geometry": { "type": "LineString", "coordinates": [ [ -112.0473683, 33.45211 ], [ -112.0473699, 33.4518804 ], [ -112.0473335, 33.4518315 ], [ -112.0472748, 33.4517865 ], [ -112.047222500000018, 33.4517085 ], [ -112.047175, 33.4516556 ], [ -112.0470466, 33.4516582 ], [ -112.0469531, 33.4517614 ], [ -112.0469309, 33.4518328 ] ] } },
{ "type": "Feature", "properties": { "name": null, "highway": "service" }, "geometry": { "type": "LineString", "coordinates": [ [ -112.0476979, 33.4521158 ], [ -112.0475817, 33.4521138 ], [ -112.0473683, 33.45211 ], [ -112.0473208, 33.45210920000001 ], [ -112.0471021, 33.4521264 ], [ -112.0467794, 33.4521253 ], [ -112.0467178, 33.452125100000011 ] ] } },
{ "type": "Feature", "properties": { "name": "North 16th Place", "highway": "residential" }, "geometry": { "type": "LineString", "coordinates": [ [ -112.0467083, 33.4514261 ], [ -112.0467095, 33.4515167 ], [ -112.04671, 33.451550699999984 ], [ -112.046715, 33.451920200000011 ], [ -112.0467178, 33.452125100000011 ], [ -112.0467189, 33.4522053 ], [ -112.0467137, 33.4528639 ], [ -112.0467132, 33.4529271 ] ] } },
{ "type": "Feature", "properties": { "name": null, "highway": "footway" }, "geometry": { "type": "LineString", "coordinates": [ [ -112.0456098, 33.4515524 ], [ -112.0456164, 33.4516135 ], [ -112.0456168, 33.4516747 ], [ -112.0456167, 33.4519094 ], [ -112.0456167, 33.4520038 ], [ -112.0456179, 33.4525739 ], [ -112.0456178, 33.4528274 ], [ -112.045623, 33.4528458 ], [ -112.0456336, 33.452855399999983 ], [ -112.0456393, 33.4528592 ], [ -112.0456523, 33.452868 ], [ -112.0456778, 33.4528738 ], [ -112.0459563, 33.4528736 ], [ -112.046166, 33.452873099999984 ], [ -112.0465949, 33.4528721 ], [ -112.0466231, 33.4528645 ], [ -112.0466315, 33.452858099999986 ], [ -112.0466395, 33.452852 ], [ -112.0466493, 33.452836 ], [ -112.0466489, 33.452818700000016 ], [ -112.0466477, 33.4523566 ], [ -112.0466465, 33.451959299999984 ], [ -112.0466461, 33.4519186 ], [ -112.0466449, 33.4518041 ], [ -112.0466425, 33.4515498 ], [ -112.0466365, 33.4515342 ], [ -112.0466241, 33.4515278 ], [ -112.0466146, 33.4515275 ], [ -112.0465807, 33.4515266 ], [ -112.0457652, 33.4515289 ], [ -112.045654, 33.4515272 ], [ -112.0456312, 33.4515347 ], [ -112.0456098, 33.4515524 ] ] } },
{ "type": "Feature", "properties": { "name": null, "highway": "footway" }, "geometry": { "type": "LineString", "coordinates": [ [ -112.0469201, 33.4528715 ], [ -112.0468703, 33.4528716 ], [ -112.0468319, 33.4528705 ], [ -112.0468114, 33.452864899999987 ], [ -112.0468029, 33.4528584 ], [ -112.046794500000019, 33.4528521 ], [ -112.0467841, 33.4528345 ], [ -112.04678, 33.4527946 ], [ -112.0467794, 33.4521253 ], [ -112.0467793, 33.4520263 ], [ -112.0467782, 33.4517601 ], [ -112.0467812, 33.4515415 ], [ -112.0467919, 33.4515323 ], [ -112.0468058, 33.451529 ], [ -112.046814, 33.451527 ], [ -112.0468438, 33.451527 ], [ -112.0474863, 33.4515265 ], [ -112.0475274, 33.4515305 ], [ -112.0475604, 33.4515441 ], [ -112.0475746, 33.45155 ], [ -112.0475967, 33.4515704 ], [ -112.047596, 33.4515998 ], [ -112.0475581, 33.4517826 ], [ -112.0475537, 33.4518915 ], [ -112.0475588, 33.4519109 ], [ -112.0475588, 33.4519556 ], [ -112.04755280000002, 33.4519672 ], [ -112.0475823, 33.4520811 ], [ -112.0475817, 33.4521138 ], [ -112.0475797, 33.4522257 ], [ -112.047576, 33.4525147 ], [ -112.0475726, 33.4528097 ], [ -112.0475707, 33.4528331 ], [ -112.0475651, 33.4528487 ], [ -112.0475565, 33.4528559 ], [ -112.047548800000015, 33.4528623 ], [ -112.047517, 33.452869 ], [ -112.0469201, 33.4528715 ] ] } },
{ "type": "Feature", "properties": { "name": null, "highway": "service" }, "geometry": { "type": "LineString", "coordinates": [ [ -112.0461668, 33.4529282 ], [ -112.046166, 33.452873099999984 ], [ -112.0461569, 33.4522092 ], [ -112.0461555, 33.4521092 ], [ -112.0461527, 33.4519074 ] ] } },
{ "type": "Feature", "properties": { "name": null, "highway": "footway" }, "geometry": { "type": "LineString", "coordinates": [ [ -112.0466315, 33.452858099999986 ], [ -112.0466412, 33.452863699999988 ] ] } },
{ "type": "Feature", "properties": { "name": null, "highway": "footway" }, "geometry": { "type": "LineString", "coordinates": [ [ -112.0468029, 33.4528584 ], [ -112.0467939, 33.4528642 ] ] } },
{ "type": "Feature", "properties": { "name": null, "highway": "footway" }, "geometry": { "type": "LineString", "coordinates": [ [ -112.0466412, 33.452863699999988 ], [ -112.0467137, 33.4528639 ], [ -112.0467939, 33.4528642 ] ] } },
{ "type": "Feature", "properties": { "name": null, "highway": "footway" }, "geometry": { "type": "LineString", "coordinates": [ [ -112.0466322, 33.4529745 ], [ -112.046636, 33.4529273 ], [ -112.0466412, 33.452863699999988 ] ] } },
{ "type": "Feature", "properties": { "name": "East Polk Street", "highway": "residential" }, "geometry": { "type": "LineString", "coordinates": [ [ -112.047683800000016, 33.4529258 ], [ -112.0475619, 33.4529256 ], [ -112.0475247, 33.4529256 ], [ -112.047267500000018, 33.4529254 ], [ -112.0472105, 33.4529253 ], [ -112.0467132, 33.4529271 ], [ -112.046636, 33.4529273 ], [ -112.0461668, 33.4529282 ], [ -112.0456351, 33.45293130000001 ], [ -112.0455533, 33.4529318 ], [ -112.0454703, 33.4529323 ], [ -112.045004, 33.452935 ], [ -112.0445502, 33.4529376 ], [ -112.0444729, 33.452938100000011 ] ] } },
{ "type": "Feature", "properties": { "name": null, "highway": "footway" }, "geometry": { "type": "LineString", "coordinates": [ [ -112.0466319, 33.4529825 ], [ -112.0466322, 33.4529745 ] ] } },
{ "type": "Feature", "properties": { "name": null, "highway": "service" }, "geometry": { "type": "LineString", "coordinates": [ [ -112.0467132, 33.4529271 ], [ -112.0467061, 33.4529813 ], [ -112.046685, 33.4531895 ] ] } },
{ "type": "Feature", "properties": { "name": null, "highway": "service" }, "geometry": { "type": "LineString", "coordinates": [ [ -112.046685, 33.4531895 ], [ -112.0466131, 33.4532521 ] ] } },
{ "type": "Feature", "properties": { "name": null, "highway": "service" }, "geometry": { "type": "LineString", "coordinates": [ [ -112.0466434, 33.4534623 ], [ -112.0466952, 33.4534257 ], [ -112.0467122, 33.453249 ], [ -112.046685, 33.4531895 ] ] } },
{ "type": "Feature", "properties": { "name": null, "highway": "service" }, "geometry": { "type": "LineString", "coordinates": [ [ -112.0476968, 33.4521782 ], [ -112.0478094, 33.452177 ], [ -112.0478314, 33.4521778 ], [ -112.0480122, 33.4521755 ] ] } },
{ "type": "Feature", "properties": { "name": null, "highway": "service" }, "geometry": { "type": "LineString", "coordinates": [ [ -112.0476925, 33.4524235 ], [ -112.0478041, 33.4524234 ], [ -112.0478299, 33.4524192 ], [ -112.0480095, 33.45239 ], [ -112.0480122, 33.4521755 ], [ -112.0480144, 33.4520137 ] ] } },
{ "type": "Feature", "properties": { "name": null, "highway": "service" }, "geometry": { "type": "LineString", "coordinates": [ [ -112.0476875, 33.452712199999986 ], [ -112.0477991, 33.4527112 ], [ -112.047827, 33.4527144 ], [ -112.0478945, 33.4527223 ], [ -112.047894400000018, 33.4525244 ] ] } },
{ "type": "Feature", "properties": { "name": null, "highway": "service" }, "geometry": { "type": "LineString", "coordinates": [ [ -112.0478945, 33.4527223 ], [ -112.0479949, 33.4527249 ], [ -112.048064, 33.4527038 ], [ -112.0480999, 33.4526483 ], [ -112.0480979, 33.4525781 ] ] } },
{ "type": "Feature", "properties": { "name": null, "highway": "footway" }, "geometry": { "type": "LineString", "coordinates": [ [ -112.0477969, 33.452835 ], [ -112.047789100000017, 33.4528359 ] ] } },
{ "type": "Feature", "properties": { "name": null, "highway": "footway" }, "geometry": { "type": "LineString", "coordinates": [ [ -112.047789100000017, 33.4528359 ], [ -112.0476851, 33.4528485 ], [ -112.0475628, 33.4528634 ] ] } },
{ "type": "Feature", "properties": { "name": null, "highway": "footway" }, "geometry": { "type": "LineString", "coordinates": [ [ -112.0475565, 33.4528559 ], [ -112.0475628, 33.4528634 ] ] } },
{ "type": "Feature", "properties": { "name": null, "highway": "footway" }, "geometry": { "type": "LineString", "coordinates": [ [ -112.047561, 33.452988 ], [ -112.0475619, 33.4529256 ], [ -112.0475628, 33.4528634 ] ] } },
{ "type": "Feature", "properties": { "name": null, "highway": "footway" }, "geometry": { "type": "LineString", "coordinates": [ [ -112.047561, 33.452988 ], [ -112.0475522, 33.4529966 ] ] } },
{ "type": "Feature", "properties": { "name": "North 16th Street", "highway": "secondary" }, "geometry": { "type": "LineString", "coordinates": [ [ -112.047698, 33.4520888 ], [ -112.0476979, 33.4521158 ], [ -112.0476968, 33.4521782 ], [ -112.0476925, 33.4524235 ], [ -112.0476875, 33.452712199999986 ], [ -112.0476851, 33.4528485 ], [ -112.047683800000016, 33.4529258 ], [ -112.0476828, 33.4530471 ], [ -112.0476942, 33.4537397 ], [ -112.0476971, 33.4538087 ], [ -112.0476901, 33.4543284 ] ] } },
{ "type": "Feature", "properties": { "name": null, "highway": "footway" }, "geometry": { "type": "LineString", "coordinates": [ [ -112.0456361, 33.4529933 ], [ -112.0455533, 33.4529937 ], [ -112.0454697, 33.4529941 ], [ -112.0454703, 33.4529323 ], [ -112.045471, 33.4528636 ], [ -112.0455533, 33.452864 ], [ -112.045634, 33.45286440000001 ], [ -112.0456351, 33.45293130000001 ], [ -112.0456361, 33.4529933 ] ] } },
{ "type": "Feature", "properties": { "name": null, "highway": "footway" }, "geometry": { "type": "LineString", "coordinates": [ [ -112.0454697, 33.4529941 ], [ -112.0454665, 33.4529982 ] ] } },
{ "type": "Feature", "properties": { "name": null, "highway": "footway" }, "geometry": { "type": "LineString", "coordinates": [ [ -112.0456361, 33.4529933 ], [ -112.0456435, 33.4529983 ] ] } },
{ "type": "Feature", "properties": { "name": null, "highway": "footway" }, "geometry": { "type": "LineString", "coordinates": [ [ -112.0449573, 33.4541402 ], [ -112.0447819, 33.4541413 ], [ -112.0446441, 33.454141 ], [ -112.0446004, 33.4541412 ], [ -112.044579100000021, 33.4541367 ], [ -112.0445625, 33.4541289 ], [ -112.0445579, 33.4541268 ], [ -112.04454290000001, 33.45410480000001 ], [ -112.0445391, 33.4538856 ], [ -112.04454, 33.453443900000011 ], [ -112.0445355, 33.453032 ], [ -112.0445436, 33.4530155 ], [ -112.0445556, 33.4530032 ], [ -112.0445784, 33.4529915 ], [ -112.0446025, 33.4529862 ], [ -112.0446688, 33.4529879 ], [ -112.0450329, 33.4529866 ], [ -112.0454276, 33.4529862 ], [ -112.0454468, 33.45299 ], [ -112.0454665, 33.4529982 ], [ -112.0454826, 33.453014599999989 ], [ -112.0454874, 33.4530377 ], [ -112.0454887, 33.4536505 ], [ -112.0454916, 33.4540802 ], [ -112.0454899, 33.4541081 ], [ -112.0454792, 33.4541227 ], [ -112.0454748, 33.4541262 ], [ -112.045463, 33.4541357 ], [ -112.0454361, 33.4541395 ], [ -112.0449573, 33.4541402 ] ] } },
{ "type": "Feature", "properties": { "name": null, "highway": "footway" }, "geometry": { "type": "LineString", "coordinates": [ [ -112.0456396, 33.4537836 ], [ -112.0456398, 33.453819 ], [ -112.0456401, 33.4538709 ] ] } },
{ "type": "Feature", "properties": { "name": null, "highway": "footway" }, "geometry": { "type": "LineString", "coordinates": [ [ -112.0457998, 33.4538868 ], [ -112.0458967, 33.453886399999988 ] ] } },
{ "type": "Feature", "properties": { "name": null, "highway": "footway" }, "geometry": { "type": "LineString", "coordinates": [ [ -112.0458967, 33.453886399999988 ], [ -112.0460522, 33.4538856 ], [ -112.0460851, 33.4538854 ] ] } },
{ "type": "Feature", "properties": { "name": null, "highway": "footway" }, "geometry": { "type": "LineString", "coordinates": [ [ -112.0456404, 33.4539009 ], [ -112.0456609, 33.4538983 ], [ -112.0456935, 33.4538886 ], [ -112.0457998, 33.4538868 ] ] } },
{ "type": "Feature", "properties": { "name": null, "highway": "footway" }, "geometry": { "type": "LineString", "coordinates": [ [ -112.0454748, 33.4541262 ], [ -112.0454803, 33.4541307 ] ] } },
{ "type": "Feature", "properties": { "name": null, "highway": "footway" }, "geometry": { "type": "LineString", "coordinates": [ [ -112.0454803, 33.4541307 ], [ -112.0455525, 33.454133 ], [ -112.0456194, 33.4541352 ] ] } },
{ "type": "Feature", "properties": { "name": null, "highway": "service" }, "geometry": { "type": "LineString", "coordinates": [ [ -112.0466131, 33.4532521 ], [ -112.0465979, 33.4534179 ], [ -112.0465991, 33.4534305 ], [ -112.0466434, 33.4534623 ] ] } },
{ "type": "Feature", "properties": { "name": null, "highway": "service" }, "geometry": { "type": "LineString", "coordinates": [ [ -112.0466434, 33.4534623 ], [ -112.046646, 33.4535143 ] ] } },
{ "type": "Feature", "properties": { "name": null, "highway": "service" }, "geometry": { "type": "LineString", "coordinates": [ [ -112.046384, 33.45350590000001 ], [ -112.046055900000013, 33.4535036 ] ] } },
{ "type": "Feature", "properties": { "name": null, "highway": "service" }, "geometry": { "type": "LineString", "coordinates": [ [ -112.046646, 33.4535143 ], [ -112.046384, 33.45350590000001 ], [ -112.0463864, 33.4533384 ], [ -112.0460484, 33.4533398 ], [ -112.046055900000013, 33.4535036 ], [ -112.046066, 33.4536942 ], [ -112.0467839, 33.4536856 ], [ -112.0469781, 33.4536887 ], [ -112.047124, 33.453681 ], [ -112.047138, 33.4536236 ], [ -112.0471356, 33.4535593 ], [ -112.0470939, 33.4535094 ], [ -112.046646, 33.4535143 ] ] } },
{ "type": "Feature", "properties": { "name": null, "highway": "service" }, "geometry": { "type": "LineString", "coordinates": [ [ -112.0471679, 33.4536923 ], [ -112.0475071, 33.4536932 ] ] } },
{ "type": "Feature", "properties": { "name": null, "highway": "footway" }, "geometry": { "type": "LineString", "coordinates": [ [ -112.0456396, 33.4537836 ], [ -112.0456378, 33.4537528 ], [ -112.0456242, 33.4537322 ], [ -112.0456224, 33.4536657 ], [ -112.04562, 33.4532934 ], [ -112.04561870000002, 33.4530519 ], [ -112.0456184, 33.4530306 ], [ -112.0456227, 33.4530173 ], [ -112.0456343, 33.4530034 ], [ -112.0456435, 33.4529983 ], [ -112.045653, 33.452993 ], [ -112.045671700000014, 33.4529868 ], [ -112.0456938, 33.4529849 ], [ -112.0462588, 33.4529849 ], [ -112.0466319, 33.4529825 ], [ -112.0467061, 33.4529813 ], [ -112.0468037, 33.4529814 ], [ -112.04748, 33.4529824 ], [ -112.0475248, 33.4529828 ], [ -112.0475442, 33.4529904 ], [ -112.0475522, 33.4529966 ], [ -112.0475632, 33.4530052 ], [ -112.0475699, 33.4530267 ], [ -112.0475709, 33.453143 ], [ -112.0475776, 33.453639699999982 ], [ -112.0475771, 33.453705 ], [ -112.0475796, 33.4542371 ], [ -112.0475752, 33.4544109 ], [ -112.047573, 33.4546819 ], [ -112.0475631, 33.454711399999987 ], [ -112.047546800000021, 33.4547358 ], [ -112.0475408, 33.4547411 ], [ -112.047524, 33.4547557 ], [ -112.0474983, 33.454772 ], [ -112.0474823, 33.454775 ], [ -112.0472371, 33.4547748 ], [ -112.0468286, 33.4547696 ] ] } },
{ "type": "Feature", "properties": { "name": null, "highway": "footway" }, "geometry": { "type": "LineString", "coordinates": [ [ -112.0464558, 33.4538817 ], [ -112.046524, 33.4538812 ], [ -112.0466455, 33.4538802 ] ] } },
{ "type": "Feature", "properties": { "name": null, "highway": "footway" }, "geometry": { "type": "LineString", "coordinates": [ [ -112.0463614, 33.4538832 ], [ -112.0464099, 33.4538824 ], [ -112.0464558, 33.4538817 ] ] } },
{ "type": "Feature", "properties": { "name": null, "highway": "footway" }, "geometry": { "type": "LineString", "coordinates": [ [ -112.0460851, 33.4538854 ], [ -112.0461556, 33.4538849 ], [ -112.046219, 33.4538844 ] ] } },
{ "type": "Feature", "properties": { "name": null, "highway": "footway" }, "geometry": { "type": "LineString", "coordinates": [ [ -112.046219, 33.4538844 ], [ -112.0462883, 33.453883799999986 ], [ -112.0463614, 33.4538832 ] ] } },
{ "type": "Feature", "properties": { "name": null, "highway": "footway" }, "geometry": { "type": "LineString", "coordinates": [ [ -112.0577419, 33.4514504 ], [ -112.0577312, 33.451463 ] ] } },
{ "type": "Feature", "properties": { "name": null, "highway": "footway" }, "geometry": { "type": "LineString", "coordinates": [ [ -112.0578626, 33.4514518 ], [ -112.0578701, 33.4514603 ] ] } },
{ "type": "Feature", "properties": { "name": null, "highway": "service" }, "geometry": { "type": "LineString", "coordinates": [ [ -112.0584982, 33.4513499 ], [ -112.0584983, 33.4514404 ], [ -112.0584983, 33.4514635 ], [ -112.0584986, 33.4517012 ], [ -112.0588414, 33.4516804 ], [ -112.0588674, 33.4516788 ], [ -112.0589744, 33.4516723 ] ] } },
{ "type": "Feature", "properties": { "name": null, "highway": "service" }, "geometry": { "type": "LineString", "coordinates": [ [ -112.056647600000019, 33.4518151 ], [ -112.056648, 33.4515235 ], [ -112.0566481, 33.4514414 ], [ -112.0566482, 33.4513526 ] ] } },
{ "type": "Feature", "properties": { "name": null, "highway": "service" }, "geometry": { "type": "LineString", "coordinates": [ [ -112.05683040000001, 33.4518148 ], [ -112.05682920000001, 33.4515522 ], [ -112.0568063, 33.4515235 ], [ -112.05676050000001, 33.4515235 ], [ -112.056648, 33.4515235 ] ] } },
{ "type": "Feature", "properties": { "name": null, "highway": "footway" }, "geometry": { "type": "LineString", "coordinates": [ [ -112.0571318, 33.4520688 ], [ -112.0571314, 33.4520298 ], [ -112.0571323, 33.4515399 ], [ -112.0571304, 33.4514675 ], [ -112.0571356, 33.4514553 ], [ -112.0571483, 33.4514534 ], [ -112.0571868, 33.4514547 ], [ -112.0574191, 33.4514524 ], [ -112.0574364, 33.4514419 ], [ -112.0577028, 33.4514433 ], [ -112.0577196, 33.451452 ], [ -112.0577312, 33.451463 ], [ -112.0577447, 33.451473400000012 ], [ -112.0577491, 33.4514888 ], [ -112.0577484, 33.4520555 ] ] } },
{ "type": "Feature", "properties": { "name": null, "highway": "service" }, "geometry": { "type": "LineString", "coordinates": [ [ -112.0570596, 33.451814400000011 ], [ -112.0569906, 33.4518145 ], [ -112.0569231, 33.4518146 ], [ -112.05683040000001, 33.4518148 ], [ -112.056647600000019, 33.4518151 ], [ -112.0564577, 33.4518154 ] ] } },
{ "type": "Feature", "properties": { "name": null, "highway": "footway" }, "geometry": { "type": "LineString", "coordinates": [ [ -112.0569559, 33.4519175 ], [ -112.0569222, 33.4519173 ], [ -112.0568952, 33.4519172 ] ] } },
{ "type": "Feature", "properties": { "name": null, "highway": "footway" }, "geometry": { "type": "LineString", "coordinates": [ [ -112.057132200000012, 33.4521077 ], [ -112.0571321, 33.4520908 ], [ -112.0571318, 33.4520688 ] ] } },
{ "type": "Feature", "properties": { "name": null, "highway": "service" }, "geometry": { "type": "LineString", "coordinates": [ [ -112.0574094, 33.452105 ], [ -112.0571574, 33.4520916 ], [ -112.0571321, 33.4520908 ], [ -112.0570581, 33.4520885 ] ] } },
{ "type": "Feature", "properties": { "name": null, "highway": "footway" }, "geometry": { "type": "LineString", "coordinates": [ [ -112.0558624, 33.4514513 ], [ -112.0558556, 33.4513589 ], [ -112.0558486, 33.4512808 ] ] } },
{ "type": "Feature", "properties": { "name": null, "highway": "footway" }, "geometry": { "type": "LineString", "coordinates": [ [ -112.0560058, 33.451452 ], [ -112.0559385, 33.4514517 ], [ -112.0558624, 33.4514513 ] ] } },
{ "type": "Feature", "properties": { "name": null, "highway": "footway" }, "geometry": { "type": "LineString", "coordinates": [ [ -112.0560273, 33.4514655 ], [ -112.0560058, 33.451452 ] ] } },
{ "type": "Feature", "properties": { "name": null, "highway": "footway" }, "geometry": { "type": "LineString", "coordinates": [ [ -112.0558481, 33.4514753 ], [ -112.0558624, 33.4514513 ] ] } },
{ "type": "Feature", "properties": { "name": null, "highway": "service" }, "geometry": { "type": "LineString", "coordinates": [ [ -112.0564498, 33.4513524 ], [ -112.0564513, 33.4514428 ], [ -112.0564577, 33.4518154 ] ] } },
{ "type": "Feature", "properties": { "name": null, "highway": "service" }, "geometry": { "type": "LineString", "coordinates": [ [ -112.0564577, 33.4518154 ], [ -112.0564228, 33.4519157 ], [ -112.0560981, 33.4519148 ], [ -112.0560959, 33.4518449 ], [ -112.0560884, 33.4514439 ], [ -112.0560868, 33.4513566 ] ] } },
{ "type": "Feature", "properties": { "name": null, "highway": "service" }, "geometry": { "type": "LineString", "coordinates": [ [ -112.0560959, 33.4518449 ], [ -112.0560265, 33.451845 ], [ -112.0559412, 33.4518451 ] ] } },
{ "type": "Feature", "properties": { "name": null, "highway": "footway" }, "geometry": { "type": "LineString", "coordinates": [ [ -112.0560295, 33.4520177 ], [ -112.0560265, 33.451845 ], [ -112.0560202, 33.4514786 ], [ -112.0560273, 33.4514655 ], [ -112.0560391, 33.4514439 ], [ -112.0560884, 33.4514439 ], [ -112.0563307, 33.4514437 ], [ -112.0564513, 33.4514428 ], [ -112.0566481, 33.4514414 ], [ -112.0569351, 33.451439399999984 ], [ -112.0569797, 33.4514628 ], [ -112.0569898, 33.4514943 ], [ -112.0569906, 33.4518145 ], [ -112.0569912, 33.4520534 ], [ -112.0569901, 33.4523736 ] ] } },
{ "type": "Feature", "properties": { "name": null, "highway": "footway" }, "geometry": { "type": "LineString", "coordinates": [ [ -112.0569898, 33.4524622 ], [ -112.0569896, 33.4525213 ], [ -112.0569906, 33.4528033 ], [ -112.0569767, 33.4528272 ], [ -112.0569523, 33.4528285 ], [ -112.0565319, 33.4528286 ], [ -112.0560491, 33.4528328 ], [ -112.0560368, 33.452827 ], [ -112.0560354, 33.4528167 ], [ -112.0560295, 33.4520177 ] ] } },
{ "type": "Feature", "properties": { "name": "North 12th Street", "highway": "residential" }, "geometry": { "type": "LineString", "coordinates": [ [ -112.0559379, 33.4513586 ], [ -112.0559385, 33.4514517 ], [ -112.0559388, 33.4514987 ], [ -112.0559412, 33.4518451 ], [ -112.0559424, 33.4520068 ], [ -112.0559433, 33.4521389 ], [ -112.0559481, 33.4528344 ], [ -112.0559486, 33.4529065 ], [ -112.0559489, 33.4529528 ], [ -112.0559549, 33.4538059 ], [ -112.0559553, 33.4538639 ] ] } },
{ "type": "Feature", "properties": { "name": null, "highway": "footway" }, "geometry": { "type": "LineString", "coordinates": [ [ -112.054164, 33.4514753 ], [ -112.0541604, 33.4514552 ] ] } },
{ "type": "Feature", "properties": { "name": null, "highway": "footway" }, "geometry": { "type": "LineString", "coordinates": [ [ -112.0548112, 33.45146 ], [ -112.0547366, 33.4514604 ], [ -112.0546699, 33.4514608 ] ] } },
{ "type": "Feature", "properties": { "name": null, "highway": "footway" }, "geometry": { "type": "LineString", "coordinates": [ [ -112.0546699, 33.4514608 ], [ -112.0546582, 33.4514731 ] ] } },
{ "type": "Feature", "properties": { "name": null, "highway": "footway" }, "geometry": { "type": "LineString", "coordinates": [ [ -112.05483120000001, 33.4514717 ], [ -112.0548112, 33.45146 ] ] } },
{ "type": "Feature", "properties": { "name": null, "highway": "service" }, "geometry": { "type": "LineString", "coordinates": [ [ -112.0547379, 33.451646 ], [ -112.0546586, 33.451646 ], [ -112.0546286, 33.451646 ], [ -112.0544071, 33.4516452 ] ] } },
{ "type": "Feature", "properties": { "name": null, "highway": "footway" }, "geometry": { "type": "LineString", "coordinates": [ [ -112.0558553, 33.4519801 ], [ -112.055871, 33.4528231 ], [ -112.0558687, 33.4528328 ], [ -112.0558526, 33.4528365 ], [ -112.0553276, 33.4528415 ], [ -112.055095200000011, 33.4528437 ], [ -112.0548663, 33.4528457 ], [ -112.0548494, 33.452837 ], [ -112.0548498, 33.4528145 ], [ -112.0548364, 33.4520115 ], [ -112.054828, 33.451484 ], [ -112.05483120000001, 33.4514717 ], [ -112.0548518, 33.451469 ], [ -112.0551099, 33.4514693 ], [ -112.055537, 33.4514625 ], [ -112.055548500000015, 33.4514485 ], [ -112.0558315, 33.4514495 ], [ -112.0558481, 33.4514753 ], [ -112.0558517, 33.451481 ], [ -112.0558543, 33.4518467 ], [ -112.0558553, 33.4519801 ] ] } },
{ "type": "Feature", "properties": { "name": null, "highway": "footway" }, "geometry": { "type": "LineString", "coordinates": [ [ -112.0546634, 33.4519981 ], [ -112.0546677, 33.452294 ], [ -112.0546759, 33.4527845 ], [ -112.054676900000018, 33.4528457 ], [ -112.0541665, 33.4528501 ], [ -112.0541108, 33.4528506 ], [ -112.0538394, 33.4528511 ], [ -112.0538259, 33.4528503 ], [ -112.0538217, 33.4528472 ], [ -112.0538163, 33.4528433 ], [ -112.0538156, 33.452827299999988 ], [ -112.0538037, 33.4520389 ], [ -112.053794400000015, 33.4515567 ], [ -112.053794, 33.4514941 ], [ -112.0538062, 33.4514807 ], [ -112.0538194, 33.4514662 ], [ -112.0538544, 33.4514656 ], [ -112.0541184, 33.4514641 ], [ -112.054164, 33.4514753 ], [ -112.0546337, 33.4514701 ], [ -112.0546582, 33.4514731 ], [ -112.054656800000018, 33.4515091 ], [ -112.0546586, 33.451646 ], [ -112.0546597, 33.4517283 ], [ -112.0546613, 33.4518478 ], [ -112.0546634, 33.4519981 ] ] } },
{ "type": "Feature", "properties": { "name": "North 13th Street", "highway": "residential" }, "geometry": { "type": "LineString", "coordinates": [ [ -112.0547357, 33.4513702 ], [ -112.0547366, 33.4514604 ], [ -112.054737, 33.4514882 ], [ -112.0547379, 33.451646 ], [ -112.0547399, 33.4518474 ], [ -112.0547411, 33.451883 ], [ -112.0547426, 33.4520238 ], [ -112.0547514, 33.452845499999988 ], [ -112.0547521, 33.4529142 ], [ -112.0547522, 33.452959 ], [ -112.0547541, 33.453804 ], [ -112.0547542, 33.4538685 ] ] } },
{ "type": "Feature", "properties": { "name": null, "highway": "footway" }, "geometry": { "type": "LineString", "coordinates": [ [ -112.0548494, 33.452837 ], [ -112.0548317, 33.4528452 ] ] } },
{ "type": "Feature", "properties": { "name": null, "highway": "footway" }, "geometry": { "type": "LineString", "coordinates": [ [ -112.054676900000018, 33.4528457 ], [ -112.0546985, 33.4528457 ] ] } },
{ "type": "Feature", "properties": { "name": null, "highway": "service" }, "geometry": { "type": "LineString", "coordinates": [ [ -112.0547399, 33.4518474 ], [ -112.0546613, 33.4518478 ], [ -112.0541442, 33.4518508 ], [ -112.0541665, 33.4528501 ], [ -112.054168, 33.4529156 ], [ -112.0541687, 33.45297 ], [ -112.0541792, 33.4538238 ], [ -112.054179800000014, 33.4538704 ] ] } },
{ "type": "Feature", "properties": { "name": null, "highway": "footway" }, "geometry": { "type": "LineString", "coordinates": [ [ -112.0548375, 33.4529594 ], [ -112.0547522, 33.452959 ], [ -112.0547007, 33.4529587 ], [ -112.0546998, 33.45291430000001 ], [ -112.0546985, 33.4528457 ], [ -112.0547514, 33.452845499999988 ], [ -112.0548317, 33.4528452 ], [ -112.054835200000014, 33.4529137 ], [ -112.0548375, 33.4529594 ] ] } },
{ "type": "Feature", "properties": { "name": null, "highway": "footway" }, "geometry": { "type": "LineString", "coordinates": [ [ -112.05485250000001, 33.4529691 ], [ -112.0548375, 33.4529594 ] ] } },
{ "type": "Feature", "properties": { "name": null, "highway": "footway" }, "geometry": { "type": "LineString", "coordinates": [ [ -112.0547007, 33.4529587 ], [ -112.0546796, 33.4529772 ] ] } },
{ "type": "Feature", "properties": { "name": null, "highway": "footway" }, "geometry": { "type": "LineString", "coordinates": [ [ -112.0550743, 33.4529612 ], [ -112.0553285, 33.4529595 ], [ -112.0558456, 33.4529559 ], [ -112.0558685, 33.4529603 ], [ -112.0558735, 33.45297870000001 ], [ -112.055872400000013, 33.4529918 ], [ -112.055878, 33.4537857 ], [ -112.0553449, 33.453784599999985 ], [ -112.0551035, 33.4537841 ], [ -112.0548743, 33.453784799999987 ], [ -112.0548679, 33.4537812 ], [ -112.054863, 33.4537784 ], [ -112.0548628, 33.4537634 ], [ -112.0548608, 33.4535134 ], [ -112.0548507, 33.4529761 ], [ -112.05485250000001, 33.4529691 ], [ -112.0548538, 33.4529643 ], [ -112.0548775, 33.4529622 ], [ -112.05491720000002, 33.4529629 ], [ -112.0550743, 33.4529612 ] ] } },
{ "type": "Feature", "properties": { "name": null, "highway": "footway" }, "geometry": { "type": "LineString", "coordinates": [ [ -112.0546642, 33.4538175 ], [ -112.0542177, 33.4538235 ], [ -112.0541792, 33.4538238 ], [ -112.0539138, 33.4538255 ], [ -112.0538731, 33.4538277 ], [ -112.0538542, 33.4538225 ], [ -112.0538427, 33.4538143 ], [ -112.0538347, 33.4538086 ], [ -112.0538321, 33.4537894 ], [ -112.0538166, 33.452979 ], [ -112.0538208, 33.452975 ], [ -112.0538247, 33.4529713 ], [ -112.0538548, 33.4529719 ], [ -112.054030700000013, 33.4529715 ], [ -112.0541687, 33.45297 ], [ -112.0542675, 33.4529689 ], [ -112.0546727, 33.452964799999982 ], [ -112.0546796, 33.4529772 ], [ -112.0546871, 33.4536421 ], [ -112.0546921, 33.4537848 ], [ -112.054683700000012, 33.4538035 ], [ -112.0546642, 33.4538175 ] ] } },
{ "type": "Feature", "properties": { "name": null, "highway": "footway" }, "geometry": { "type": "LineString", "coordinates": [ [ -112.0548679, 33.4537812 ], [ -112.0548453, 33.4538023 ] ] } },
{ "type": "Feature", "properties": { "name": null, "highway": "footway" }, "geometry": { "type": "LineString", "coordinates": [ [ -112.054708, 33.4538049 ], [ -112.054683700000012, 33.4538035 ] ] } },
{ "type": "Feature", "properties": { "name": null, "highway": "footway" }, "geometry": { "type": "LineString", "coordinates": [ [ -112.0548453, 33.4538023 ], [ -112.0547541, 33.453804 ], [ -112.054708, 33.4538049 ] ] } },
{ "type": "Feature", "properties": { "name": null, "highway": "footway" }, "geometry": { "type": "LineString", "coordinates": [ [ -112.0547041, 33.4539077 ], [ -112.0547056, 33.4538685 ], [ -112.054708, 33.4538049 ] ] } },
{ "type": "Feature", "properties": { "name": null, "highway": "footway" }, "geometry": { "type": "LineString", "coordinates": [ [ -112.0560368, 33.452827 ], [ -112.0560165, 33.452833099999985 ] ] } },
{ "type": "Feature", "properties": { "name": null, "highway": "footway" }, "geometry": { "type": "LineString", "coordinates": [ [ -112.0558687, 33.4528328 ], [ -112.0558838, 33.4528357 ] ] } },
{ "type": "Feature", "properties": { "name": null, "highway": "service" }, "geometry": { "type": "LineString", "coordinates": [ [ -112.0553465, 33.4538673 ], [ -112.0553449, 33.453784599999985 ], [ -112.0553285, 33.4529595 ], [ -112.055327500000018, 33.452910499999987 ], [ -112.0553276, 33.4528415 ], [ -112.0553288, 33.4521483 ], [ -112.0553264, 33.4520187 ], [ -112.055321500000019, 33.4518555 ], [ -112.055810900000012, 33.4518475 ], [ -112.0558543, 33.4518467 ], [ -112.0559412, 33.4518451 ] ] } },
{ "type": "Feature", "properties": { "name": null, "highway": "footway" }, "geometry": { "type": "LineString", "coordinates": [ [ -112.0560224, 33.452951 ], [ -112.0559489, 33.4529528 ], [ -112.0558834, 33.4529544 ], [ -112.0558836, 33.4529069 ], [ -112.0558838, 33.4528357 ], [ -112.0559481, 33.4528344 ], [ -112.0560165, 33.452833099999985 ], [ -112.0560202, 33.452906 ], [ -112.0560224, 33.452951 ] ] } },
{ "type": "Feature", "properties": { "name": null, "highway": "footway" }, "geometry": { "type": "LineString", "coordinates": [ [ -112.0558685, 33.4529603 ], [ -112.0558834, 33.4529544 ] ] } },
{ "type": "Feature", "properties": { "name": null, "highway": "footway" }, "geometry": { "type": "LineString", "coordinates": [ [ -112.0560305, 33.452964 ], [ -112.0560224, 33.452951 ] ] } },
{ "type": "Feature", "properties": { "name": null, "highway": "footway" }, "geometry": { "type": "LineString", "coordinates": [ [ -112.0560462, 33.4537827 ], [ -112.056026, 33.4538052 ] ] } },
{ "type": "Feature", "properties": { "name": null, "highway": "footway" }, "geometry": { "type": "LineString", "coordinates": [ [ -112.055878, 33.4537857 ], [ -112.0558974, 33.4538064 ] ] } },
{ "type": "Feature", "properties": { "name": null, "highway": "footway" }, "geometry": { "type": "LineString", "coordinates": [ [ -112.0558914, 33.4539047 ], [ -112.0558939, 33.4538642 ], [ -112.0558974, 33.4538064 ], [ -112.0559549, 33.4538059 ], [ -112.056026, 33.4538052 ] ] } },
{ "type": "Feature", "properties": { "name": null, "highway": "footway" }, "geometry": { "type": "LineString", "coordinates": [ [ -112.0558922, 33.4539455 ], [ -112.0558914, 33.4539047 ] ] } },
{ "type": "Feature", "properties": { "name": null, "highway": "footway" }, "geometry": { "type": "LineString", "coordinates": [ [ -112.0521191, 33.4539359 ], [ -112.0521326, 33.4539405 ] ] } },
{ "type": "Feature", "properties": { "name": null, "highway": "footway" }, "geometry": { "type": "LineString", "coordinates": [ [ -112.052274200000014, 33.453954 ], [ -112.0522599, 33.4539634 ] ] } },
{ "type": "Feature", "properties": { "name": null, "highway": "footway" }, "geometry": { "type": "LineString", "coordinates": [ [ -112.0522684, 33.4540756 ], [ -112.0521993, 33.4540654 ], [ -112.052138, 33.454056399999985 ], [ -112.0521353, 33.4539982 ], [ -112.0521326, 33.4539405 ], [ -112.0521997, 33.4539526 ], [ -112.0522599, 33.4539634 ], [ -112.0522635, 33.4540112 ], [ -112.0522684, 33.4540756 ] ] } },
{ "type": "Feature", "properties": { "name": null, "highway": "footway" }, "geometry": { "type": "LineString", "coordinates": [ [ -112.052138, 33.454056399999985 ], [ -112.052122700000012, 33.4540596 ] ] } },
{ "type": "Feature", "properties": { "name": null, "highway": "footway" }, "geometry": { "type": "LineString", "coordinates": [ [ -112.0522819, 33.4540843 ], [ -112.0522684, 33.4540756 ] ] } },
{ "type": "Feature", "properties": { "name": null, "highway": "footway" }, "geometry": { "type": "LineString", "coordinates": [ [ -112.0523957, 33.4540554 ], [ -112.0527644, 33.4540073 ], [ -112.0530014, 33.4539745 ], [ -112.0530577, 33.453971 ], [ -112.0532492, 33.4539553 ], [ -112.0534205, 33.4539454 ], [ -112.0537758, 33.4539278 ], [ -112.0538293, 33.4539262 ], [ -112.0539789, 33.453921799999982 ], [ -112.0543237, 33.4539148 ], [ -112.054354, 33.4539318 ], [ -112.0543671, 33.4539536 ], [ -112.0543622, 33.45421 ], [ -112.0543611, 33.4543454 ], [ -112.0543576, 33.4547605 ], [ -112.0543485, 33.4547715 ], [ -112.05431440000001, 33.454773400000015 ], [ -112.0523928, 33.4547649 ], [ -112.0522551, 33.4547656 ], [ -112.0522642, 33.4543424 ], [ -112.0522648, 33.454312599999987 ], [ -112.0522692, 33.4541099 ], [ -112.0522731, 33.4540971 ], [ -112.0522819, 33.4540843 ], [ -112.0522936, 33.4540751 ], [ -112.0523177, 33.4540675 ], [ -112.0523957, 33.4540554 ] ] } },
{ "type": "Feature", "properties": { "name": null, "highway": "footway" }, "geometry": { "type": "LineString", "coordinates": [ [ -112.0522551, 33.4547656 ], [ -112.0522453, 33.454787399999987 ] ] } },
{ "type": "Feature", "properties": { "name": null, "highway": "footway" }, "geometry": { "type": "LineString", "coordinates": [ [ -112.0521109, 33.4547821 ], [ -112.0521204, 33.4547965 ] ] } },
{ "type": "Feature", "properties": { "name": null, "highway": "footway" }, "geometry": { "type": "LineString", "coordinates": [ [ -112.0521214, 33.4549058 ], [ -112.052182, 33.4549034 ], [ -112.0522361, 33.4549012 ], [ -112.0522404, 33.4548482 ], [ -112.0522453, 33.454787399999987 ], [ -112.0521856, 33.4547917 ], [ -112.0521204, 33.4547965 ], [ -112.0521209, 33.4548486 ], [ -112.0521214, 33.4549058 ] ] } },
{ "type": "Feature", "properties": { "name": null, "highway": "footway" }, "geometry": { "type": "LineString", "coordinates": [ [ -112.0522361, 33.4549012 ], [ -112.0522523, 33.4549179 ] ] } },
{ "type": "Feature", "properties": { "name": null, "highway": "footway" }, "geometry": { "type": "LineString", "coordinates": [ [ -112.0545069, 33.453925 ], [ -112.0544298, 33.4539243 ], [ -112.0543674, 33.4539238 ] ] } },
{ "type": "Feature", "properties": { "name": null, "highway": "footway" }, "geometry": { "type": "LineString", "coordinates": [ [ -112.0543674, 33.4539238 ], [ -112.054354, 33.4539318 ] ] } },
{ "type": "Feature", "properties": { "name": null, "highway": "footway" }, "geometry": { "type": "LineString", "coordinates": [ [ -112.0547017, 33.4539443 ], [ -112.0547041, 33.4539077 ] ] } },
{ "type": "Feature", "properties": { "name": null, "highway": "footway" }, "geometry": { "type": "LineString", "coordinates": [ [ -112.0545091, 33.4539462 ], [ -112.0545069, 33.453925 ] ] } },
{ "type": "Feature", "properties": { "name": null, "highway": "footway" }, "geometry": { "type": "LineString", "coordinates": [ [ -112.0544866, 33.4547814 ], [ -112.0544993, 33.4547639 ] ] } },
{ "type": "Feature", "properties": { "name": null, "highway": "footway" }, "geometry": { "type": "LineString", "coordinates": [ [ -112.0543497, 33.4547801 ], [ -112.0543485, 33.4547715 ] ] } },
{ "type": "Feature", "properties": { "name": null, "highway": "footway" }, "geometry": { "type": "LineString", "coordinates": [ [ -112.0544839, 33.4548947 ], [ -112.0544223, 33.454895299999983 ], [ -112.0543497, 33.4548959 ], [ -112.0543497, 33.4548409 ], [ -112.0543497, 33.4547801 ], [ -112.0544253, 33.4547808 ], [ -112.0544866, 33.4547814 ], [ -112.054485200000016, 33.4548406 ], [ -112.0544839, 33.4548947 ] ] } },
{ "type": "Feature", "properties": { "name": "East Fillmore Street", "highway": "residential" }, "geometry": { "type": "LineString", "coordinates": [ [ -112.0620653, 33.4548347 ], [ -112.0619675, 33.4548344 ], [ -112.0606293, 33.4548302 ], [ -112.0605333, 33.4548299 ], [ -112.060416, 33.4548307 ], [ -112.0590695, 33.4548395 ], [ -112.0589586, 33.4548402 ], [ -112.0588617, 33.4548402 ], [ -112.0565336, 33.4548414 ], [ -112.0564709, 33.4548414 ], [ -112.0563954, 33.4548414 ], [ -112.054485200000016, 33.4548406 ], [ -112.054425, 33.4548406 ], [ -112.0543497, 33.4548409 ], [ -112.0522404, 33.4548482 ], [ -112.0521838, 33.45484840000001 ], [ -112.0521209, 33.4548486 ], [ -112.0499861, 33.4548538 ], [ -112.0497432, 33.4548544 ], [ -112.0489394, 33.4548493 ], [ -112.0480478, 33.4548378 ], [ -112.0478099, 33.4548347 ], [ -112.0476816, 33.4548331 ] ] } },
{ "type": "Feature", "properties": { "name": null, "highway": "footway" }, "geometry": { "type": "LineString", "coordinates": [ [ -112.0543497, 33.4548959 ], [ -112.0543397, 33.4549147 ] ] } },
{ "type": "Feature", "properties": { "name": null, "highway": "footway" }, "geometry": { "type": "LineString", "coordinates": [ [ -112.0544839, 33.4548947 ], [ -112.0544963, 33.4549146 ] ] } },
{ "type": "Feature", "properties": { "name": null, "highway": "footway" }, "geometry": { "type": "LineString", "coordinates": [ [ -112.0564064, 33.4539233 ], [ -112.0564623, 33.4539228 ], [ -112.0565308, 33.4539222 ] ] } },
{ "type": "Feature", "properties": { "name": null, "highway": "footway" }, "geometry": { "type": "LineString", "coordinates": [ [ -112.0564064, 33.4539233 ], [ -112.0563939, 33.4539489 ] ] } },
{ "type": "Feature", "properties": { "name": "East Taylor Street", "highway": "residential" }, "geometry": { "type": "LineString", "coordinates": [ [ -112.062069, 33.4538658 ], [ -112.0619658, 33.4538661 ], [ -112.0617269, 33.4538669 ], [ -112.0606036, 33.4538704 ], [ -112.0605326, 33.453870599999981 ], [ -112.06045, 33.4538705 ], [ -112.0590735, 33.4538685 ], [ -112.0589644, 33.4538683 ], [ -112.058864, 33.4538681 ], [ -112.0565249, 33.453863 ], [ -112.0564625, 33.4538631 ], [ -112.0559553, 33.4538639 ], [ -112.0558939, 33.4538642 ], [ -112.0553465, 33.4538673 ], [ -112.0547542, 33.4538685 ], [ -112.0547056, 33.4538685 ], [ -112.0544301, 33.4538685 ], [ -112.054179800000014, 33.4538704 ], [ -112.0537566, 33.45387190000001 ], [ -112.0533021, 33.4539041 ], [ -112.05305580000001, 33.453918 ], [ -112.0527322, 33.4539615 ], [ -112.0523291, 33.4540185 ], [ -112.0522635, 33.4540112 ], [ -112.0521992, 33.4540041 ], [ -112.0521353, 33.4539982 ], [ -112.0520955, 33.4539945 ], [ -112.051491400000018, 33.4540538 ], [ -112.0513297, 33.4540712 ], [ -112.0509753, 33.4541096 ], [ -112.0505695, 33.4541518 ], [ -112.0501802, 33.4541956 ], [ -112.049992, 33.454216 ], [ -112.0495139, 33.4542677 ], [ -112.0490025, 33.4543223 ], [ -112.0489428, 33.4543287 ] ] } },
{ "type": "Feature", "properties": { "name": null, "highway": "footway" }, "geometry": { "type": "LineString", "coordinates": [ [ -112.0563983, 33.4543013 ], [ -112.0563982, 33.454352 ], [ -112.0563979, 33.454755 ], [ -112.0563906, 33.4547671 ], [ -112.0563425, 33.4547626 ], [ -112.0550726, 33.4547645 ], [ -112.0545288, 33.4547646 ], [ -112.0544993, 33.4547639 ], [ -112.0544934, 33.4547476 ], [ -112.0545024, 33.4543457 ], [ -112.0545034, 33.4543002 ], [ -112.0545091, 33.4539462 ], [ -112.0547017, 33.4539443 ], [ -112.0548153, 33.4539432 ], [ -112.0550845, 33.4539458 ], [ -112.0558922, 33.4539455 ], [ -112.0563804, 33.4539453 ], [ -112.0563939, 33.4539489 ], [ -112.0563977, 33.4539611 ], [ -112.0563983, 33.4543013 ] ] } },
{ "type": "Feature", "properties": { "name": null, "highway": "footway" }, "geometry": { "type": "LineString", "coordinates": [ [ -112.0565346, 33.4547779 ], [ -112.0565474, 33.4547652 ] ] } },
{ "type": "Feature", "properties": { "name": null, "highway": "footway" }, "geometry": { "type": "LineString", "coordinates": [ [ -112.056396400000011, 33.454779 ], [ -112.0563906, 33.4547671 ] ] } },
{ "type": "Feature", "properties": { "name": null, "highway": "footway" }, "geometry": { "type": "LineString", "coordinates": [ [ -112.0565327, 33.4548969 ], [ -112.0564701, 33.4548966 ], [ -112.0563945, 33.4548963 ], [ -112.0563954, 33.4548414 ], [ -112.056396400000011, 33.454779 ], [ -112.0564696, 33.4547784 ], [ -112.0565346, 33.4547779 ], [ -112.0565336, 33.4548414 ], [ -112.0565327, 33.4548969 ] ] } },
{ "type": "Feature", "properties": { "name": null, "highway": "footway" }, "geometry": { "type": "LineString", "coordinates": [ [ -112.0563945, 33.4548963 ], [ -112.0563891, 33.4549166 ] ] } },
{ "type": "Feature", "properties": { "name": null, "highway": "footway" }, "geometry": { "type": "LineString", "coordinates": [ [ -112.0565328, 33.4549191 ], [ -112.0565327, 33.4548969 ] ] } },
{ "type": "Feature", "properties": { "name": null, "highway": "footway" }, "geometry": { "type": "LineString", "coordinates": [ [ -112.0550971, 33.4557395 ], [ -112.0544894, 33.455741 ], [ -112.054473, 33.4557372 ], [ -112.0544689, 33.4557236 ], [ -112.0544786, 33.4553213 ], [ -112.0544882, 33.4549199 ], [ -112.0544963, 33.4549146 ], [ -112.0545446, 33.4549164 ], [ -112.0551554, 33.4549144 ], [ -112.0563741, 33.4549154 ], [ -112.0563891, 33.4549166 ], [ -112.0563936, 33.4549291 ], [ -112.0563925, 33.4553212 ], [ -112.0563918, 33.455597 ], [ -112.0563917, 33.4557281 ], [ -112.0563823, 33.4557398 ], [ -112.055664, 33.4557429 ], [ -112.0550971, 33.4557395 ] ] } },
{ "type": "Feature", "properties": { "name": null, "highway": "footway" }, "geometry": { "type": "LineString", "coordinates": [ [ -112.0577433, 33.4529663 ], [ -112.0577429, 33.452943899999987 ] ] } },
{ "type": "Feature", "properties": { "name": null, "highway": "footway" }, "geometry": { "type": "LineString", "coordinates": [ [ -112.0578772, 33.4529664 ], [ -112.0577433, 33.4529663 ], [ -112.0571144, 33.4529659 ], [ -112.05656, 33.4529655 ], [ -112.0565305, 33.4529575 ], [ -112.0565037, 33.4529503 ], [ -112.056063300000019, 33.45295380000001 ], [ -112.0560391, 33.4529552 ], [ -112.0560305, 33.452964 ], [ -112.0560319, 33.4529771 ], [ -112.0560417, 33.4537743 ], [ -112.0560462, 33.4537827 ], [ -112.0560589, 33.4537838 ], [ -112.0565258, 33.4537849 ], [ -112.0572212, 33.4537865 ], [ -112.0578574, 33.4537836 ], [ -112.0588649, 33.4537859 ], [ -112.058863800000012, 33.4533781 ], [ -112.0588627, 33.4529633 ], [ -112.0578772, 33.4529664 ] ] } },
{ "type": "Feature", "properties": { "name": null, "highway": "footway" }, "geometry": { "type": "LineString", "coordinates": [ [ -112.0565403, 33.4539414 ], [ -112.0565308, 33.4539222 ] ] } },
{ "type": "Feature", "properties": { "name": null, "highway": "service" }, "geometry": { "type": "LineString", "coordinates": [ [ -112.0620686, 33.4543455 ], [ -112.061966, 33.4543458 ], [ -112.060628, 33.4543496 ], [ -112.060533, 33.4543499 ], [ -112.0604125, 33.4543497 ], [ -112.0590701, 33.4543479 ], [ -112.0589622, 33.4543477 ], [ -112.0588627, 33.4543479 ], [ -112.0565368, 33.4543521 ], [ -112.056461, 33.454352199999988 ], [ -112.0563982, 33.454352 ], [ -112.0545024, 33.4543457 ], [ -112.0544272, 33.4543455 ], [ -112.0543611, 33.4543454 ], [ -112.0522642, 33.4543424 ], [ -112.0522, 33.454342299999986 ] ] } },
{ "type": "Feature", "properties": { "name": null, "highway": "footway" }, "geometry": { "type": "LineString", "coordinates": [ [ -112.058863, 33.4541741 ], [ -112.0588627, 33.4543479 ], [ -112.0588617, 33.4547654 ], [ -112.05874, 33.4547637 ], [ -112.0578371, 33.454765 ], [ -112.0566045, 33.4547655 ], [ -112.0565643, 33.4547668 ], [ -112.0565474, 33.4547652 ], [ -112.056537, 33.4547559 ], [ -112.0565345, 33.454746399999983 ], [ -112.0565368, 33.4543521 ], [ -112.0565373, 33.4542664 ], [ -112.0565376, 33.4539533 ], [ -112.0565403, 33.4539414 ], [ -112.056576, 33.4539466 ], [ -112.0578308, 33.4539465 ], [ -112.0588648, 33.4539462 ], [ -112.058863, 33.4541741 ] ] } },
{ "type": "Feature", "properties": { "name": null, "highway": "footway" }, "geometry": { "type": "LineString", "coordinates": [ [ -112.057823, 33.4549199 ], [ -112.0565489, 33.4549201 ], [ -112.0565328, 33.4549191 ], [ -112.0565321, 33.4549345 ], [ -112.0565314, 33.4553213 ], [ -112.056531, 33.4555629 ], [ -112.0565301, 33.4557278 ], [ -112.0565416, 33.4557371 ], [ -112.0565473, 33.4557418 ], [ -112.0576388, 33.4557403 ], [ -112.0578361, 33.4557413 ], [ -112.0588622, 33.4557403 ], [ -112.058861800000017, 33.4553258 ], [ -112.058861400000012, 33.4549203 ], [ -112.057823, 33.4549199 ] ] } },
{ "type": "Feature", "properties": { "name": null, "highway": "footway" }, "geometry": { "type": "LineString", "coordinates": [ [ -112.0578684, 33.4558793 ], [ -112.0588583, 33.4558758 ], [ -112.0588592, 33.4562904 ], [ -112.0588599, 33.456625699999989 ], [ -112.0588597, 33.4566996 ], [ -112.0581621, 33.4566995 ], [ -112.0565422, 33.4567001 ], [ -112.0565345, 33.4566969 ], [ -112.0565291, 33.4566947 ], [ -112.0565269, 33.456682 ], [ -112.0565284, 33.4565699 ], [ -112.0565286, 33.4562945 ], [ -112.0565288, 33.4558934 ], [ -112.0565401, 33.455884399999988 ], [ -112.0565496, 33.4558768 ], [ -112.0568177, 33.4558772 ], [ -112.0572155, 33.4558774 ], [ -112.0578684, 33.4558793 ] ] } },
{ "type": "Feature", "properties": { "name": "East McKinley Street", "highway": "residential" }, "geometry": { "type": "LineString", "coordinates": [ [ -112.062070600000013, 33.4567673 ], [ -112.0619653, 33.4567679 ], [ -112.0607468, 33.4567751 ], [ -112.0606877, 33.4567755 ], [ -112.0606118, 33.4567754 ], [ -112.0590651, 33.456773 ], [ -112.0589558, 33.4567728 ], [ -112.0588588, 33.4567725 ], [ -112.057657, 33.4567688 ], [ -112.056518200000014, 33.4567689 ], [ -112.0564537, 33.4567689 ], [ -112.056399, 33.4567691 ], [ -112.0544281, 33.4567756 ], [ -112.0543713, 33.4567758 ], [ -112.0543107, 33.4567754 ], [ -112.0541356, 33.4567744 ], [ -112.0538205, 33.4567725 ] ] } },
{ "type": "Feature", "properties": { "name": null, "highway": "footway" }, "geometry": { "type": "LineString", "coordinates": [ [ -112.0588562, 33.4568417 ], [ -112.0565406, 33.4568426 ], [ -112.0565323, 33.4568467 ], [ -112.0565268, 33.4568494 ], [ -112.0565248, 33.4568648 ], [ -112.0565252, 33.4572556 ], [ -112.0565256, 33.4576191 ], [ -112.0565251, 33.4576483 ], [ -112.0565304, 33.4576646 ] ] } },
{ "type": "Feature", "properties": { "name": null, "highway": "service" }, "geometry": { "type": "LineString", "coordinates": [ [ -112.0577305, 33.4572541 ], [ -112.0576149, 33.4572541 ] ] } },
{ "type": "Feature", "properties": { "name": null, "highway": "service" }, "geometry": { "type": "LineString", "coordinates": [ [ -112.0620678, 33.4553234 ], [ -112.061966, 33.455324 ], [ -112.060623, 33.4553323 ], [ -112.0605337, 33.4553329 ], [ -112.060414, 33.4553324 ], [ -112.059465, 33.4553282 ], [ -112.0590661, 33.4553265 ], [ -112.0589598, 33.455326 ], [ -112.058861800000017, 33.4553258 ], [ -112.0565314, 33.4553213 ], [ -112.0564638, 33.455321199999986 ], [ -112.0563925, 33.4553212 ], [ -112.0544786, 33.4553213 ], [ -112.0544013, 33.4553213 ], [ -112.0543382, 33.455321499999989 ], [ -112.0522379, 33.4553277 ], [ -112.0521606, 33.4553279 ], [ -112.052100200000012, 33.4553279 ], [ -112.0477922, 33.4553279 ], [ -112.0476844, 33.4553279 ] ] } },
{ "type": "Feature", "properties": { "name": null, "highway": "footway" }, "geometry": { "type": "LineString", "coordinates": [ [ -112.0543256, 33.4557404 ], [ -112.0543371, 33.4557561 ] ] } },
{ "type": "Feature", "properties": { "name": null, "highway": "footway" }, "geometry": { "type": "LineString", "coordinates": [ [ -112.054473, 33.4557372 ], [ -112.054455, 33.4557584 ] ] } },
{ "type": "Feature", "properties": { "name": null, "highway": "footway" }, "geometry": { "type": "LineString", "coordinates": [ [ -112.0544544, 33.4558601 ], [ -112.0543864, 33.4558628 ], [ -112.0543375, 33.4558648 ], [ -112.0543373, 33.4558096 ], [ -112.0543371, 33.4557561 ], [ -112.0543892, 33.4557571 ], [ -112.054455, 33.4557584 ], [ -112.0544547, 33.4558096 ], [ -112.0544544, 33.4558601 ] ] } },
{ "type": "Feature", "properties": { "name": null, "highway": "footway" }, "geometry": { "type": "LineString", "coordinates": [ [ -112.0544704, 33.455879599999989 ], [ -112.0544544, 33.4558601 ] ] } },
{ "type": "Feature", "properties": { "name": null, "highway": "footway" }, "geometry": { "type": "LineString", "coordinates": [ [ -112.0543218, 33.4558813 ], [ -112.0543375, 33.4558648 ] ] } },
{ "type": "Feature", "properties": { "name": null, "highway": "service" }, "geometry": { "type": "LineString", "coordinates": [ [ -112.0476725, 33.4562812 ], [ -112.0477835, 33.4562849 ], [ -112.0479057, 33.4562889 ], [ -112.0494855, 33.4562934 ], [ -112.052076, 33.4562923 ], [ -112.0521438, 33.4562923 ], [ -112.052212, 33.4562926 ], [ -112.0543189, 33.4563011 ], [ -112.0543754, 33.4563013 ], [ -112.0544573, 33.456301 ], [ -112.0563886, 33.4562948 ], [ -112.0564552, 33.4562946 ], [ -112.0565286, 33.4562945 ], [ -112.0588592, 33.4562904 ], [ -112.0589631, 33.4562902 ], [ -112.0590662, 33.4562905 ], [ -112.060608, 33.4562944 ], [ -112.0606906, 33.4562946 ], [ -112.060753, 33.4562942 ], [ -112.0619648, 33.4562845 ], [ -112.062067, 33.4562856 ] ] } },
{ "type": "Feature", "properties": { "name": null, "highway": "footway" }, "geometry": { "type": "LineString", "coordinates": [ [ -112.0563868, 33.4566125 ], [ -112.0563875, 33.4566871 ], [ -112.0563859, 33.45669860000001 ], [ -112.0563785, 33.4567013 ], [ -112.0563711, 33.4567039 ], [ -112.0550599, 33.4567038 ], [ -112.0544554, 33.4567035 ], [ -112.0544504, 33.4567004 ], [ -112.0544442, 33.4566967 ], [ -112.0544468, 33.4566364 ], [ -112.0544573, 33.456301 ], [ -112.054459100000017, 33.4562443 ], [ -112.0544704, 33.455879599999989 ], [ -112.0550956, 33.4558766 ], [ -112.0563701, 33.4558771 ], [ -112.0563882, 33.4558775 ], [ -112.0563909, 33.4558954 ], [ -112.0563886, 33.4562948 ], [ -112.0563868, 33.4566125 ] ] } },
{ "type": "Feature", "properties": { "name": null, "highway": "footway" }, "geometry": { "type": "LineString", "coordinates": [ [ -112.0544504, 33.4567004 ], [ -112.0544322, 33.45671870000001 ] ] } },
{ "type": "Feature", "properties": { "name": null, "highway": "footway" }, "geometry": { "type": "LineString", "coordinates": [ [ -112.0543008, 33.4567033 ], [ -112.0543106, 33.4567195 ] ] } },
{ "type": "Feature", "properties": { "name": null, "highway": "service" }, "geometry": { "type": "LineString", "coordinates": [ [ -112.0469973, 33.4540982 ], [ -112.0469781, 33.4536887 ] ] } },
{ "type": "Feature", "properties": { "name": null, "highway": "service" }, "geometry": { "type": "LineString", "coordinates": [ [ -112.0467839, 33.4536856 ], [ -112.0467932, 33.4539798 ], [ -112.0467735, 33.4544628 ], [ -112.0469171, 33.4543618 ], [ -112.0470015, 33.4542596 ], [ -112.0469973, 33.4540982 ], [ -112.0472085, 33.4540252 ], [ -112.0472011, 33.4537394 ], [ -112.0471679, 33.4536923 ], [ -112.047124, 33.453681 ] ] } },
{ "type": "Feature", "properties": { "name": null, "highway": "footway" }, "geometry": { "type": "LineString", "coordinates": [ [ -112.0462883, 33.453883799999986 ], [ -112.0462903, 33.4544212 ], [ -112.0462917, 33.4544989 ] ] } },
{ "type": "Feature", "properties": { "name": null, "highway": "service" }, "geometry": { "type": "LineString", "coordinates": [ [ -112.0461543, 33.4538271 ], [ -112.0464096, 33.4538246 ], [ -112.0464099, 33.4538824 ], [ -112.0464137, 33.4544979 ], [ -112.046414, 33.4545542 ], [ -112.0462633, 33.4545553 ], [ -112.0461622, 33.454556 ], [ -112.0460831, 33.454555100000015 ], [ -112.0460294, 33.4545635 ], [ -112.0459903, 33.4545935 ], [ -112.0459785, 33.4546343 ], [ -112.0459818, 33.4546786 ], [ -112.0460002, 33.4547082 ], [ -112.0460315, 33.4547266 ], [ -112.0460822, 33.4547337 ], [ -112.0461262, 33.4547288 ], [ -112.0461659, 33.4547126 ], [ -112.0461975, 33.4546965 ] ] } },
{ "type": "Feature", "properties": { "name": null, "highway": "footway" }, "geometry": { "type": "LineString", "coordinates": [ [ -112.046524, 33.4538812 ], [ -112.046528, 33.4543921 ], [ -112.046528100000018, 33.4544974 ], [ -112.0465282, 33.4547774 ] ] } },
{ "type": "Feature", "properties": { "name": null, "highway": "footway" }, "geometry": { "type": "LineString", "coordinates": [ [ -112.0462209, 33.4544992 ], [ -112.0462642, 33.454499 ], [ -112.0462917, 33.4544989 ], [ -112.0463627, 33.4544985 ] ] } },
{ "type": "Feature", "properties": { "name": null, "highway": "footway" }, "geometry": { "type": "LineString", "coordinates": [ [ -112.0461151, 33.4545007 ], [ -112.0461695, 33.4544999 ], [ -112.0462209, 33.4544992 ] ] } },
{ "type": "Feature", "properties": { "name": null, "highway": "footway" }, "geometry": { "type": "LineString", "coordinates": [ [ -112.0463627, 33.4544985 ], [ -112.0464137, 33.4544979 ], [ -112.0464558, 33.4544974 ] ] } },
{ "type": "Feature", "properties": { "name": null, "highway": "footway" }, "geometry": { "type": "LineString", "coordinates": [ [ -112.0464558, 33.4544974 ], [ -112.046528100000018, 33.4544974 ] ] } },
{ "type": "Feature", "properties": { "name": null, "highway": "footway" }, "geometry": { "type": "LineString", "coordinates": [ [ -112.0460568, 33.4545025 ], [ -112.0461151, 33.4545007 ] ] } },
{ "type": "Feature", "properties": { "name": null, "highway": "service" }, "geometry": { "type": "LineString", "coordinates": [ [ -112.0475071, 33.4536932 ], [ -112.0475771, 33.453705 ], [ -112.0476942, 33.4537397 ] ] } },
{ "type": "Feature", "properties": { "name": null, "highway": "service" }, "geometry": { "type": "LineString", "coordinates": [ [ -112.0476971, 33.4538087 ], [ -112.0478071, 33.4538081 ], [ -112.0480189, 33.4538068 ] ] } },
{ "type": "Feature", "properties": { "name": "North 16th Street", "highway": "secondary" }, "geometry": { "type": "LineString", "coordinates": [ [ -112.0476901, 33.4543284 ], [ -112.0476877, 33.4545448 ], [ -112.0476824, 33.4547577 ], [ -112.0476816, 33.4548331 ] ] } },
{ "type": "Feature", "properties": { "name": null, "highway": "footway" }, "geometry": { "type": "LineString", "coordinates": [ [ -112.047549, 33.4547481 ], [ -112.0475408, 33.4547411 ] ] } },
{ "type": "Feature", "properties": { "name": null, "highway": "footway" }, "geometry": { "type": "LineString", "coordinates": [ [ -112.047809200000017, 33.4547669 ], [ -112.0478164, 33.4547555 ] ] } },
{ "type": "Feature", "properties": { "name": null, "highway": "footway" }, "geometry": { "type": "LineString", "coordinates": [ [ -112.047565, 33.4549399 ], [ -112.0476813, 33.4549256 ], [ -112.0478107, 33.4549096 ], [ -112.0478099, 33.4548347 ], [ -112.047809200000017, 33.4547669 ], [ -112.0476824, 33.4547577 ], [ -112.047549, 33.4547481 ], [ -112.0475341, 33.4548366 ], [ -112.0475222, 33.4549074 ] ] } },
{ "type": "Feature", "properties": { "name": null, "highway": "footway" }, "geometry": { "type": "LineString", "coordinates": [ [ -112.0475222, 33.4549074 ], [ -112.0475186, 33.4549235 ] ] } },
{ "type": "Feature", "properties": { "name": null, "highway": "footway" }, "geometry": { "type": "LineString", "coordinates": [ [ -112.0478107, 33.4549096 ], [ -112.0478303, 33.4549244 ] ] } },
{ "type": "Feature", "properties": { "name": null, "highway": "footway" }, "geometry": { "type": "LineString", "coordinates": [ [ -112.047565, 33.4549399 ], [ -112.0475423, 33.4549448 ] ] } },
{ "type": "Feature", "properties": { "name": "North 16th Street", "highway": "secondary" }, "geometry": { "type": "LineString", "coordinates": [ [ -112.0476816, 33.4548331 ], [ -112.0476813, 33.4549256 ], [ -112.047684, 33.45523750000001 ] ] } },
{ "type": "Feature", "properties": { "name": null, "highway": "footway" }, "geometry": { "type": "LineString", "coordinates": [ [ -112.0456194, 33.4541352 ], [ -112.0456426, 33.4541342 ] ] } },
{ "type": "Feature", "properties": { "name": "East Taylor Street", "highway": "residential" }, "geometry": { "type": "LineString", "coordinates": [ [ -112.0455525, 33.4541902 ], [ -112.0454881, 33.4541904 ], [ -112.0445514, 33.4541926 ], [ -112.0444813, 33.4541928 ] ] } },
{ "type": "Feature", "properties": { "name": null, "highway": "footway" }, "geometry": { "type": "LineString", "coordinates": [ [ -112.045623100000014, 33.4542506 ], [ -112.0455525, 33.4542512 ], [ -112.0454962, 33.4542517 ], [ -112.0454881, 33.4541904 ], [ -112.0454803, 33.4541307 ] ] } },
{ "type": "Feature", "properties": { "name": null, "highway": "footway" }, "geometry": { "type": "LineString", "coordinates": [ [ -112.045623100000014, 33.4542506 ], [ -112.0456435, 33.4542502 ] ] } },
{ "type": "Feature", "properties": { "name": null, "highway": "footway" }, "geometry": { "type": "LineString", "coordinates": [ [ -112.0454919, 33.4542547 ], [ -112.0454962, 33.4542517 ] ] } },
{ "type": "Feature", "properties": { "name": null, "highway": "footway" }, "geometry": { "type": "LineString", "coordinates": [ [ -112.0444096, 33.4542107 ], [ -112.0444271, 33.454230100000011 ], [ -112.0444406, 33.4542443 ], [ -112.0444648, 33.4542515 ], [ -112.0444812, 33.4542529 ], [ -112.0444953, 33.4542541 ], [ -112.0445447, 33.4542536 ], [ -112.0445881, 33.4542531 ], [ -112.0451014, 33.454252 ], [ -112.0454528, 33.4542521 ], [ -112.0454919, 33.4542547 ], [ -112.0454927, 33.4542768 ], [ -112.0454927, 33.4544575 ] ] } },
{ "type": "Feature", "properties": { "name": null, "highway": "service" }, "geometry": { "type": "LineString", "coordinates": [ [ -112.0463397, 33.4548485 ], [ -112.0462976, 33.4547933 ], [ -112.0462746, 33.4547631 ], [ -112.0461975, 33.4546965 ], [ -112.046165, 33.4546393 ], [ -112.0461622, 33.454556 ], [ -112.04617, 33.4545237 ], [ -112.0461695, 33.4544999 ], [ -112.0461556, 33.4538849 ], [ -112.0461543, 33.4538271 ], [ -112.0456398, 33.453819 ], [ -112.0455525, 33.4538176 ] ] } },
{ "type": "Feature", "properties": { "name": null, "highway": "footway" }, "geometry": { "type": "LineString", "coordinates": [ [ -112.046076, 33.4548452 ], [ -112.0460592, 33.4547904 ], [ -112.0460488, 33.4547846 ], [ -112.046016900000012, 33.454775299999987 ], [ -112.0459846, 33.454760499999985 ], [ -112.0459613, 33.4547433 ], [ -112.0459371, 33.4547237 ], [ -112.0459332, 33.4546952 ], [ -112.0459309, 33.4546589 ], [ -112.0459383, 33.454605299999983 ], [ -112.0459552, 33.4545684 ], [ -112.0459756, 33.4545449 ], [ -112.045998, 33.4545314 ], [ -112.0460409, 33.4545195 ], [ -112.0460561, 33.4545148 ], [ -112.0460568, 33.4545025 ], [ -112.0460574, 33.4544916 ], [ -112.046057, 33.4543862 ], [ -112.0460522, 33.4538856 ] ] } },
{ "type": "Feature", "properties": { "name": null, "highway": "footway" }, "geometry": { "type": "LineString", "coordinates": [ [ -112.0456401, 33.4538709 ], [ -112.0456404, 33.4539009 ], [ -112.0456423, 33.4540995 ], [ -112.0456426, 33.4541342 ], [ -112.0456435, 33.4542502 ], [ -112.0456446, 33.454377 ], [ -112.0456457, 33.4549171 ], [ -112.045646800000014, 33.454946699999986 ], [ -112.0456666, 33.4549619 ], [ -112.045695, 33.4549655 ], [ -112.0457256, 33.454956500000016 ], [ -112.046076, 33.4548452 ], [ -112.0462069, 33.4548117 ], [ -112.046234, 33.454805 ] ] } },
{ "type": "Feature", "properties": { "name": null, "highway": "footway" }, "geometry": { "type": "LineString", "coordinates": [ [ -112.04374, 33.4549102 ], [ -112.0437646, 33.4549309 ], [ -112.0440855, 33.4552002 ], [ -112.0441413, 33.4552544 ], [ -112.0441767, 33.4553072 ], [ -112.044214, 33.4553942 ], [ -112.0442222, 33.455408199999987 ], [ -112.0442888, 33.4554281 ], [ -112.0443111, 33.4554232 ], [ -112.0444175, 33.45538950000001 ], [ -112.0445657, 33.4553425 ], [ -112.0446934, 33.455302 ], [ -112.0451845, 33.455145399999985 ], [ -112.0454714, 33.4550525 ], [ -112.0454816, 33.4550412 ], [ -112.0454899, 33.4550219 ], [ -112.0454948, 33.4550028 ], [ -112.0454936, 33.4547098 ], [ -112.0454927, 33.4544575 ] ] } },
{ "type": "Feature", "properties": { "name": null, "highway": "footway" }, "geometry": { "type": "LineString", "coordinates": [ [ -112.046264, 33.45452 ], [ -112.0462642, 33.454499 ] ] } },
{ "type": "Feature", "properties": { "name": null, "highway": "footway" }, "geometry": { "type": "LineString", "coordinates": [ [ -112.0462624, 33.4545988 ], [ -112.0462633, 33.4545553 ], [ -112.046264, 33.45452 ] ] } },
{ "type": "Feature", "properties": { "name": null, "highway": "footway" }, "geometry": { "type": "LineString", "coordinates": [ [ -112.0462624, 33.4545988 ], [ -112.0462619, 33.4546121 ], [ -112.0462611, 33.454631 ], [ -112.0462619, 33.4546454 ], [ -112.0462726, 33.454654399999988 ], [ -112.0463443, 33.4546559 ] ] } },
{ "type": "Feature", "properties": { "name": null, "highway": "service" }, "geometry": { "type": "LineString", "coordinates": [ [ -112.0468268, 33.4548329 ], [ -112.0468286, 33.4547696 ], [ -112.0468374, 33.4546715 ], [ -112.0474951, 33.4544593 ] ] } },
{ "type": "Feature", "properties": { "name": null, "highway": "footway" }, "geometry": { "type": "LineString", "coordinates": [ [ -112.046335200000016, 33.4547864 ], [ -112.046384, 33.4547814 ], [ -112.0464353, 33.4547835 ], [ -112.0464748, 33.454781699999984 ], [ -112.0465282, 33.4547774 ], [ -112.046593200000018, 33.4547721 ], [ -112.0466665, 33.4547697 ], [ -112.0468286, 33.4547696 ] ] } },
{ "type": "Feature", "properties": { "name": null, "highway": "footway" }, "geometry": { "type": "LineString", "coordinates": [ [ -112.046234, 33.454805 ], [ -112.0462976, 33.4547933 ], [ -112.046335200000016, 33.4547864 ] ] } },
{ "type": "Feature", "properties": { "name": null, "highway": "footway" }, "geometry": { "type": "LineString", "coordinates": [ [ -112.0464602, 33.4549191 ], [ -112.0464819, 33.4549245 ] ] } },
{ "type": "Feature", "properties": { "name": null, "highway": "footway" }, "geometry": { "type": "LineString", "coordinates": [ [ -112.0462663, 33.4549509 ], [ -112.0463188, 33.4549423 ], [ -112.0463974, 33.454929399999983 ], [ -112.0464602, 33.4549191 ] ] } },
{ "type": "Feature", "properties": { "name": null, "highway": "service" }, "geometry": { "type": "LineString", "coordinates": [ [ -112.0464414, 33.4551257 ], [ -112.046399, 33.45493170000001 ], [ -112.0463974, 33.454929399999983 ], [ -112.0463397, 33.4548485 ] ] } },
{ "type": "Feature", "properties": { "name": null, "highway": "service" }, "geometry": { "type": "LineString", "coordinates": [ [ -112.0463397, 33.4548485 ], [ -112.0463188, 33.4549423 ], [ -112.046317, 33.4549504 ], [ -112.0463598, 33.4551368 ] ] } },
{ "type": "Feature", "properties": { "name": null, "highway": "footway" }, "geometry": { "type": "LineString", "coordinates": [ [ -112.0456666, 33.4549619 ], [ -112.0456565, 33.454982699999988 ] ] } },
{ "type": "Feature", "properties": { "name": null, "highway": "footway" }, "geometry": { "type": "LineString", "coordinates": [ [ -112.0454907, 33.4550429 ], [ -112.0455626, 33.4550168 ], [ -112.0456565, 33.454982699999988 ] ] } },
{ "type": "Feature", "properties": { "name": null, "highway": "footway" }, "geometry": { "type": "LineString", "coordinates": [ [ -112.0454816, 33.4550412 ], [ -112.0454907, 33.4550429 ] ] } },
{ "type": "Feature", "properties": { "name": "East Villa Street", "highway": "residential" }, "geometry": { "type": "LineString", "coordinates": [ [ -112.0476816, 33.4548331 ], [ -112.0475341, 33.4548366 ], [ -112.0472995, 33.4548374 ], [ -112.0468268, 33.4548329 ], [ -112.0466286, 33.454831 ], [ -112.0463397, 33.4548485 ], [ -112.0462261, 33.4548706 ], [ -112.0461321, 33.454897 ], [ -112.0455822, 33.4550775 ], [ -112.0445073, 33.4554172 ], [ -112.044189700000018, 33.4555224 ], [ -112.0433752, 33.455780599999983 ], [ -112.0433461, 33.4557898 ] ] } },
{ "type": "Feature", "properties": { "name": null, "highway": "footway" }, "geometry": { "type": "LineString", "coordinates": [ [ -112.0439926, 33.4559004 ], [ -112.0441833, 33.4558459 ], [ -112.044207, 33.4558372 ], [ -112.0443081, 33.4557999 ], [ -112.0443962, 33.4557783 ], [ -112.044474600000015, 33.4557791 ], [ -112.0445388, 33.4557798 ], [ -112.0447933, 33.4557006 ], [ -112.0448525, 33.4556631 ], [ -112.0448848, 33.4556472 ], [ -112.0449424, 33.4556308 ], [ -112.0449957, 33.4556224 ], [ -112.0450554, 33.4556145 ], [ -112.0451289, 33.455595 ], [ -112.0453046, 33.45553790000001 ], [ -112.0453165, 33.4555416 ], [ -112.0453274, 33.4555703 ], [ -112.0453407, 33.4555688 ], [ -112.0453497, 33.4555561 ], [ -112.0453755, 33.4555248 ], [ -112.045387, 33.4555152 ], [ -112.0453376, 33.4554011 ], [ -112.0453055, 33.4553289 ], [ -112.0452832, 33.4552842 ], [ -112.0452749, 33.4552652 ] ] } },
{ "type": "Feature", "properties": { "name": null, "highway": "service" }, "geometry": { "type": "LineString", "coordinates": [ [ -112.0436719, 33.4561123 ], [ -112.0442582, 33.4559243 ], [ -112.044388200000014, 33.455868 ], [ -112.0445967, 33.45586 ], [ -112.045375, 33.4556009 ], [ -112.0454415, 33.4555405 ], [ -112.045609, 33.4554856 ], [ -112.0457996, 33.4554829 ], [ -112.046095300000019, 33.455406099999983 ], [ -112.0463917, 33.4554569 ], [ -112.0463959, 33.4553604 ], [ -112.0464302, 33.4552949 ] ] } },
{ "type": "Feature", "properties": { "name": null, "highway": "service" }, "geometry": { "type": "LineString", "coordinates": [ [ -112.045375, 33.4556009 ], [ -112.0453678, 33.4560464 ] ] } },
{ "type": "Feature", "properties": { "name": null, "highway": "footway" }, "geometry": { "type": "LineString", "coordinates": [ [ -112.0462663, 33.4549509 ], [ -112.0462365, 33.4549582 ], [ -112.0461523, 33.4549843 ], [ -112.0458474, 33.4550802 ], [ -112.0458263, 33.4550869 ], [ -112.0458036, 33.4550863 ], [ -112.045784, 33.4550843 ], [ -112.0457644, 33.45508980000001 ], [ -112.0457413, 33.4551013 ], [ -112.0457263, 33.4551161 ], [ -112.0456922, 33.4551304 ], [ -112.0456743, 33.4551435 ], [ -112.0456561, 33.4551516 ], [ -112.0456332, 33.455147 ], [ -112.0455898, 33.4551622 ], [ -112.045279900000011, 33.4552637 ], [ -112.0452749, 33.4552652 ], [ -112.045042, 33.455337899999989 ], [ -112.0447305, 33.4554372 ], [ -112.044579900000016, 33.4554849 ], [ -112.0443769, 33.4555477 ], [ -112.0443656, 33.4555261 ], [ -112.0442325, 33.4555691 ], [ -112.0442431, 33.4555915 ], [ -112.0441354, 33.455625399999988 ], [ -112.0441204, 33.4556302 ], [ -112.0434609, 33.4558399 ], [ -112.0434347, 33.4558463 ], [ -112.0434251, 33.4558502 ], [ -112.0434237, 33.4566077 ], [ -112.0434225, 33.456775 ], [ -112.0434252, 33.4567879 ], [ -112.0434456, 33.4567956 ], [ -112.0434746, 33.456792900000011 ], [ -112.0441715, 33.4567962 ], [ -112.0442493, 33.4567952 ], [ -112.0442794, 33.4567882 ], [ -112.0443093, 33.4567794 ], [ -112.044363700000019, 33.456779399999988 ], [ -112.044419, 33.456779399999988 ], [ -112.0444297, 33.4567962 ], [ -112.044463, 33.4568008 ], [ -112.0445036, 33.4567999 ], [ -112.0448845, 33.4567997 ], [ -112.0452742, 33.4568017 ], [ -112.0453733, 33.4568025 ], [ -112.045469200000014, 33.4568033 ], [ -112.0455203, 33.4568185 ], [ -112.045579300000014, 33.4568249 ], [ -112.0460508, 33.4568283 ], [ -112.0466351, 33.4568317 ], [ -112.0468027, 33.4568329 ], [ -112.0468872, 33.4568335 ], [ -112.0469652, 33.4568314 ], [ -112.0470291, 33.4568224 ], [ -112.0470855, 33.4568113 ], [ -112.0471311, 33.456796500000017 ], [ -112.0472053, 33.4567727 ], [ -112.0472762, 33.4567516 ], [ -112.0473269, 33.4567378 ], [ -112.047427, 33.456723 ], [ -112.0474942, 33.4567209 ], [ -112.0475195, 33.4567188 ], [ -112.0475366, 33.4567072 ], [ -112.0475499, 33.4566808 ] ] } },
{ "type": "Feature", "properties": { "name": null, "highway": "service" }, "geometry": { "type": "LineString", "coordinates": [ [ -112.0453742, 33.4568807 ], [ -112.0453733, 33.4568025 ], [ -112.0453695, 33.4564671 ] ] } },
{ "type": "Feature", "properties": { "name": "East McKinley Street", "highway": "residential" }, "geometry": { "type": "LineString", "coordinates": [ [ -112.0476627, 33.4567752 ], [ -112.0475377, 33.4567769 ], [ -112.0474901, 33.4567776 ], [ -112.0473395, 33.456793 ], [ -112.0473078, 33.4567962 ], [ -112.0471961, 33.4568387 ], [ -112.0471076, 33.4568676 ], [ -112.0470832, 33.456875599999989 ], [ -112.0469332, 33.4568878 ], [ -112.0468018, 33.4568872 ], [ -112.045496, 33.4568811 ], [ -112.0453742, 33.4568807 ], [ -112.044363700000019, 33.4568852 ], [ -112.0437279, 33.4568793 ], [ -112.0434252, 33.4568765 ], [ -112.0434152, 33.4568764 ], [ -112.0433292, 33.456875599999989 ], [ -112.0432366, 33.4568751 ], [ -112.042681759157659, 33.45687221703573 ] ] } },
{ "type": "Feature", "properties": { "name": null, "highway": "service" }, "geometry": { "type": "LineString", "coordinates": [ [ -112.0464302, 33.4552949 ], [ -112.0464414, 33.4551257 ] ] } },
{ "type": "Feature", "properties": { "name": null, "highway": "service" }, "geometry": { "type": "LineString", "coordinates": [ [ -112.0463598, 33.4551368 ], [ -112.0464302, 33.4552949 ] ] } },
{ "type": "Feature", "properties": { "name": null, "highway": "service" }, "geometry": { "type": "LineString", "coordinates": [ [ -112.0467309, 33.4552953 ], [ -112.0464302, 33.4552949 ] ] } },
{ "type": "Feature", "properties": { "name": null, "highway": "footway" }, "geometry": { "type": "LineString", "coordinates": [ [ -112.0465378, 33.4549821 ], [ -112.0465237, 33.4549797 ], [ -112.0464813, 33.4549781 ], [ -112.0464644, 33.4549553 ], [ -112.0464655, 33.4549419 ], [ -112.0464819, 33.4549245 ], [ -112.0465003, 33.4549101 ], [ -112.0465291, 33.4548918 ], [ -112.0466341, 33.4548891 ], [ -112.0468538, 33.4548905 ], [ -112.0474751, 33.4548984 ], [ -112.0475002, 33.454908 ], [ -112.0475186, 33.4549235 ], [ -112.0475308, 33.4549338 ], [ -112.0475423, 33.4549448 ], [ -112.0475589, 33.45496090000001 ], [ -112.0475707, 33.4549814 ], [ -112.0475707, 33.4549961 ], [ -112.0475579, 33.4550349 ], [ -112.0475487, 33.4550823 ], [ -112.047544400000021, 33.4551273 ], [ -112.0475448, 33.4551732 ], [ -112.0475407, 33.4553245 ], [ -112.047538, 33.4555337 ], [ -112.0475375, 33.4556498 ], [ -112.047533, 33.4558029 ] ] } },
{ "type": "Feature", "properties": { "name": null, "highway": "service" }, "geometry": { "type": "LineString", "coordinates": [ [ -112.0474413, 33.4558655 ], [ -112.046967, 33.4558648 ], [ -112.0468807, 33.4558562 ], [ -112.0468441, 33.4558115 ], [ -112.0468316, 33.4557527 ], [ -112.0468338, 33.455295 ], [ -112.0467309, 33.4552953 ] ] } },
{ "type": "Feature", "properties": { "name": null, "highway": "service" }, "geometry": { "type": "LineString", "coordinates": [ [ -112.0463917, 33.4554569 ], [ -112.046397, 33.4559166 ] ] } },
{ "type": "Feature", "properties": { "name": null, "highway": "service" }, "geometry": { "type": "LineString", "coordinates": [ [ -112.0468059, 33.4566383 ], [ -112.0472738, 33.4566417 ], [ -112.0473208, 33.45663050000001 ], [ -112.0473452, 33.456621 ], [ -112.0473504, 33.456393 ] ] } },
{ "type": "Feature", "properties": { "name": null, "highway": "service" }, "geometry": { "type": "LineString", "coordinates": [ [ -112.0468018, 33.4568872 ], [ -112.0468027, 33.4568329 ], [ -112.0468059, 33.4566383 ] ] } },
{ "type": "Feature", "properties": { "name": null, "highway": "service" }, "geometry": { "type": "LineString", "coordinates": [ [ -112.0471076, 33.4568676 ], [ -112.0471305, 33.4569183 ], [ -112.0471452, 33.4569509 ], [ -112.0473084, 33.4569374 ], [ -112.0473706, 33.456944 ], [ -112.0474003, 33.4569472 ], [ -112.0475471, 33.4569595 ], [ -112.0476602, 33.45696 ] ] } },
{ "type": "Feature", "properties": { "name": null, "highway": "service" }, "geometry": { "type": "LineString", "coordinates": [ [ -112.0473395, 33.456793 ], [ -112.0473521, 33.4568542 ], [ -112.0473706, 33.456944 ], [ -112.0473707, 33.4572151 ], [ -112.0474195, 33.4572362 ], [ -112.0475436, 33.4572443 ], [ -112.0475692, 33.457246 ], [ -112.0476564, 33.4572457 ] ] } },
{ "type": "Feature", "properties": { "name": null, "highway": "footway" }, "geometry": { "type": "LineString", "coordinates": [ [ -112.0478177, 33.4557413 ], [ -112.0478035, 33.4557581 ] ] } },
{ "type": "Feature", "properties": { "name": null, "highway": "footway" }, "geometry": { "type": "LineString", "coordinates": [ [ -112.0478035, 33.4557581 ], [ -112.0478039, 33.4558113 ], [ -112.0478042, 33.4558634 ] ] } },
{ "type": "Feature", "properties": { "name": null, "highway": "footway" }, "geometry": { "type": "LineString", "coordinates": [ [ -112.047533, 33.4558029 ], [ -112.0475312, 33.4558648 ], [ -112.0475294, 33.4559249 ] ] } },
{ "type": "Feature", "properties": { "name": null, "highway": "service" }, "geometry": { "type": "LineString", "coordinates": [ [ -112.0474413, 33.4558655 ], [ -112.0475312, 33.4558648 ], [ -112.0476795, 33.4558637 ] ] } },
{ "type": "Feature", "properties": { "name": null, "highway": "footway" }, "geometry": { "type": "LineString", "coordinates": [ [ -112.0478042, 33.4558634 ], [ -112.0478142, 33.4558873 ] ] } },
{ "type": "Feature", "properties": { "name": null, "highway": "footway" }, "geometry": { "type": "LineString", "coordinates": [ [ -112.0475294, 33.4559249 ], [ -112.04752910000002, 33.4559349 ], [ -112.0475549, 33.455973899999989 ], [ -112.0475566, 33.456003 ], [ -112.0475542, 33.4562962 ], [ -112.047545, 33.4566052 ], [ -112.047544, 33.456638 ], [ -112.0475499, 33.4566808 ] ] } },
{ "type": "Feature", "properties": { "name": null, "highway": "service" }, "geometry": { "type": "LineString", "coordinates": [ [ -112.0473452, 33.456621 ], [ -112.0473643, 33.4566139 ], [ -112.0474294, 33.45660250000001 ], [ -112.047545, 33.4566052 ], [ -112.047666, 33.4566081 ] ] } },
{ "type": "Feature", "properties": { "name": "North 16th Street", "highway": "secondary" }, "geometry": { "type": "LineString", "coordinates": [ [ -112.047684, 33.45523750000001 ], [ -112.0476844, 33.4553279 ], [ -112.0476833, 33.4553981 ], [ -112.0476793, 33.4558125 ], [ -112.0476795, 33.4558637 ], [ -112.0476725, 33.4562812 ], [ -112.0476684, 33.4564496 ], [ -112.0476677, 33.4565162 ], [ -112.047666, 33.4566081 ], [ -112.0476639, 33.4567156 ], [ -112.0476627, 33.4567752 ], [ -112.0476619, 33.4568367 ], [ -112.0476602, 33.45696 ], [ -112.047657700000016, 33.4570819 ], [ -112.0476578, 33.4571159 ], [ -112.0476564, 33.4572457 ], [ -112.0476551, 33.4573486 ], [ -112.0476509, 33.4576738 ], [ -112.0476505, 33.4577074 ], [ -112.04765, 33.457741 ], [ -112.0476489, 33.4577995 ], [ -112.0476464, 33.4579312 ], [ -112.047644, 33.4580081 ], [ -112.0476423, 33.458168399999984 ] ] } },
{ "type": "Feature", "properties": { "name": null, "highway": "footway" }, "geometry": { "type": "LineString", "coordinates": [ [ -112.0478022, 33.4566995 ], [ -112.0477907, 33.456716 ] ] } },
{ "type": "Feature", "properties": { "name": null, "highway": "footway" }, "geometry": { "type": "LineString", "coordinates": [ [ -112.0475386, 33.4567153 ], [ -112.0475366, 33.4567072 ] ] } },
{ "type": "Feature", "properties": { "name": null, "highway": "footway" }, "geometry": { "type": "LineString", "coordinates": [ [ -112.0454243, 33.4569492 ], [ -112.0454111, 33.4569468 ] ] } },
{ "type": "Feature", "properties": { "name": null, "highway": "footway" }, "geometry": { "type": "LineString", "coordinates": [ [ -112.0455709, 33.4569474 ], [ -112.0454962, 33.4569483 ], [ -112.0454243, 33.4569492 ] ] } },
{ "type": "Feature", "properties": { "name": null, "highway": "footway" }, "geometry": { "type": "LineString", "coordinates": [ [ -112.0455803, 33.4569499 ], [ -112.0455709, 33.4569474 ] ] } },
{ "type": "Feature", "properties": { "name": "North 17th Street", "highway": "residential" }, "geometry": { "type": "LineString", "coordinates": [ [ -112.045496, 33.4568811 ], [ -112.0454962, 33.4569483 ], [ -112.045496500000013, 33.4570876 ] ] } },
{ "type": "Feature", "properties": { "name": "North 17th Street", "highway": "residential" }, "geometry": { "type": "LineString", "coordinates": [ [ -112.045496500000013, 33.4570876 ], [ -112.0454971, 33.4573397 ] ] } },
{ "type": "Feature", "properties": { "name": null, "highway": "footway" }, "geometry": { "type": "LineString", "coordinates": [ [ -112.0442135, 33.456928499999989 ], [ -112.0453569, 33.4569346 ], [ -112.0453892, 33.4569372 ], [ -112.0454111, 33.4569468 ], [ -112.0454253, 33.4569603 ], [ -112.04543, 33.456976 ], [ -112.0454296, 33.4570001 ], [ -112.0454273, 33.4570274 ], [ -112.045400900000018, 33.4570704 ], [ -112.0453891, 33.4570905 ], [ -112.0453881, 33.4571223 ], [ -112.0453881, 33.4572297 ], [ -112.0453906, 33.4576311 ], [ -112.0454163, 33.4576785 ], [ -112.0454233, 33.457701299999989 ], [ -112.0454286, 33.4577237 ], [ -112.0453927, 33.4577206 ], [ -112.0453142, 33.457713 ], [ -112.0452338, 33.4577098 ], [ -112.0451619, 33.4577139 ], [ -112.0451115, 33.4577241 ], [ -112.0448291, 33.457723 ], [ -112.0444885, 33.457721299999989 ], [ -112.04445530000001, 33.4576979 ], [ -112.0442976, 33.4576968 ], [ -112.0442541, 33.4577205 ], [ -112.044110100000012, 33.4577238 ], [ -112.0440929, 33.4577262 ], [ -112.0440792, 33.4577281 ], [ -112.0440232, 33.4577279 ], [ -112.0438426, 33.4577274 ], [ -112.0434642, 33.4577261 ], [ -112.0434451, 33.4577164 ], [ -112.0434271, 33.4577127 ], [ -112.0434136, 33.4577063 ], [ -112.0434084, 33.457703 ], [ -112.0434002, 33.4576976 ], [ -112.0433935, 33.4576819 ], [ -112.043393600000016, 33.4576411 ], [ -112.0433937, 33.4575511 ], [ -112.0433941, 33.4573003 ], [ -112.0433945, 33.457258399999986 ], [ -112.0433969, 33.4570246 ], [ -112.0433999, 33.4569549 ], [ -112.043403, 33.456950399999982 ], [ -112.043408, 33.456943 ], [ -112.0434194, 33.4569352 ], [ -112.043424, 33.4569321 ], [ -112.0434514, 33.4569267 ], [ -112.0435012, 33.4569248 ], [ -112.0437286, 33.456926 ], [ -112.0442135, 33.456928499999989 ] ] } },
{ "type": "Feature", "properties": { "name": "Edison Special Needs Loading Zone", "highway": "service" }, "geometry": { "type": "LineString", "coordinates": [ [ -112.045496500000013, 33.4570876 ], [ -112.0454117, 33.457140099999982 ], [ -112.0454064, 33.4576101 ], [ -112.045498, 33.4576972 ] ] } },
{ "type": "Feature", "properties": { "name": "North 17th Street", "highway": "residential" }, "geometry": { "type": "LineString", "coordinates": [ [ -112.0454971, 33.4573397 ], [ -112.045498, 33.4576972 ] ] } },
{ "type": "Feature", "properties": { "name": null, "highway": "footway" }, "geometry": { "type": "LineString", "coordinates": [ [ -112.0455591, 33.4577036 ], [ -112.0455489, 33.4577038 ] ] } },
{ "type": "Feature", "properties": { "name": null, "highway": "footway" }, "geometry": { "type": "LineString", "coordinates": [ [ -112.0455489, 33.4577038 ], [ -112.0454981, 33.4577168 ], [ -112.0454414, 33.4577314 ] ] } },
{ "type": "Feature", "properties": { "name": null, "highway": "footway" }, "geometry": { "type": "LineString", "coordinates": [ [ -112.0477844, 33.4568305 ], [ -112.0476619, 33.4568367 ], [ -112.0475368, 33.456843 ], [ -112.0475377, 33.4567769 ], [ -112.0475386, 33.4567153 ], [ -112.0476639, 33.4567156 ], [ -112.0477907, 33.456716 ], [ -112.0477875, 33.4567734 ], [ -112.0477844, 33.4568305 ] ] } },
{ "type": "Feature", "properties": { "name": null, "highway": "footway" }, "geometry": { "type": "LineString", "coordinates": [ [ -112.0477844, 33.4568305 ], [ -112.0477992, 33.4568473 ] ] } },
{ "type": "Feature", "properties": { "name": null, "highway": "footway" }, "geometry": { "type": "LineString", "coordinates": [ [ -112.0475368, 33.456843 ], [ -112.047531, 33.4568495 ] ] } },
{ "type": "Feature", "properties": { "name": null, "highway": "footway" }, "geometry": { "type": "LineString", "coordinates": [ [ -112.0477695, 33.4572352 ], [ -112.0477692, 33.4572506 ], [ -112.0477696, 33.4572699 ] ] } },
{ "type": "Feature", "properties": { "name": null, "highway": "footway" }, "geometry": { "type": "LineString", "coordinates": [ [ -112.0475271, 33.4576685 ], [ -112.0475234, 33.4576595 ] ] } },
{ "type": "Feature", "properties": { "name": null, "highway": "footway" }, "geometry": { "type": "LineString", "coordinates": [ [ -112.0477941, 33.4576574 ], [ -112.0477784, 33.4576792 ] ] } },
{ "type": "Feature", "properties": { "name": null, "highway": "footway" }, "geometry": { "type": "LineString", "coordinates": [ [ -112.0477784, 33.4576792 ], [ -112.0477775, 33.4577415 ], [ -112.0477768, 33.4577945 ], [ -112.0476489, 33.4577995 ], [ -112.047529, 33.4578042 ], [ -112.0475281, 33.4577386 ], [ -112.0475271, 33.4576685 ], [ -112.047589, 33.4576711 ], [ -112.0476509, 33.4576738 ], [ -112.0477784, 33.4576792 ] ] } },
{ "type": "Feature", "properties": { "name": null, "highway": "footway" }, "geometry": { "type": "LineString", "coordinates": [ [ -112.0477768, 33.4577945 ], [ -112.0477876, 33.457808199999988 ] ] } },
{ "type": "Feature", "properties": { "name": null, "highway": "footway" }, "geometry": { "type": "LineString", "coordinates": [ [ -112.047529, 33.4578042 ], [ -112.0475181, 33.457808699999987 ] ] } },
{ "type": "Feature", "properties": { "name": null, "highway": "service" }, "geometry": { "type": "LineString", "coordinates": [ [ -112.0476464, 33.4579312 ], [ -112.0475329, 33.4579322 ], [ -112.047471, 33.4579328 ], [ -112.0474581, 33.4582882 ], [ -112.0475224, 33.458288299999985 ], [ -112.0476402, 33.4582884 ] ] } },
{ "type": "Feature", "properties": { "name": null, "highway": "footway" }, "geometry": { "type": "LineString", "coordinates": [ [ -112.0469257, 33.4577297 ], [ -112.0472094, 33.4577321 ], [ -112.0472576, 33.4577329 ], [ -112.047299, 33.4577209 ], [ -112.0473651, 33.4577022 ], [ -112.047397, 33.4576935 ], [ -112.047418, 33.4576891 ], [ -112.0474806, 33.4576767 ], [ -112.0475084, 33.4576668 ], [ -112.0475234, 33.4576595 ], [ -112.0475278, 33.4576574 ], [ -112.0475362, 33.457644 ], [ -112.0475398, 33.4575928 ], [ -112.047539, 33.457374600000016 ], [ -112.0475399, 33.4573481 ], [ -112.0475436, 33.4572443 ], [ -112.0475442, 33.457226 ], [ -112.0475495, 33.457139700000013 ], [ -112.047548800000015, 33.4570986 ], [ -112.0475464, 33.4570366 ], [ -112.0475471, 33.4569595 ], [ -112.0475477, 33.4568843 ], [ -112.0475397, 33.4568555 ], [ -112.047531, 33.4568495 ], [ -112.04752, 33.456842 ], [ -112.047489700000014, 33.4568375 ], [ -112.0473981, 33.4568454 ], [ -112.0473521, 33.4568542 ], [ -112.0473196, 33.456860499999976 ], [ -112.0471611, 33.4569113 ], [ -112.0471305, 33.4569183 ], [ -112.0470907, 33.4569273 ], [ -112.0470407, 33.456936 ], [ -112.0469734, 33.4569418 ], [ -112.0468244, 33.4569429 ], [ -112.0461338, 33.4569418 ], [ -112.0456738, 33.4569366 ], [ -112.0456208, 33.4569352 ], [ -112.0455919, 33.456941 ], [ -112.0455803, 33.4569499 ], [ -112.0455698, 33.456958 ], [ -112.045561, 33.4569743 ], [ -112.0455598, 33.4570178 ], [ -112.0455579, 33.4572918 ], [ -112.0455575, 33.4573399 ], [ -112.0455552, 33.4576413 ], [ -112.0455529, 33.4576769 ], [ -112.0455591, 33.4577036 ], [ -112.0455668, 33.4577164 ], [ -112.0455783, 33.4577215 ], [ -112.0456037, 33.4577215 ], [ -112.04618050000002, 33.4577264 ], [ -112.0466023, 33.457727599999984 ], [ -112.0469257, 33.4577297 ] ] } },
{ "type": "Feature", "properties": { "name": null, "highway": "service" }, "geometry": { "type": "LineString", "coordinates": [ [ -112.0476551, 33.4573486 ], [ -112.0475399, 33.4573481 ], [ -112.0455575, 33.4573399 ], [ -112.0454971, 33.4573397 ] ] } },
{ "type": "Feature", "properties": { "name": null, "highway": "service" }, "geometry": { "type": "LineString", "coordinates": [ [ -112.0474209, 33.457753 ], [ -112.047418, 33.4576891 ], [ -112.0474173, 33.4574105 ] ] } },
{ "type": "Feature", "properties": { "name": null, "highway": "footway" }, "geometry": { "type": "LineString", "coordinates": [ [ -112.0467096, 33.4578586 ], [ -112.0467544, 33.4578588 ], [ -112.0468108, 33.4578595 ] ] } },
{ "type": "Feature", "properties": { "name": null, "highway": "footway" }, "geometry": { "type": "LineString", "coordinates": [ [ -112.0468108, 33.4578595 ], [ -112.04682990000002, 33.4578584 ], [ -112.0468526, 33.457853 ], [ -112.0469338, 33.4578535 ], [ -112.0469617, 33.4578537 ], [ -112.0470298, 33.4579079 ], [ -112.047287, 33.4579127 ] ] } },
{ "type": "Feature", "properties": { "name": null, "highway": "service" }, "geometry": { "type": "LineString", "coordinates": [ [ -112.0469347, 33.457804 ], [ -112.0469338, 33.4578535 ], [ -112.04692, 33.458592 ] ] } },
{ "type": "Feature", "properties": { "name": null, "highway": "footway" }, "geometry": { "type": "LineString", "coordinates": [ [ -112.0474019, 33.4578114 ], [ -112.0474328, 33.4578013 ], [ -112.0474645, 33.4577933 ], [ -112.0474943, 33.4577958 ], [ -112.0475152, 33.457805 ], [ -112.0475181, 33.457808699999987 ], [ -112.047529, 33.4578225 ], [ -112.0475351, 33.4578439 ], [ -112.0475329, 33.4579322 ], [ -112.0475268, 33.458174 ], [ -112.0475224, 33.458288299999985 ], [ -112.0475161, 33.4584528 ], [ -112.0475112, 33.458579299999982 ], [ -112.0474992, 33.4586 ], [ -112.0474812, 33.4586136 ], [ -112.0474635, 33.4586269 ], [ -112.0474292, 33.4586324 ], [ -112.0473129, 33.4586324 ], [ -112.047052500000021, 33.4586324 ], [ -112.0468446, 33.4586311 ] ] } },
{ "type": "Feature", "properties": { "name": null, "highway": "service" }, "geometry": { "type": "LineString", "coordinates": [ [ -112.0467422, 33.4587115 ], [ -112.0467426, 33.4586312 ], [ -112.0467433, 33.4585139 ], [ -112.046754, 33.4578882 ], [ -112.0467544, 33.4578588 ], [ -112.0467552, 33.4578037 ] ] } },
{ "type": "Feature", "properties": { "name": null, "highway": "service" }, "geometry": { "type": "MultiLineString", "coordinates": [ [ [ -112.0464322, 33.4585111 ], [ -112.0464352, 33.4583296 ], [ -112.0459583, 33.4583282 ], [ -112.0456102, 33.4583286 ], [ -112.0456087, 33.4585057 ], [ -112.0459549, 33.458509 ], [ -112.0464322, 33.4585111 ] ], [ [ -112.0464322, 33.4585111 ], [ -112.0467433, 33.4585139 ] ] ] } },
{ "type": "Feature", "properties": { "name": null, "highway": "service" }, "geometry": { "type": "LineString", "coordinates": [ [ -112.0473118, 33.458716 ], [ -112.0473129, 33.4586324 ], [ -112.0473153, 33.4584528 ], [ -112.0475161, 33.4584528 ], [ -112.047637200000011, 33.4584528 ] ] } },
{ "type": "Feature", "properties": { "name": null, "highway": "footway" }, "geometry": { "type": "LineString", "coordinates": [ [ -112.0536558, 33.451470699999987 ], [ -112.053645, 33.4513774 ], [ -112.05363610000002, 33.4513009 ] ] } },
{ "type": "Feature", "properties": { "name": null, "highway": "footway" }, "geometry": { "type": "LineString", "coordinates": [ [ -112.0523131, 33.4514777 ], [ -112.052235200000013, 33.4514789 ], [ -112.0521772, 33.4514798 ] ] } },
{ "type": "Feature", "properties": { "name": null, "highway": "footway" }, "geometry": { "type": "LineString", "coordinates": [ [ -112.0537905, 33.451467 ], [ -112.0537157, 33.4514691 ], [ -112.0536558, 33.451470699999987 ] ] } },
{ "type": "Feature", "properties": { "name": null, "highway": "footway" }, "geometry": { "type": "LineString", "coordinates": [ [ -112.0523296, 33.4514917 ], [ -112.0523131, 33.4514777 ] ] } },
{ "type": "Feature", "properties": { "name": null, "highway": "footway" }, "geometry": { "type": "LineString", "coordinates": [ [ -112.0538062, 33.4514807 ], [ -112.0537905, 33.451467 ] ] } },
{ "type": "Feature", "properties": { "name": null, "highway": "footway" }, "geometry": { "type": "LineString", "coordinates": [ [ -112.0536558, 33.451470699999987 ], [ -112.053638, 33.4514803 ] ] } },
{ "type": "Feature", "properties": { "name": null, "highway": "footway" }, "geometry": { "type": "LineString", "coordinates": [ [ -112.0521772, 33.4514798 ], [ -112.0521625, 33.4514983 ] ] } },
{ "type": "Feature", "properties": { "name": null, "highway": "service" }, "geometry": { "type": "LineString", "coordinates": [ [ -112.053720900000016, 33.4516906 ], [ -112.0536516, 33.4516913 ], [ -112.0535914, 33.4517245 ], [ -112.053508300000018, 33.4517254 ], [ -112.0533555, 33.4517271 ], [ -112.0533513, 33.4514674 ], [ -112.0533482, 33.4513812 ] ] } },
{ "type": "Feature", "properties": { "name": null, "highway": "service" }, "geometry": { "type": "LineString", "coordinates": [ [ -112.053510700000018, 33.4519107 ], [ -112.053508300000018, 33.4517254 ] ] } },
{ "type": "Feature", "properties": { "name": null, "highway": "service" }, "geometry": { "type": "LineString", "coordinates": [ [ -112.0527768, 33.4520475 ], [ -112.0536578, 33.4520446 ], [ -112.0537292, 33.4520444 ] ] } },
{ "type": "Feature", "properties": { "name": null, "highway": "footway" }, "geometry": { "type": "LineString", "coordinates": [ [ -112.0523581, 33.4514776 ], [ -112.0527169, 33.451471699999985 ], [ -112.0527874, 33.4514712 ], [ -112.0533513, 33.4514674 ], [ -112.0536005, 33.4514657 ], [ -112.0536252, 33.4514692 ], [ -112.053638, 33.4514803 ], [ -112.0536438, 33.4514853 ], [ -112.0536483, 33.4515051 ], [ -112.0536516, 33.4516913 ], [ -112.0536572, 33.4520052 ], [ -112.0536578, 33.4520446 ], [ -112.0536615, 33.4522869 ], [ -112.053669, 33.452629 ], [ -112.053666, 33.45263460000001 ], [ -112.0534177, 33.452636 ], [ -112.0530858, 33.4526357 ], [ -112.0527676, 33.4526403 ], [ -112.0527154, 33.452641 ], [ -112.0523465, 33.4526455 ], [ -112.0523005, 33.4526461 ], [ -112.0522968, 33.4526415 ], [ -112.052292, 33.4526354 ], [ -112.0523066, 33.4520361 ], [ -112.0523162, 33.4515101 ], [ -112.0523223, 33.451497 ], [ -112.0523296, 33.4514917 ], [ -112.0523424, 33.4514825 ], [ -112.0523581, 33.4514776 ] ] } },
{ "type": "Feature", "properties": { "name": "North 13th Place", "highway": "residential" }, "geometry": { "type": "LineString", "coordinates": [ [ -112.0537146, 33.451376699999983 ], [ -112.0537157, 33.4514691 ], [ -112.053716, 33.4514996 ], [ -112.053720900000016, 33.4516906 ], [ -112.0537259, 33.4518864 ], [ -112.05372770000001, 33.4519645 ], [ -112.0537292, 33.4520444 ], [ -112.05373010000001, 33.4520729 ], [ -112.0537324, 33.4521762 ], [ -112.0537366, 33.4526862 ], [ -112.0537404, 33.4529166 ], [ -112.0537558, 33.453824 ], [ -112.0537566, 33.45387190000001 ] ] } },
{ "type": "Feature", "properties": { "name": null, "highway": "footway" }, "geometry": { "type": "LineString", "coordinates": [ [ -112.0521469, 33.4526395 ], [ -112.0521585, 33.4526489 ] ] } },
{ "type": "Feature", "properties": { "name": null, "highway": "footway" }, "geometry": { "type": "LineString", "coordinates": [ [ -112.0522968, 33.4526415 ], [ -112.0522854, 33.4526501 ] ] } },
{ "type": "Feature", "properties": { "name": null, "highway": "footway" }, "geometry": { "type": "LineString", "coordinates": [ [ -112.053666, 33.45263460000001 ], [ -112.05367750000002, 33.4526421 ] ] } },
{ "type": "Feature", "properties": { "name": null, "highway": "service" }, "geometry": { "type": "LineString", "coordinates": [ [ -112.0527322, 33.4539615 ], [ -112.0527334, 33.4539161 ], [ -112.0527414, 33.4536128 ], [ -112.0527649, 33.4527605 ], [ -112.0527667, 33.4526952 ], [ -112.0527676, 33.4526403 ], [ -112.0527772, 33.4520746 ], [ -112.0527768, 33.4520475 ], [ -112.0527871, 33.4514869 ], [ -112.0527874, 33.4514712 ], [ -112.0527888, 33.4513855 ] ] } },
{ "type": "Feature", "properties": { "name": null, "highway": "footway" }, "geometry": { "type": "LineString", "coordinates": [ [ -112.0522817, 33.4527532 ], [ -112.0522166, 33.452757 ], [ -112.0521564, 33.4527605 ], [ -112.0521575, 33.4527039 ], [ -112.0521585, 33.4526489 ], [ -112.0522187, 33.4526495 ], [ -112.0522854, 33.4526501 ], [ -112.0522835, 33.4527026 ], [ -112.0522817, 33.4527532 ] ] } },
{ "type": "Feature", "properties": { "name": null, "highway": "footway" }, "geometry": { "type": "LineString", "coordinates": [ [ -112.0536756, 33.4527515 ], [ -112.0536767, 33.4526867 ], [ -112.05367750000002, 33.4526421 ] ] } },
{ "type": "Feature", "properties": { "name": null, "highway": "footway" }, "geometry": { "type": "LineString", "coordinates": [ [ -112.0522953, 33.4527668 ], [ -112.0522817, 33.4527532 ] ] } },
{ "type": "Feature", "properties": { "name": null, "highway": "footway" }, "geometry": { "type": "LineString", "coordinates": [ [ -112.0521564, 33.4527605 ], [ -112.0521424, 33.4527733 ] ] } },
{ "type": "Feature", "properties": { "name": null, "highway": "service" }, "geometry": { "type": "LineString", "coordinates": [ [ -112.050973400000018, 33.4515226 ], [ -112.0509598, 33.4519366 ] ] } },
{ "type": "Feature", "properties": { "name": null, "highway": "footway" }, "geometry": { "type": "LineString", "coordinates": [ [ -112.0521649, 33.452016 ], [ -112.0521644, 33.4520383 ], [ -112.0521569, 33.4524108 ], [ -112.0521543, 33.4526341 ], [ -112.0521469, 33.4526395 ], [ -112.0521389, 33.4526453 ], [ -112.0510215, 33.4526546 ], [ -112.0509966, 33.4526548 ], [ -112.0504126, 33.45266 ], [ -112.0502848, 33.4526611 ], [ -112.0495439, 33.4526674 ], [ -112.0495245, 33.4526671 ] ] } },
{ "type": "Feature", "properties": { "name": null, "highway": "service" }, "geometry": { "type": "LineString", "coordinates": [ [ -112.050283800000017, 33.4527156 ], [ -112.0502848, 33.4526611 ], [ -112.0502946, 33.452142799999983 ] ] } },
{ "type": "Feature", "properties": { "name": null, "highway": "service" }, "geometry": { "type": "LineString", "coordinates": [ [ -112.050996, 33.4527106 ], [ -112.0509966, 33.4526548 ], [ -112.051001, 33.4522502 ] ] } },
{ "type": "Feature", "properties": { "name": "East Polk Street", "highway": "residential" }, "geometry": { "type": "LineString", "coordinates": [ [ -112.0537366, 33.4526862 ], [ -112.0536767, 33.4526867 ], [ -112.0532755, 33.4526902 ], [ -112.0527667, 33.4526952 ], [ -112.0522835, 33.4527026 ], [ -112.0522177, 33.452703599999985 ], [ -112.0521575, 33.4527039 ], [ -112.0514954, 33.4527071 ], [ -112.050996, 33.4527106 ], [ -112.0507589, 33.4527123 ], [ -112.050283800000017, 33.4527156 ], [ -112.0501996, 33.4527162 ], [ -112.0496913, 33.4527198 ], [ -112.0495247, 33.4527238 ] ] } },
{ "type": "Feature", "properties": { "name": null, "highway": "footway" }, "geometry": { "type": "LineString", "coordinates": [ [ -112.0521649, 33.452016 ], [ -112.05217, 33.4519277 ], [ -112.0521804, 33.4515061 ], [ -112.0521625, 33.4514983 ], [ -112.0521481, 33.4514921 ], [ -112.0518174, 33.4514936 ], [ -112.0514121, 33.4514967 ], [ -112.051385300000021, 33.4514839 ], [ -112.05115, 33.4514859 ], [ -112.050974600000018, 33.4514874 ], [ -112.0508612, 33.4514883 ], [ -112.050840800000017, 33.4515009 ], [ -112.050633, 33.4515035 ], [ -112.0503651, 33.4515035 ], [ -112.0503275, 33.4515035 ], [ -112.0499799, 33.4515078 ], [ -112.0498014, 33.4515093 ], [ -112.0495956, 33.451511 ], [ -112.0495798, 33.4515111 ], [ -112.0495173, 33.4515117 ], [ -112.049268, 33.4515107 ], [ -112.0492301, 33.4515105 ], [ -112.0491735, 33.451500199999977 ], [ -112.049063, 33.4515007 ], [ -112.0490378, 33.4515187 ], [ -112.0490294, 33.4515356 ], [ -112.04903, 33.45179250000001 ], [ -112.04903, 33.4518082 ], [ -112.0490304, 33.4520632 ], [ -112.0490287, 33.4522509 ], [ -112.049026, 33.4527187 ], [ -112.049024, 33.4532223 ], [ -112.0490208, 33.4535575 ], [ -112.049021600000017, 33.4538173 ], [ -112.0490169, 33.4541033 ], [ -112.0490159, 33.4542422 ], [ -112.0490181, 33.4542567 ], [ -112.049019200000018, 33.4542637 ], [ -112.049045, 33.4542631 ], [ -112.0491011, 33.4542607 ], [ -112.0492785, 33.4542467 ], [ -112.0494862, 33.4542241 ], [ -112.0495142, 33.454221 ], [ -112.0496499, 33.454206 ], [ -112.0499916, 33.45417 ], [ -112.0501812, 33.45415 ], [ -112.0504435, 33.4541223 ], [ -112.0505669, 33.454113299999989 ], [ -112.0508798, 33.4540795 ], [ -112.0509755, 33.454068900000017 ], [ -112.0511878, 33.4540453 ], [ -112.0513297, 33.4540304 ], [ -112.0514915, 33.4540135 ], [ -112.0515283, 33.4540096 ], [ -112.051995300000016, 33.4539617 ], [ -112.0521045, 33.4539497 ], [ -112.052118, 33.4539425 ], [ -112.0521191, 33.4539359 ], [ -112.0521211, 33.4539234 ], [ -112.0521323, 33.4534234 ], [ -112.052139600000018, 33.4530972 ], [ -112.0521458, 33.4527782 ], [ -112.0521424, 33.4527733 ], [ -112.0521376, 33.4527665 ], [ -112.051861, 33.4527688 ], [ -112.0514952, 33.4527707 ], [ -112.0511657, 33.4527725 ], [ -112.050778, 33.4527774 ], [ -112.0507563, 33.4527775 ], [ -112.0502373, 33.45278 ], [ -112.050199400000011, 33.452780699999984 ], [ -112.0500068, 33.452784 ], [ -112.0498738, 33.4527823 ], [ -112.0496599, 33.4527851 ] ] } },
{ "type": "Feature", "properties": { "name": null, "highway": "service" }, "geometry": { "type": "LineString", "coordinates": [ [ -112.0507589, 33.4527123 ], [ -112.0507563, 33.4527775 ], [ -112.0507434, 33.4531083 ], [ -112.0505727, 33.4531147 ] ] } },
{ "type": "Feature", "properties": { "name": null, "highway": "service" }, "geometry": { "type": "LineString", "coordinates": [ [ -112.0501996, 33.4527162 ], [ -112.050199400000011, 33.452780699999984 ], [ -112.0501981, 33.4532811 ], [ -112.0503644, 33.453294 ] ] } },
{ "type": "Feature", "properties": { "name": null, "highway": "service" }, "geometry": { "type": "LineString", "coordinates": [ [ -112.0495139, 33.4542677 ], [ -112.0495142, 33.454221 ], [ -112.0495247, 33.4527238 ], [ -112.0495245, 33.4526671 ], [ -112.0495225, 33.4521985 ], [ -112.049524, 33.4520816 ], [ -112.0510619, 33.4520465 ], [ -112.0515738, 33.4520365 ], [ -112.0521644, 33.4520383 ], [ -112.052229200000014, 33.4520385 ] ] } },
{ "type": "Feature", "properties": { "name": null, "highway": "service" }, "geometry": { "type": "LineString", "coordinates": [ [ -112.051491400000018, 33.4540538 ], [ -112.0514915, 33.4540135 ], [ -112.0514952, 33.4527707 ], [ -112.0514954, 33.4527071 ] ] } },
{ "type": "Feature", "properties": { "name": "East Van Buren Street", "highway": "primary" }, "geometry": { "type": "LineString", "coordinates": [ [ -112.047704, 33.451421599999989 ], [ -112.047849, 33.4514211 ], [ -112.0482395, 33.4514192 ], [ -112.0484462, 33.4514183 ] ] } },
{ "type": "Feature", "properties": { "name": null, "highway": "footway" }, "geometry": { "type": "LineString", "coordinates": [ [ -112.0498018, 33.4514925 ], [ -112.0498099, 33.4514142 ], [ -112.0498198, 33.4513195 ] ] } },
{ "type": "Feature", "properties": { "name": null, "highway": "footway" }, "geometry": { "type": "LineString", "coordinates": [ [ -112.0498018, 33.4514925 ], [ -112.0498014, 33.4515093 ] ] } },
{ "type": "Feature", "properties": { "name": null, "highway": "footway" }, "geometry": { "type": "LineString", "coordinates": [ [ -112.0490232, 33.4515079 ], [ -112.0489622, 33.4515092 ], [ -112.048898600000015, 33.4515106 ] ] } },
{ "type": "Feature", "properties": { "name": null, "highway": "footway" }, "geometry": { "type": "LineString", "coordinates": [ [ -112.0490378, 33.4515187 ], [ -112.0490232, 33.4515079 ] ] } },
{ "type": "Feature", "properties": { "name": null, "highway": "footway" }, "geometry": { "type": "LineString", "coordinates": [ [ -112.048898600000015, 33.4515106 ], [ -112.0488802, 33.45152490000001 ] ] } },
{ "type": "Feature", "properties": { "name": null, "highway": "service" }, "geometry": { "type": "LineString", "coordinates": [ [ -112.0492702, 33.4514153 ], [ -112.049268, 33.4515107 ], [ -112.049267500000013, 33.45153 ], [ -112.0492689, 33.451701799999988 ], [ -112.0491877, 33.4517941 ], [ -112.04903, 33.45179250000001 ], [ -112.0490163, 33.4517924 ], [ -112.0489598, 33.4517918 ] ] } },
{ "type": "Feature", "properties": { "name": null, "highway": "service" }, "geometry": { "type": "LineString", "coordinates": [ [ -112.0495767, 33.4514147 ], [ -112.0495798, 33.4515111 ], [ -112.0495812, 33.4515543 ], [ -112.0495889, 33.4517698 ], [ -112.0497937, 33.4519501 ] ] } },
{ "type": "Feature", "properties": { "name": null, "highway": "service" }, "geometry": { "type": "LineString", "coordinates": [ [ -112.047699, 33.451912 ], [ -112.0478167, 33.4519131 ], [ -112.048357, 33.451918 ], [ -112.048885, 33.4519167 ], [ -112.0489587, 33.4519165 ] ] } },
{ "type": "Feature", "properties": { "name": "North 15th Street", "highway": "residential" }, "geometry": { "type": "LineString", "coordinates": [ [ -112.0489631, 33.451416 ], [ -112.0489622, 33.4515092 ], [ -112.048962100000011, 33.4515328 ], [ -112.0489598, 33.4517918 ], [ -112.0489587, 33.4519165 ], [ -112.048957700000017, 33.4520627 ], [ -112.0489569, 33.4521933 ], [ -112.0489511, 33.4530791 ], [ -112.0489428, 33.4543287 ], [ -112.0489397, 33.4547963 ], [ -112.0489394, 33.4548493 ] ] } },
{ "type": "Feature", "properties": { "name": null, "highway": "service" }, "geometry": { "type": "LineString", "coordinates": [ [ -112.0483367, 33.4543653 ], [ -112.048354100000012, 33.4522002 ], [ -112.048357, 33.451918 ] ] } },
{ "type": "Feature", "properties": { "name": null, "highway": "footway" }, "geometry": { "type": "LineString", "coordinates": [ [ -112.0488735, 33.4543782 ], [ -112.0488794, 33.4535826 ], [ -112.0488825, 33.4528841 ], [ -112.0488843, 33.4523616 ], [ -112.048885, 33.4519167 ], [ -112.0488851, 33.4518336 ], [ -112.048888, 33.451549 ], [ -112.0488854, 33.4515315 ], [ -112.0488802, 33.45152490000001 ], [ -112.0488755, 33.451519 ], [ -112.0488389, 33.4515166 ], [ -112.048651, 33.4515137 ], [ -112.0486281, 33.4515041 ], [ -112.0485538, 33.4515038 ], [ -112.0485043, 33.451517699999982 ], [ -112.0484507, 33.4515192 ], [ -112.0483017, 33.4515214 ], [ -112.0482764, 33.451507 ], [ -112.0482036, 33.451507 ], [ -112.0479969, 33.451509 ], [ -112.0479652, 33.4515226 ], [ -112.0479154, 33.4515202 ], [ -112.0478684, 33.4515216 ], [ -112.047851, 33.4515355 ], [ -112.0478296, 33.4515651 ], [ -112.047828, 33.4515962 ], [ -112.0478167, 33.4519131 ], [ -112.0478151, 33.451957 ], [ -112.0478094, 33.452177 ], [ -112.0478062, 33.4522976 ], [ -112.0478041, 33.4524234 ], [ -112.0478006, 33.4526262 ], [ -112.0477991, 33.4527112 ], [ -112.0477969, 33.452835 ], [ -112.0477952, 33.4529339 ], [ -112.0477944, 33.4530805 ], [ -112.0477974, 33.4531697 ], [ -112.0478015, 33.4534783 ], [ -112.0478079, 33.4537415 ], [ -112.0478071, 33.4538081 ], [ -112.0478064, 33.4538642 ], [ -112.0478066, 33.45404 ], [ -112.0478021, 33.4542999 ], [ -112.0477989, 33.4544724 ], [ -112.0477994, 33.4545925 ], [ -112.0478008, 33.4547357 ], [ -112.0478164, 33.4547555 ], [ -112.0478369, 33.4547726 ], [ -112.0478558, 33.4547822 ], [ -112.0482292, 33.4547819 ], [ -112.0488542, 33.4547835 ], [ -112.0488653, 33.4547806 ], [ -112.0488726, 33.4547716 ], [ -112.0488735, 33.4543782 ] ] } },
{ "type": "Feature", "properties": { "name": null, "highway": "service" }, "geometry": { "type": "LineString", "coordinates": [ [ -112.048017, 33.4534615 ], [ -112.0480189, 33.4538068 ], [ -112.0480206, 33.4538843 ], [ -112.0481807, 33.453885899999989 ] ] } },
{ "type": "Feature", "properties": { "name": null, "highway": "service" }, "geometry": { "type": "LineString", "coordinates": [ [ -112.049992, 33.454216 ], [ -112.0499916, 33.45417 ], [ -112.0499899, 33.4539913 ] ] } },
{ "type": "Feature", "properties": { "name": null, "highway": "footway" }, "geometry": { "type": "LineString", "coordinates": [ [ -112.0490181, 33.4542567 ], [ -112.0490018, 33.4542595 ] ] } },
{ "type": "Feature", "properties": { "name": null, "highway": "footway" }, "geometry": { "type": "LineString", "coordinates": [ [ -112.0490018, 33.4542595 ], [ -112.0490025, 33.4543223 ], [ -112.0490031, 33.4543804 ] ] } },
{ "type": "Feature", "properties": { "name": null, "highway": "footway" }, "geometry": { "type": "LineString", "coordinates": [ [ -112.049017, 33.4543892 ], [ -112.0490031, 33.4543804 ] ] } },
{ "type": "Feature", "properties": { "name": null, "highway": "service" }, "geometry": { "type": "LineString", "coordinates": [ [ -112.0499861, 33.4548538 ], [ -112.0499873, 33.4547831 ], [ -112.0499918, 33.4545044 ] ] } },
{ "type": "Feature", "properties": { "name": null, "highway": "footway" }, "geometry": { "type": "LineString", "coordinates": [ [ -112.0488823, 33.4547966 ], [ -112.0488653, 33.4547806 ] ] } },
{ "type": "Feature", "properties": { "name": null, "highway": "footway" }, "geometry": { "type": "LineString", "coordinates": [ [ -112.049020400000018, 33.4547821 ], [ -112.049001500000017, 33.454796 ] ] } },
{ "type": "Feature", "properties": { "name": null, "highway": "footway" }, "geometry": { "type": "LineString", "coordinates": [ [ -112.0536756, 33.4527515 ], [ -112.0536696, 33.4527614 ] ] } },
{ "type": "Feature", "properties": { "name": null, "highway": "footway" }, "geometry": { "type": "LineString", "coordinates": [ [ -112.0538217, 33.4528472 ], [ -112.053810900000016, 33.4528598 ] ] } },
{ "type": "Feature", "properties": { "name": null, "highway": "footway" }, "geometry": { "type": "LineString", "coordinates": [ [ -112.053810900000016, 33.4528598 ], [ -112.053809700000016, 33.4529164 ], [ -112.0538087, 33.4529661 ] ] } },
{ "type": "Feature", "properties": { "name": null, "highway": "footway" }, "geometry": { "type": "LineString", "coordinates": [ [ -112.0538087, 33.4529661 ], [ -112.0538208, 33.452975 ] ] } },
{ "type": "Feature", "properties": { "name": null, "highway": "service" }, "geometry": { "type": "LineString", "coordinates": [ [ -112.0533021, 33.4539041 ], [ -112.053301, 33.4538554 ], [ -112.0532769, 33.452756 ], [ -112.0532755, 33.4526902 ] ] } },
{ "type": "Feature", "properties": { "name": null, "highway": "footway" }, "geometry": { "type": "LineString", "coordinates": [ [ -112.0524347, 33.4527664 ], [ -112.0526415, 33.4527621 ], [ -112.0527649, 33.4527605 ], [ -112.0529918, 33.4527575 ], [ -112.0532769, 33.452756 ], [ -112.0536508, 33.4527541 ], [ -112.0536646, 33.4527561 ], [ -112.0536696, 33.4527614 ], [ -112.0536729, 33.4527705 ], [ -112.0536742, 33.45303590000001 ], [ -112.0536784, 33.4535004 ], [ -112.0536862, 33.4538075 ], [ -112.0536806, 33.4538215 ], [ -112.0536661, 33.4538315 ], [ -112.0536481, 33.453837300000011 ], [ -112.0535101, 33.453845 ], [ -112.053301, 33.4538554 ], [ -112.05327, 33.453857 ], [ -112.053034900000014, 33.4538767 ], [ -112.0528861, 33.4538942 ], [ -112.0527334, 33.4539161 ], [ -112.0527013, 33.4539207 ], [ -112.052380700000015, 33.453962 ], [ -112.0523322, 33.4539688 ], [ -112.0523013, 33.4539721 ], [ -112.0522791, 33.4539596 ], [ -112.052274200000014, 33.453954 ], [ -112.0522668, 33.4539457 ], [ -112.0522658, 33.4539248 ], [ -112.0522725, 33.4535982 ], [ -112.0522782, 33.4533187 ], [ -112.0522915, 33.452775099999982 ], [ -112.0522953, 33.4527668 ], [ -112.052319, 33.4527649 ], [ -112.0524347, 33.4527664 ] ] } },
{ "type": "Feature", "properties": { "name": null, "highway": "service" }, "geometry": { "type": "LineString", "coordinates": [ [ -112.0522029, 33.4535961 ], [ -112.0522725, 33.4535982 ], [ -112.0525562, 33.4536066 ], [ -112.0526951, 33.4536099 ], [ -112.0527414, 33.4536128 ] ] } },
{ "type": "Feature", "properties": { "name": null, "highway": "footway" }, "geometry": { "type": "LineString", "coordinates": [ [ -112.0538427, 33.4538143 ], [ -112.053829800000017, 33.453823 ] ] } },
{ "type": "Feature", "properties": { "name": null, "highway": "footway" }, "geometry": { "type": "LineString", "coordinates": [ [ -112.0536948, 33.4538249 ], [ -112.0536806, 33.4538215 ] ] } },
{ "type": "Feature", "properties": { "name": null, "highway": "footway" }, "geometry": { "type": "LineString", "coordinates": [ [ -112.053829800000017, 33.453823 ], [ -112.0537558, 33.453824 ], [ -112.0536948, 33.4538249 ] ] } },
{ "type": "Feature", "properties": { "name": null, "highway": "service" }, "geometry": { "type": "LineString", "coordinates": [ [ -112.0509753, 33.4541096 ], [ -112.0509755, 33.454068900000017 ], [ -112.0509801, 33.453195899999983 ] ] } },
{ "type": "Feature", "properties": { "name": null, "highway": "service" }, "geometry": { "type": "LineString", "coordinates": [ [ -112.0513297, 33.4540712 ], [ -112.0513297, 33.4540304 ], [ -112.0513294, 33.4537036 ], [ -112.0513027, 33.453541 ] ] } },
{ "type": "Feature", "properties": { "name": null, "highway": "service" }, "geometry": { "type": "LineString", "coordinates": [ [ -112.0505695, 33.4541518 ], [ -112.0505669, 33.454113299999989 ], [ -112.0505766, 33.4535031 ] ] } },
{ "type": "Feature", "properties": { "name": null, "highway": "service" }, "geometry": { "type": "LineString", "coordinates": [ [ -112.0501802, 33.4541956 ], [ -112.0501812, 33.45415 ], [ -112.050192, 33.4536607 ] ] } },
{ "type": "Feature", "properties": { "name": null, "highway": "footway" }, "geometry": { "type": "LineString", "coordinates": [ [ -112.0521229, 33.4543052 ], [ -112.0521266, 33.4541188 ], [ -112.052124, 33.4540952 ], [ -112.0521299, 33.4540789 ], [ -112.052122700000012, 33.4540596 ], [ -112.0521044, 33.4540509 ], [ -112.0520784, 33.4540536 ], [ -112.0512015, 33.4541432 ], [ -112.0503713, 33.4542327 ], [ -112.0495832, 33.4543162 ], [ -112.0490288, 33.4543724 ], [ -112.0490171, 33.4543829 ], [ -112.049017, 33.4543892 ], [ -112.0490167, 33.4544331 ], [ -112.0490143, 33.454776899999985 ], [ -112.049020400000018, 33.4547821 ], [ -112.0490247, 33.4547858 ], [ -112.0491572, 33.4547853 ], [ -112.0493955, 33.454786 ], [ -112.0496325, 33.4547833 ], [ -112.0499873, 33.4547831 ], [ -112.0521109, 33.4547821 ], [ -112.0521229, 33.4543052 ] ] } },
{ "type": "Feature", "properties": { "name": null, "highway": "footway" }, "geometry": { "type": "LineString", "coordinates": [ [ -112.0520918, 33.45575620000001 ], [ -112.0520885, 33.4557392 ] ] } },
{ "type": "Feature", "properties": { "name": null, "highway": "footway" }, "geometry": { "type": "LineString", "coordinates": [ [ -112.0520907, 33.4558643 ], [ -112.052085, 33.4558779 ] ] } },
{ "type": "Feature", "properties": { "name": null, "highway": "footway" }, "geometry": { "type": "LineString", "coordinates": [ [ -112.0520754, 33.4567124 ], [ -112.0520599, 33.4567025 ] ] } },
{ "type": "Feature", "properties": { "name": null, "highway": "footway" }, "geometry": { "type": "LineString", "coordinates": [ [ -112.052193, 33.45671380000001 ], [ -112.0521352, 33.4567131 ], [ -112.0520754, 33.4567124 ], [ -112.0520758, 33.4567685 ], [ -112.0520763, 33.4568303 ] ] } },
{ "type": "Feature", "properties": { "name": null, "highway": "footway" }, "geometry": { "type": "LineString", "coordinates": [ [ -112.0520763, 33.4568303 ], [ -112.0521312, 33.4568305 ], [ -112.0521862, 33.4568308 ], [ -112.0521898, 33.4567686 ], [ -112.052193, 33.45671380000001 ] ] } },
{ "type": "Feature", "properties": { "name": null, "highway": "footway" }, "geometry": { "type": "LineString", "coordinates": [ [ -112.0521214, 33.4549058 ], [ -112.0521118, 33.4549183 ] ] } },
{ "type": "Feature", "properties": { "name": null, "highway": "footway" }, "geometry": { "type": "LineString", "coordinates": [ [ -112.0523934, 33.4549193 ], [ -112.053743400000016, 33.4549167 ], [ -112.0541741, 33.4549173 ], [ -112.0543397, 33.4549147 ], [ -112.0543504, 33.4549145 ], [ -112.0543382, 33.455321499999989 ], [ -112.0543256, 33.4557404 ], [ -112.0523445, 33.455741 ], [ -112.052227, 33.4557405 ], [ -112.0522379, 33.4553277 ], [ -112.0522454, 33.4550432 ], [ -112.0522523, 33.4549179 ], [ -112.0523934, 33.4549193 ] ] } },
{ "type": "Feature", "properties": { "name": null, "highway": "footway" }, "geometry": { "type": "LineString", "coordinates": [ [ -112.0522179, 33.455758 ], [ -112.052227, 33.4557405 ] ] } },
{ "type": "Feature", "properties": { "name": null, "highway": "footway" }, "geometry": { "type": "LineString", "coordinates": [ [ -112.0522118, 33.4558628 ], [ -112.0522149, 33.455809299999984 ], [ -112.0522179, 33.455758 ], [ -112.0521566, 33.455757099999985 ], [ -112.0520918, 33.45575620000001 ], [ -112.0520913, 33.455809299999984 ], [ -112.0520907, 33.4558643 ] ] } },
{ "type": "Feature", "properties": { "name": null, "highway": "footway" }, "geometry": { "type": "LineString", "coordinates": [ [ -112.0520907, 33.4558643 ], [ -112.0521547, 33.4558635 ], [ -112.0522118, 33.4558628 ] ] } },
{ "type": "Feature", "properties": { "name": null, "highway": "footway" }, "geometry": { "type": "LineString", "coordinates": [ [ -112.0522305, 33.4558818 ], [ -112.0522118, 33.4558628 ] ] } },
{ "type": "Feature", "properties": { "name": null, "highway": "footway" }, "geometry": { "type": "LineString", "coordinates": [ [ -112.0543083, 33.4566222 ], [ -112.0543066, 33.4566942 ], [ -112.0543008, 33.4567033 ], [ -112.0534907, 33.4567034 ], [ -112.0528576, 33.4567046 ], [ -112.0523256, 33.4567059 ], [ -112.0522019, 33.4567035 ], [ -112.0522031, 33.4566342 ], [ -112.052212, 33.4562926 ], [ -112.0522226, 33.4558844 ], [ -112.0522305, 33.4558818 ], [ -112.0522408, 33.4558784 ], [ -112.0524075, 33.4558791 ], [ -112.054315, 33.4558779 ], [ -112.0543218, 33.4558813 ], [ -112.054328, 33.4558844 ], [ -112.0543284, 33.4558981 ], [ -112.0543189, 33.4563011 ], [ -112.0543163, 33.45641220000001 ], [ -112.0543083, 33.4566222 ] ] } },
{ "type": "Feature", "properties": { "name": "North 14th Street", "highway": "residential" }, "geometry": { "type": "LineString", "coordinates": [ [ -112.052236, 33.4513907 ], [ -112.052235200000013, 33.4514789 ], [ -112.0522347, 33.4515367 ], [ -112.052229200000014, 33.4520385 ], [ -112.0522289, 33.4520678 ], [ -112.0522187, 33.4526495 ], [ -112.0522177, 33.452703599999985 ], [ -112.0522166, 33.452757 ], [ -112.0522066, 33.4532627 ], [ -112.0522029, 33.4535961 ], [ -112.0521997, 33.4539526 ], [ -112.0521992, 33.4540041 ], [ -112.0521993, 33.4540654 ], [ -112.0522, 33.454342299999986 ], [ -112.0521856, 33.4547917 ], [ -112.0521838, 33.45484840000001 ], [ -112.052182, 33.4549034 ], [ -112.0521748, 33.4551241 ], [ -112.0521606, 33.4553279 ], [ -112.0521566, 33.455757099999985 ], [ -112.0521561, 33.4558093 ], [ -112.0521547, 33.4558635 ], [ -112.0521438, 33.4562923 ], [ -112.0521352, 33.4567131 ], [ -112.0521341, 33.45676850000001 ], [ -112.0521312, 33.4568305 ], [ -112.0521112, 33.4572545 ], [ -112.0521106, 33.4573889 ], [ -112.0520944, 33.4576784 ], [ -112.0520908, 33.457743 ], [ -112.0520908, 33.45779180000001 ], [ -112.0520906, 33.4582144 ], [ -112.0520779, 33.4586352 ], [ -112.0520646, 33.4587209 ], [ -112.052063600000011, 33.458775399999986 ], [ -112.0520565, 33.459161 ], [ -112.0520459, 33.4595529 ], [ -112.0520444, 33.4596073 ], [ -112.052045, 33.4596718 ], [ -112.0520491, 33.4600824 ], [ -112.0520524, 33.4604195 ], [ -112.0520531, 33.4604851 ], [ -112.0520553, 33.460925 ], [ -112.052055600000017, 33.4609828 ], [ -112.052055600000017, 33.4610394 ], [ -112.0520558, 33.4614094 ] ] } },
{ "type": "Feature", "properties": { "name": null, "highway": "footway" }, "geometry": { "type": "LineString", "coordinates": [ [ -112.052193, 33.45671380000001 ], [ -112.0522019, 33.4567035 ] ] } },
{ "type": "Feature", "properties": { "name": "East McKinley Street", "highway": "residential" }, "geometry": { "type": "LineString", "coordinates": [ [ -112.0526536, 33.4567691 ], [ -112.0521898, 33.4567686 ], [ -112.0521341, 33.45676850000001 ] ] } },
{ "type": "Feature", "properties": { "name": null, "highway": "footway" }, "geometry": { "type": "LineString", "coordinates": [ [ -112.049001500000017, 33.454796 ], [ -112.0489397, 33.4547963 ], [ -112.0488823, 33.4547966 ] ] } },
{ "type": "Feature", "properties": { "name": null, "highway": "footway" }, "geometry": { "type": "LineString", "coordinates": [ [ -112.0495872, 33.4549193 ], [ -112.0491776, 33.4549192 ], [ -112.0486935, 33.4549195 ], [ -112.048172, 33.4549201 ], [ -112.0478776, 33.454917 ], [ -112.0478492, 33.454917 ], [ -112.0478303, 33.4549244 ], [ -112.0478108, 33.454936600000011 ], [ -112.047801, 33.4549491 ], [ -112.0477974, 33.4549779 ], [ -112.047792300000012, 33.4553011 ], [ -112.0477922, 33.4553279 ], [ -112.0477914, 33.4556295 ], [ -112.04779, 33.4557222 ], [ -112.0477994, 33.4557339 ], [ -112.0478177, 33.4557413 ], [ -112.0478496, 33.4557434 ], [ -112.0482308, 33.4557418 ], [ -112.0488637, 33.455743 ], [ -112.0493444, 33.4557404 ], [ -112.049609100000012, 33.4557421 ], [ -112.0506157, 33.4557428 ], [ -112.0514955, 33.455738 ], [ -112.0520885, 33.4557392 ], [ -112.052100200000012, 33.4553279 ], [ -112.0521118, 33.4549183 ], [ -112.0515351, 33.4549184 ], [ -112.0495872, 33.4549193 ] ] } },
{ "type": "Feature", "properties": { "name": null, "highway": "footway" }, "geometry": { "type": "LineString", "coordinates": [ [ -112.0520727, 33.4564436 ], [ -112.052076, 33.4562923 ], [ -112.052085, 33.4558779 ], [ -112.0519474, 33.4558794 ], [ -112.0511832, 33.4558801 ], [ -112.0496143, 33.455881599999984 ], [ -112.0489459, 33.4558807 ], [ -112.0483439, 33.455881 ], [ -112.0478461, 33.4558812 ], [ -112.0478273, 33.4558825 ], [ -112.0478142, 33.4558873 ], [ -112.0478083, 33.4558894 ], [ -112.047795, 33.4559013 ], [ -112.047788700000012, 33.4559147 ], [ -112.0477835, 33.4562849 ], [ -112.047782, 33.4563881 ], [ -112.047779, 33.456666 ], [ -112.0477861, 33.4566912 ], [ -112.0478022, 33.4566995 ], [ -112.0478079, 33.4567024 ], [ -112.0478395, 33.4567046 ], [ -112.0480404, 33.456705 ], [ -112.0486868, 33.456704499999987 ], [ -112.0492062, 33.456704 ], [ -112.049604, 33.4567029 ], [ -112.0518861, 33.456704 ], [ -112.0520445, 33.4567079 ], [ -112.0520599, 33.4567025 ], [ -112.0520653, 33.4566806 ], [ -112.0520727, 33.4564436 ] ] } },
{ "type": "Feature", "properties": { "name": "East McKinley Street", "highway": "residential" }, "geometry": { "type": "LineString", "coordinates": [ [ -112.0521341, 33.45676850000001 ], [ -112.0520758, 33.4567685 ], [ -112.0496088, 33.4567701 ], [ -112.0483501, 33.4567708 ], [ -112.0478379, 33.4567727 ], [ -112.0477875, 33.4567734 ], [ -112.0476627, 33.4567752 ] ] } },
{ "type": "Feature", "properties": { "name": null, "highway": "footway" }, "geometry": { "type": "LineString", "coordinates": [ [ -112.05205, 33.4572325 ], [ -112.0520567, 33.4569919 ], [ -112.0520627, 33.4568474 ], [ -112.0516756, 33.4568455 ], [ -112.0495826, 33.4568487 ], [ -112.0485177, 33.4568467 ], [ -112.0478402, 33.456844 ], [ -112.047809, 33.456843099999986 ], [ -112.0477992, 33.4568473 ], [ -112.0477864, 33.4568527 ], [ -112.0477735, 33.456875 ], [ -112.0477748, 33.4569096 ], [ -112.0477695, 33.4572352 ] ] } },
{ "type": "Feature", "properties": { "name": null, "highway": "service" }, "geometry": { "type": "LineString", "coordinates": [ [ -112.0476564, 33.4572457 ], [ -112.0477692, 33.4572506 ], [ -112.0478708, 33.4572511 ], [ -112.0499254, 33.4572466 ], [ -112.0520505, 33.457255199999985 ], [ -112.0521112, 33.4572545 ] ] } },
{ "type": "Feature", "properties": { "name": null, "highway": "footway" }, "geometry": { "type": "LineString", "coordinates": [ [ -112.0477696, 33.4572699 ], [ -112.047768600000012, 33.457433 ], [ -112.0477687, 33.4576402 ], [ -112.0477801, 33.4576533 ], [ -112.0477941, 33.4576574 ], [ -112.047812400000012, 33.4576628 ], [ -112.047855400000017, 33.4576647 ], [ -112.0480804, 33.4576641 ], [ -112.048411, 33.4576661 ], [ -112.048737, 33.4576649 ], [ -112.0492821, 33.4576641 ], [ -112.0495934, 33.457666 ], [ -112.0514802, 33.4576652 ], [ -112.0520386, 33.457664 ], [ -112.0520476, 33.457353799999986 ], [ -112.0520495, 33.4572823 ] ] } },
{ "type": "Feature", "properties": { "name": "East Garfield Street", "highway": "residential" }, "geometry": { "type": "LineString", "coordinates": [ [ -112.0520908, 33.457743 ], [ -112.0520394, 33.4577429 ], [ -112.0504772, 33.457739 ], [ -112.0483678, 33.4577418 ], [ -112.0482582, 33.4577416 ], [ -112.04823110000001, 33.4577416 ], [ -112.04804590000002, 33.4577413 ], [ -112.0478272, 33.4577417 ], [ -112.0477775, 33.4577415 ], [ -112.04765, 33.457741 ], [ -112.0475281, 33.4577386 ], [ -112.0475072, 33.4577382 ], [ -112.0474209, 33.457753 ], [ -112.047369, 33.4577624 ], [ -112.0472136, 33.4578036 ], [ -112.0469347, 33.457804 ], [ -112.0468126, 33.4578042 ], [ -112.0467552, 33.4578037 ], [ -112.0456046, 33.4577936 ], [ -112.045511, 33.4577648 ] ] } },
{ "type": "Feature", "properties": { "name": null, "highway": "service" }, "geometry": { "type": "LineString", "coordinates": [ [ -112.04823110000001, 33.4577416 ], [ -112.0482329, 33.457795 ], [ -112.0482355, 33.4578036 ], [ -112.0482367, 33.4578073 ], [ -112.0482398, 33.4578128 ], [ -112.0482525, 33.4578362 ], [ -112.048263, 33.4578525 ], [ -112.0482691, 33.4578685 ], [ -112.0482724, 33.4578984 ], [ -112.0482813, 33.4581894 ], [ -112.0482821, 33.4582154 ] ] } },
{ "type": "Feature", "properties": { "name": null, "highway": "footway" }, "geometry": { "type": "LineString", "coordinates": [ [ -112.0497007, 33.4586268 ], [ -112.0497736, 33.4586268 ], [ -112.050430500000019, 33.4586232 ], [ -112.051512, 33.4586202 ], [ -112.051981, 33.4586189 ], [ -112.0520008, 33.4586024 ], [ -112.0520132, 33.458592 ], [ -112.0520232, 33.4582793 ], [ -112.0520251, 33.4582145 ], [ -112.0520346, 33.4578953 ], [ -112.0520392, 33.4578065 ], [ -112.052031900000017, 33.4578063 ], [ -112.0520075, 33.4578055 ], [ -112.0517844, 33.457805199999989 ], [ -112.0496001, 33.4578031 ], [ -112.0490987, 33.4578059 ], [ -112.0484833, 33.4578052 ], [ -112.0482355, 33.4578036 ], [ -112.0480943, 33.4578027 ], [ -112.0478036, 33.4578046 ], [ -112.0477876, 33.457808199999988 ], [ -112.0477652, 33.4578334 ], [ -112.0477636, 33.4578809 ], [ -112.0477737, 33.4579206 ], [ -112.0477922, 33.4579865 ], [ -112.0477876, 33.458003199999986 ], [ -112.0477883, 33.458041 ], [ -112.0477926, 33.4580558 ], [ -112.0477905, 33.4581575 ], [ -112.0477856, 33.45819010000001 ], [ -112.0477813, 33.4582114 ], [ -112.0477737, 33.4582489 ], [ -112.0477658, 33.458289399999984 ], [ -112.0477513, 33.4583641 ], [ -112.0477484, 33.4584096 ], [ -112.047742, 33.4585403 ], [ -112.0477404, 33.4585723 ], [ -112.0477446, 33.458593 ], [ -112.0477594, 33.4586043 ], [ -112.047766, 33.45861020000001 ], [ -112.0477836, 33.458626 ], [ -112.0478067, 33.4586313 ], [ -112.0479397, 33.4586339 ], [ -112.047975, 33.4586339 ], [ -112.0483289, 33.4586337 ], [ -112.048656300000019, 33.458636099999985 ], [ -112.048949, 33.4586316 ], [ -112.0493664, 33.4586257 ], [ -112.0497007, 33.4586268 ] ] } },
{ "type": "Feature", "properties": { "name": "East McKinley Street", "highway": "residential" }, "geometry": { "type": "LineString", "coordinates": [ [ -112.0538205, 33.4567725 ], [ -112.0533739, 33.456769899999983 ], [ -112.0526536, 33.4567691 ] ] } },
{ "type": "Feature", "properties": { "name": "Garfield School Bus Loading Zone", "highway": "service" }, "geometry": { "type": "LineString", "coordinates": [ [ -112.0526536, 33.4567691 ], [ -112.0527594, 33.4568366 ], [ -112.05367, 33.4568366 ], [ -112.0538205, 33.4567725 ] ] } },
{ "type": "Feature", "properties": { "name": null, "highway": "footway" }, "geometry": { "type": "LineString", "coordinates": [ [ -112.0521978, 33.456844 ], [ -112.0521862, 33.4568308 ] ] } },
{ "type": "Feature", "properties": { "name": null, "highway": "footway" }, "geometry": { "type": "LineString", "coordinates": [ [ -112.0542861, 33.4576707 ], [ -112.0542785, 33.4576526 ], [ -112.0542713, 33.4576357 ], [ -112.054285100000016, 33.4572777 ], [ -112.0542948, 33.4570261 ], [ -112.0542958, 33.4568429 ], [ -112.0541358, 33.4568437 ], [ -112.0537769, 33.4568456 ], [ -112.0537419, 33.4568551 ], [ -112.0531645, 33.4568596 ], [ -112.0527131, 33.45686 ], [ -112.0526724, 33.456843 ], [ -112.0524223, 33.4568449 ] ] } },
{ "type": "Feature", "properties": { "name": null, "highway": "footway" }, "geometry": { "type": "LineString", "coordinates": [ [ -112.0542785, 33.4576526 ], [ -112.0542475, 33.4576821 ], [ -112.0541516, 33.4576833 ], [ -112.054091, 33.4576805 ], [ -112.054028700000018, 33.4576681 ], [ -112.0539935, 33.4576575 ], [ -112.0539545, 33.457639 ], [ -112.0539227, 33.45762220000001 ], [ -112.0538849, 33.4576097 ], [ -112.0538386, 33.4576053 ], [ -112.0538088, 33.4576055 ] ] } },
{ "type": "Feature", "properties": { "name": null, "highway": "footway" }, "geometry": { "type": "LineString", "coordinates": [ [ -112.0521595, 33.4576783 ], [ -112.0521784, 33.457678799999989 ] ] } },
{ "type": "Feature", "properties": { "name": null, "highway": "footway" }, "geometry": { "type": "LineString", "coordinates": [ [ -112.0542559, 33.4579402 ], [ -112.0542721, 33.4579827 ], [ -112.054267, 33.4580751 ], [ -112.054254, 33.4586307 ], [ -112.0542401, 33.4586433 ], [ -112.0542255, 33.4586564 ], [ -112.0541339, 33.4586549 ], [ -112.0523597, 33.458661 ], [ -112.052185800000018, 33.458663 ], [ -112.052168100000017, 33.4586621 ], [ -112.0521624, 33.4586469 ], [ -112.0521533, 33.458622299999988 ], [ -112.0521731, 33.4579204 ], [ -112.0521759, 33.4577934 ], [ -112.0521784, 33.457678799999989 ], [ -112.0521806, 33.4575743 ], [ -112.0521933, 33.4570214 ], [ -112.0521978, 33.456844 ], [ -112.0524223, 33.4568449 ] ] } },
{ "type": "Feature", "properties": { "name": null, "highway": "service" }, "geometry": { "type": "LineString", "coordinates": [ [ -112.054354, 33.4577387 ], [ -112.0542809, 33.4577388 ], [ -112.054211, 33.4577388 ], [ -112.054117500000018, 33.4577388 ], [ -112.0539855, 33.457721 ], [ -112.053885, 33.4576656 ], [ -112.05381770000001, 33.4576507 ], [ -112.0537862, 33.4576798 ], [ -112.0537624, 33.4577566 ], [ -112.0537615, 33.4578319 ], [ -112.0537854, 33.4578923 ], [ -112.0538382, 33.4579001 ], [ -112.0540911, 33.4579022 ], [ -112.054193, 33.4579017 ], [ -112.0542555, 33.45790130000001 ], [ -112.0543504, 33.4579008 ] ] } },
{ "type": "Feature", "properties": { "name": null, "highway": "footway" }, "geometry": { "type": "LineString", "coordinates": [ [ -112.0521759, 33.4577934 ], [ -112.0521553, 33.4577922 ] ] } },
{ "type": "Feature", "properties": { "name": "East Roosevelt Street", "highway": "tertiary" }, "geometry": { "type": "LineString", "coordinates": [ [ -112.0562004, 33.4586944 ], [ -112.0561523, 33.4586962 ], [ -112.0558812, 33.4587061 ], [ -112.0543637, 33.4587135 ], [ -112.0543028, 33.4587138 ], [ -112.0542306, 33.4587144 ], [ -112.0532035, 33.4587237 ], [ -112.0524658, 33.4587266 ], [ -112.0522004, 33.4587276 ], [ -112.0520646, 33.4587209 ], [ -112.051946700000016, 33.4587035 ], [ -112.0518112, 33.4587038 ], [ -112.0515112, 33.4587046 ], [ -112.0498445, 33.4587088 ], [ -112.0497737, 33.4587093 ], [ -112.0483216, 33.4587194 ] ] } },
{ "type": "Feature", "properties": { "name": null, "highway": "footway" }, "geometry": { "type": "LineString", "coordinates": [ [ -112.0565416, 33.4557371 ], [ -112.0565241, 33.4557541 ] ] } },
{ "type": "Feature", "properties": { "name": null, "highway": "footway" }, "geometry": { "type": "LineString", "coordinates": [ [ -112.0563823, 33.4557398 ], [ -112.0564018, 33.4557577 ] ] } },
{ "type": "Feature", "properties": { "name": null, "highway": "footway" }, "geometry": { "type": "LineString", "coordinates": [ [ -112.0565214, 33.4558633 ], [ -112.0564564, 33.4558628 ], [ -112.0564028, 33.4558624 ], [ -112.0564023, 33.45581 ], [ -112.0564018, 33.4557577 ], [ -112.0564574, 33.4557561 ], [ -112.0565241, 33.4557541 ], [ -112.0565227, 33.45581 ], [ -112.0565214, 33.4558633 ] ] } },
{ "type": "Feature", "properties": { "name": "East Pierce Street", "highway": "residential" }, "geometry": { "type": "LineString", "coordinates": [ [ -112.0652162, 33.4558113 ], [ -112.0650659, 33.4558121 ], [ -112.065060800000012, 33.4558113 ], [ -112.0646074, 33.4558112 ], [ -112.063475, 33.4558148 ], [ -112.0633216, 33.4558156 ], [ -112.0633134, 33.4558153 ], [ -112.0621481, 33.4558112 ], [ -112.062067400000018, 33.4558108 ], [ -112.0619942, 33.4558104 ], [ -112.0613436, 33.4558107 ], [ -112.0606936, 33.4558106 ], [ -112.0606021, 33.4558106 ], [ -112.060534, 33.4558106 ], [ -112.0597162, 33.4558104 ], [ -112.0590664, 33.455810299999989 ], [ -112.058964, 33.4558103 ], [ -112.0588593, 33.4558103 ], [ -112.0574568, 33.4558101 ], [ -112.0565227, 33.45581 ], [ -112.0564566, 33.45581 ], [ -112.0564023, 33.45581 ], [ -112.0544547, 33.4558096 ], [ -112.0543877, 33.4558096 ], [ -112.0543373, 33.4558096 ], [ -112.0533477, 33.4558095 ], [ -112.0522149, 33.455809299999984 ], [ -112.0521561, 33.4558093 ], [ -112.0520913, 33.455809299999984 ], [ -112.0500811, 33.455809 ], [ -112.0478188, 33.4558112 ], [ -112.0478039, 33.4558113 ], [ -112.0476793, 33.4558125 ] ] } },
{ "type": "Feature", "properties": { "name": null, "highway": "footway" }, "geometry": { "type": "LineString", "coordinates": [ [ -112.0564028, 33.4558624 ], [ -112.0563882, 33.4558775 ] ] } },
{ "type": "Feature", "properties": { "name": null, "highway": "footway" }, "geometry": { "type": "LineString", "coordinates": [ [ -112.0565214, 33.4558633 ], [ -112.0565401, 33.455884399999988 ] ] } },
{ "type": "Feature", "properties": { "name": "North 12th Street", "highway": "residential" }, "geometry": { "type": "LineString", "coordinates": [ [ -112.0564484, 33.4586782 ], [ -112.0564485, 33.4586231 ], [ -112.0564492, 33.4582964 ], [ -112.0564494, 33.458215 ], [ -112.0564505, 33.4577882 ], [ -112.0564507, 33.4577308 ], [ -112.0564508, 33.4576829 ], [ -112.0564522, 33.4572557 ], [ -112.056453500000018, 33.4568246 ], [ -112.0564537, 33.4567689 ], [ -112.0564538, 33.4567209 ], [ -112.0564552, 33.4562946 ], [ -112.0564564, 33.4558628 ], [ -112.0564566, 33.45581 ], [ -112.0564574, 33.4557561 ], [ -112.0564638, 33.455321199999986 ], [ -112.0564701, 33.4548966 ], [ -112.0564709, 33.4548414 ], [ -112.0564696, 33.4547784 ], [ -112.056461, 33.454352199999988 ], [ -112.0564623, 33.4539228 ], [ -112.0564625, 33.4538631 ] ] } },
{ "type": "Feature", "properties": { "name": null, "highway": "footway" }, "geometry": { "type": "LineString", "coordinates": [ [ -112.0565345, 33.4566969 ], [ -112.056520600000013, 33.45672 ] ] } },
{ "type": "Feature", "properties": { "name": null, "highway": "footway" }, "geometry": { "type": "LineString", "coordinates": [ [ -112.0563785, 33.4567013 ], [ -112.0563978, 33.4567216 ] ] } },
{ "type": "Feature", "properties": { "name": null, "highway": "footway" }, "geometry": { "type": "LineString", "coordinates": [ [ -112.0565156, 33.4568235 ], [ -112.056453500000018, 33.4568246 ], [ -112.0564004, 33.4568255 ], [ -112.056399, 33.4567691 ], [ -112.0563978, 33.4567216 ], [ -112.0564538, 33.4567209 ], [ -112.056520600000013, 33.45672 ], [ -112.056518200000014, 33.4567689 ], [ -112.0565156, 33.4568235 ] ] } },
{ "type": "Feature", "properties": { "name": null, "highway": "footway" }, "geometry": { "type": "LineString", "coordinates": [ [ -112.0544284, 33.456828 ], [ -112.0543703, 33.4568282 ], [ -112.05431080000001, 33.4568285 ], [ -112.0543107, 33.4567754 ], [ -112.0543106, 33.4567195 ], [ -112.0543718, 33.4567191 ], [ -112.0544322, 33.45671870000001 ] ] } },
{ "type": "Feature", "properties": { "name": null, "highway": "footway" }, "geometry": { "type": "LineString", "coordinates": [ [ -112.0544284, 33.456828 ], [ -112.0544281, 33.4567756 ], [ -112.0544322, 33.45671870000001 ] ] } },
{ "type": "Feature", "properties": { "name": null, "highway": "footway" }, "geometry": { "type": "LineString", "coordinates": [ [ -112.0542958, 33.4568429 ], [ -112.05431080000001, 33.4568285 ] ] } },
{ "type": "Feature", "properties": { "name": null, "highway": "footway" }, "geometry": { "type": "LineString", "coordinates": [ [ -112.054438200000021, 33.4568424 ], [ -112.0544284, 33.456828 ] ] } },
{ "type": "Feature", "properties": { "name": null, "highway": "service" }, "geometry": { "type": "LineString", "coordinates": [ [ -112.0541368, 33.4572784 ], [ -112.0541358, 33.4568437 ], [ -112.0541356, 33.4567744 ] ] } },
{ "type": "Feature", "properties": { "name": null, "highway": "footway" }, "geometry": { "type": "LineString", "coordinates": [ [ -112.0563878, 33.4568428 ], [ -112.056390800000017, 33.4568515 ], [ -112.0563881, 33.4572556 ], [ -112.0563854, 33.4576557 ], [ -112.0563782, 33.4576642 ], [ -112.0550608, 33.457666 ], [ -112.0544379, 33.4576653 ], [ -112.0544315, 33.4576613 ], [ -112.0544193, 33.4576537 ], [ -112.0544282, 33.4573065 ], [ -112.0544294, 33.4572524 ], [ -112.0544319, 33.4571365 ], [ -112.054438200000021, 33.4568424 ], [ -112.0548724, 33.4568459 ], [ -112.0550591, 33.456842700000017 ] ] } },
{ "type": "Feature", "properties": { "name": null, "highway": "service" }, "geometry": { "type": "LineString", "coordinates": [ [ -112.054362, 33.4572773 ], [ -112.054285100000016, 33.4572777 ], [ -112.0541368, 33.4572784 ], [ -112.0541382, 33.457632 ] ] } },
{ "type": "Feature", "properties": { "name": "North 13th Street", "highway": "residential" }, "geometry": { "type": "LineString", "coordinates": [ [ -112.0544301, 33.4538685 ], [ -112.0544298, 33.4539243 ], [ -112.0544272, 33.4543455 ], [ -112.0544253, 33.4547808 ], [ -112.054425, 33.4548406 ], [ -112.0544223, 33.454895299999983 ], [ -112.0544013, 33.4553213 ], [ -112.0543892, 33.4557571 ], [ -112.0543877, 33.4558096 ], [ -112.0543864, 33.4558628 ], [ -112.0543754, 33.4563013 ], [ -112.0543718, 33.4567191 ], [ -112.0543713, 33.4567758 ], [ -112.0543703, 33.4568282 ], [ -112.0543624, 33.4572523 ], [ -112.054362, 33.4572773 ], [ -112.0543551, 33.4576753 ], [ -112.054354, 33.4577387 ], [ -112.0543504, 33.4579008 ], [ -112.0543425, 33.4582058 ], [ -112.0543296, 33.4586489 ], [ -112.0543028, 33.4587138 ], [ -112.054287500000015, 33.4587675 ], [ -112.054282, 33.4587867 ], [ -112.0542812, 33.4589314 ], [ -112.054280700000021, 33.4591584 ], [ -112.0542794, 33.4592823 ], [ -112.054279, 33.4595238 ], [ -112.0542789, 33.4595749 ], [ -112.0542788, 33.4595976 ], [ -112.0542786, 33.4596439 ], [ -112.0542769, 33.4600512 ], [ -112.054275, 33.4604993 ], [ -112.0542723, 33.460926299999983 ], [ -112.054272, 33.4609771 ], [ -112.054271, 33.4613908 ] ] } },
{ "type": "Feature", "properties": { "name": null, "highway": "footway" }, "geometry": { "type": "LineString", "coordinates": [ [ -112.0544315, 33.4576613 ], [ -112.0544199, 33.4576797 ] ] } },
{ "type": "Feature", "properties": { "name": null, "highway": "footway" }, "geometry": { "type": "LineString", "coordinates": [ [ -112.0542764, 33.45779670000001 ], [ -112.0542809, 33.4577388 ], [ -112.0542861, 33.4576707 ], [ -112.0543551, 33.4576753 ], [ -112.0544199, 33.4576797 ], [ -112.054421, 33.4577384 ], [ -112.054422100000011, 33.4577921 ] ] } },
{ "type": "Feature", "properties": { "name": null, "highway": "footway" }, "geometry": { "type": "LineString", "coordinates": [ [ -112.0563878, 33.4568428 ], [ -112.0564004, 33.4568255 ] ] } },
{ "type": "Feature", "properties": { "name": null, "highway": "footway" }, "geometry": { "type": "LineString", "coordinates": [ [ -112.0565323, 33.4568467 ], [ -112.0565156, 33.4568235 ] ] } },
{ "type": "Feature", "properties": { "name": null, "highway": "footway" }, "geometry": { "type": "LineString", "coordinates": [ [ -112.0563878, 33.4568428 ], [ -112.0563761, 33.456837099999987 ], [ -112.0550591, 33.456842700000017 ] ] } },
{ "type": "Feature", "properties": { "name": null, "highway": "service" }, "geometry": { "type": "LineString", "coordinates": [ [ -112.0576149, 33.4572541 ], [ -112.0565252, 33.4572556 ], [ -112.0564522, 33.4572557 ], [ -112.0563881, 33.4572556 ], [ -112.0544294, 33.4572524 ], [ -112.0543624, 33.4572523 ] ] } },
{ "type": "Feature", "properties": { "name": null, "highway": "footway" }, "geometry": { "type": "LineString", "coordinates": [ [ -112.0563782, 33.4576642 ], [ -112.0563925, 33.4576832 ] ] } },
{ "type": "Feature", "properties": { "name": null, "highway": "footway" }, "geometry": { "type": "LineString", "coordinates": [ [ -112.0565304, 33.4576646 ], [ -112.0565179, 33.4576826 ] ] } },
{ "type": "Feature", "properties": { "name": null, "highway": "footway" }, "geometry": { "type": "LineString", "coordinates": [ [ -112.0565181, 33.4577875 ], [ -112.0564505, 33.4577882 ], [ -112.0563953, 33.4577888 ], [ -112.0563938, 33.457731 ], [ -112.0563925, 33.4576832 ], [ -112.0564508, 33.4576829 ], [ -112.0565179, 33.4576826 ], [ -112.056518, 33.4577309 ], [ -112.0565181, 33.4577875 ] ] } },
{ "type": "Feature", "properties": { "name": null, "highway": "footway" }, "geometry": { "type": "LineString", "coordinates": [ [ -112.0565306, 33.4578002 ], [ -112.0565181, 33.4577875 ] ] } },
{ "type": "Feature", "properties": { "name": null, "highway": "footway" }, "geometry": { "type": "LineString", "coordinates": [ [ -112.0563813, 33.4578069 ], [ -112.0563953, 33.4577888 ] ] } },
{ "type": "Feature", "properties": { "name": null, "highway": "service" }, "geometry": { "type": "LineString", "coordinates": [ [ -112.0564492, 33.4582964 ], [ -112.0565225, 33.4582972 ], [ -112.0565369, 33.4582974 ], [ -112.056569200000013, 33.458302 ], [ -112.0566132, 33.4583306 ], [ -112.0566389, 33.4583693 ], [ -112.056667, 33.4584126 ], [ -112.0566719, 33.4585186 ], [ -112.056672500000019, 33.4585619 ], [ -112.0566735, 33.458621 ], [ -112.0566743, 33.4586733 ] ] } },
{ "type": "Feature", "properties": { "name": null, "highway": "footway" }, "geometry": { "type": "LineString", "coordinates": [ [ -112.054422100000011, 33.4577921 ], [ -112.0544239, 33.457805 ] ] } },
{ "type": "Feature", "properties": { "name": null, "highway": "footway" }, "geometry": { "type": "LineString", "coordinates": [ [ -112.0542551, 33.45786660000001 ], [ -112.054257, 33.4578417 ], [ -112.0542764, 33.45779670000001 ] ] } },
{ "type": "Feature", "properties": { "name": null, "highway": "footway" }, "geometry": { "type": "LineString", "coordinates": [ [ -112.0542559, 33.4579402 ], [ -112.0542555, 33.45790130000001 ], [ -112.0542551, 33.45786660000001 ] ] } },
{ "type": "Feature", "properties": { "name": null, "highway": "service" }, "geometry": { "type": "MultiLineString", "coordinates": [ [ [ -112.0547293, 33.4577373 ], [ -112.0547296, 33.4578046 ], [ -112.0547297, 33.4578183 ], [ -112.0547299, 33.4578513 ] ], [ [ -112.0547299, 33.4578513 ], [ -112.054789, 33.457851 ], [ -112.0547907, 33.4581562 ], [ -112.0546304, 33.4581568 ], [ -112.0546288, 33.4578516 ], [ -112.0547299, 33.4578513 ] ] ] } },
{ "type": "Feature", "properties": { "name": null, "highway": "footway" }, "geometry": { "type": "LineString", "coordinates": [ [ -112.0563813, 33.4578069 ], [ -112.0563732, 33.457804 ], [ -112.0550628, 33.4578041 ], [ -112.0547296, 33.4578046 ], [ -112.0544239, 33.457805 ], [ -112.0544142, 33.457805 ], [ -112.0544125, 33.4578255 ], [ -112.05440440000001, 33.4582061 ], [ -112.0544023, 33.458305 ], [ -112.0543921, 33.4586316 ], [ -112.0543999, 33.4586455 ], [ -112.0544047, 33.4586542 ], [ -112.055103, 33.458650199999987 ], [ -112.0557451, 33.4586491 ], [ -112.0560595, 33.4586478 ], [ -112.0563013, 33.4586335 ], [ -112.056367, 33.4586264 ], [ -112.0563827, 33.458616 ], [ -112.0563866, 33.458608 ], [ -112.0563879, 33.4582147 ], [ -112.056389200000012, 33.4578185 ], [ -112.0563813, 33.4578069 ] ] } },
{ "type": "Feature", "properties": { "name": null, "highway": "footway" }, "geometry": { "type": "LineString", "coordinates": [ [ -112.0542401, 33.4586433 ], [ -112.0542611, 33.4586487 ] ] } },
{ "type": "Feature", "properties": { "name": null, "highway": "footway" }, "geometry": { "type": "LineString", "coordinates": [ [ -112.0543999, 33.4586455 ], [ -112.0543797, 33.4586491 ] ] } },
{ "type": "Feature", "properties": { "name": null, "highway": "footway" }, "geometry": { "type": "LineString", "coordinates": [ [ -112.054347, 33.458765 ], [ -112.0543637, 33.4587135 ], [ -112.0543797, 33.4586491 ] ] } },
{ "type": "Feature", "properties": { "name": null, "highway": "footway" }, "geometry": { "type": "LineString", "coordinates": [ [ -112.054347, 33.458765 ], [ -112.054287500000015, 33.4587675 ], [ -112.0542043, 33.4587711 ], [ -112.0542306, 33.4587144 ], [ -112.0542611, 33.4586487 ], [ -112.0543296, 33.4586489 ], [ -112.0543797, 33.4586491 ] ] } },
{ "type": "Feature", "properties": { "name": null, "highway": "footway" }, "geometry": { "type": "LineString", "coordinates": [ [ -112.0543657, 33.4587821 ], [ -112.054347, 33.458765 ] ] } },
{ "type": "Feature", "properties": { "name": null, "highway": "footway" }, "geometry": { "type": "LineString", "coordinates": [ [ -112.0565307, 33.4586029 ], [ -112.056519800000018, 33.4586174 ] ] } },
{ "type": "Feature", "properties": { "name": null, "highway": "footway" }, "geometry": { "type": "LineString", "coordinates": [ [ -112.0563827, 33.458616 ], [ -112.0563909, 33.4586277 ] ] } },
{ "type": "Feature", "properties": { "name": "East Roosevelt Street", "highway": "tertiary" }, "geometry": { "type": "LineString", "coordinates": [ [ -112.0564484, 33.4586782 ], [ -112.0563917, 33.4586805 ], [ -112.0563506, 33.4586821 ], [ -112.0562004, 33.4586944 ] ] } },
{ "type": "Feature", "properties": { "name": null, "highway": "footway" }, "geometry": { "type": "LineString", "coordinates": [ [ -112.0563927, 33.458753699999988 ], [ -112.0564482, 33.4587426 ], [ -112.056524, 33.4587275 ], [ -112.056522, 33.4586753 ], [ -112.056519800000018, 33.4586174 ], [ -112.0564485, 33.4586231 ], [ -112.0563909, 33.4586277 ], [ -112.0563917, 33.4586805 ], [ -112.0563927, 33.458753699999988 ] ] } },
{ "type": "Feature", "properties": { "name": null, "highway": "footway" }, "geometry": { "type": "LineString", "coordinates": [ [ -112.0565464, 33.458723799999987 ], [ -112.056524, 33.4587275 ] ] } },
{ "type": "Feature", "properties": { "name": null, "highway": "footway" }, "geometry": { "type": "LineString", "coordinates": [ [ -112.056372, 33.458777 ], [ -112.0563927, 33.458753699999988 ] ] } },
{ "type": "Feature", "properties": { "name": null, "highway": "footway" }, "geometry": { "type": "LineString", "coordinates": [ [ -112.0565336, 33.4592062 ], [ -112.0565109, 33.45922 ] ] } },
{ "type": "Feature", "properties": { "name": null, "highway": "footway" }, "geometry": { "type": "LineString", "coordinates": [ [ -112.0565127, 33.4593193 ], [ -112.0565118, 33.459269299999988 ], [ -112.0565109, 33.45922 ] ] } },
{ "type": "Feature", "properties": { "name": null, "highway": "footway" }, "geometry": { "type": "LineString", "coordinates": [ [ -112.0565127, 33.4593193 ], [ -112.0565306, 33.4593301 ] ] } },
{ "type": "Feature", "properties": { "name": null, "highway": "footway" }, "geometry": { "type": "LineString", "coordinates": [ [ -112.0563868, 33.459504699999989 ], [ -112.0563675, 33.4594989 ] ] } },
{ "type": "Feature", "properties": { "name": null, "highway": "footway" }, "geometry": { "type": "LineString", "coordinates": [ [ -112.0542043, 33.4587711 ], [ -112.0541726, 33.4587837 ] ] } },
{ "type": "Feature", "properties": { "name": null, "highway": "footway" }, "geometry": { "type": "LineString", "coordinates": [ [ -112.0563769, 33.4587967 ], [ -112.056372, 33.458777 ], [ -112.0563563, 33.4587693 ], [ -112.0563033, 33.4587661 ], [ -112.055072, 33.4587722 ], [ -112.0547812, 33.4587719 ], [ -112.054401, 33.458774 ], [ -112.054372, 33.4587736 ], [ -112.0543657, 33.4587821 ], [ -112.0543669, 33.4589301 ], [ -112.054364, 33.459155700000011 ], [ -112.0543609, 33.4593922 ], [ -112.0543611, 33.4595013 ], [ -112.0543638, 33.4595165 ], [ -112.0551017, 33.4595141 ], [ -112.0563674, 33.4595092 ], [ -112.0563675, 33.4594989 ], [ -112.0563724, 33.4591352 ], [ -112.0563769, 33.4587967 ] ] } },
{ "type": "Feature", "properties": { "name": null, "highway": "service" }, "geometry": { "type": "LineString", "coordinates": [ [ -112.0564467, 33.459135 ], [ -112.0563724, 33.4591352 ], [ -112.0558272, 33.4591369 ], [ -112.0551839, 33.4591398 ], [ -112.0545219, 33.4591506 ], [ -112.054364, 33.459155700000011 ], [ -112.054280700000021, 33.4591584 ] ] } },
{ "type": "Feature", "properties": { "name": null, "highway": "footway" }, "geometry": { "type": "LineString", "coordinates": [ [ -112.0543611, 33.4595013 ], [ -112.0543354, 33.4595108 ] ] } },
{ "type": "Feature", "properties": { "name": null, "highway": "footway" }, "geometry": { "type": "LineString", "coordinates": [ [ -112.0541927, 33.4595438 ], [ -112.05417540000002, 33.4595394 ] ] } },
{ "type": "Feature", "properties": { "name": "East Diamond Street", "highway": "residential" }, "geometry": { "type": "LineString", "coordinates": [ [ -112.0542789, 33.4595749 ], [ -112.0543441, 33.4595743 ], [ -112.0563846, 33.459557 ], [ -112.0564453, 33.4595565 ] ] } },
{ "type": "Feature", "properties": { "name": null, "highway": "footway" }, "geometry": { "type": "LineString", "coordinates": [ [ -112.0542201, 33.459661499999989 ], [ -112.0542786, 33.4596439 ], [ -112.0543507, 33.4596223 ], [ -112.0543441, 33.4595743 ], [ -112.0543354, 33.4595108 ], [ -112.054279, 33.4595238 ], [ -112.0541927, 33.4595438 ], [ -112.0542053, 33.4595978 ], [ -112.0542201, 33.459661499999989 ] ] } },
{ "type": "Feature", "properties": { "name": null, "highway": "footway" }, "geometry": { "type": "LineString", "coordinates": [ [ -112.0542153, 33.4596723 ], [ -112.0542201, 33.459661499999989 ] ] } },
{ "type": "Feature", "properties": { "name": null, "highway": "footway" }, "geometry": { "type": "LineString", "coordinates": [ [ -112.0563823, 33.4596115 ], [ -112.0563714, 33.4596274 ], [ -112.0563684, 33.4598656 ], [ -112.0563668, 33.4599894 ], [ -112.0551404, 33.4599973 ], [ -112.0543711, 33.4599972 ], [ -112.0543545, 33.4599972 ], [ -112.0543457, 33.4599872 ], [ -112.054345, 33.4599682 ], [ -112.0543462, 33.4596471 ], [ -112.0543507, 33.4596223 ] ] } },
{ "type": "Feature", "properties": { "name": null, "highway": "footway" }, "geometry": { "type": "LineString", "coordinates": [ [ -112.0543545, 33.4599972 ], [ -112.0543359, 33.4600065 ] ] } },
{ "type": "Feature", "properties": { "name": null, "highway": "footway" }, "geometry": { "type": "LineString", "coordinates": [ [ -112.0588399, 33.4588645 ], [ -112.0588431, 33.4592125 ], [ -112.05783, 33.459211 ], [ -112.0565524, 33.4592078 ], [ -112.0565336, 33.4592062 ], [ -112.0565459, 33.458840299999984 ], [ -112.0565461, 33.4587337 ], [ -112.0565464, 33.458723799999987 ], [ -112.0565549, 33.4587165 ], [ -112.0565687, 33.4587162 ], [ -112.0573131, 33.4587179 ], [ -112.0578265, 33.458717 ], [ -112.0587997, 33.4587185 ], [ -112.0588292, 33.4587201 ], [ -112.0588408, 33.4587254 ], [ -112.0588414, 33.4587435 ], [ -112.0588399, 33.4588645 ] ] } },
{ "type": "Feature", "properties": { "name": null, "highway": "footway" }, "geometry": { "type": "LineString", "coordinates": [ [ -112.0588702, 33.4592112 ], [ -112.0588431, 33.4592125 ], [ -112.0588411, 33.4592282 ] ] } },
{ "type": "Feature", "properties": { "name": "East Diamond Street", "highway": "residential" }, "geometry": { "type": "LineString", "coordinates": [ [ -112.0589395, 33.4592711 ], [ -112.0588387, 33.459271 ], [ -112.0588202, 33.459271 ], [ -112.0583592, 33.4592707 ], [ -112.0565118, 33.459269299999988 ], [ -112.0564462, 33.4592693 ] ] } },
{ "type": "Feature", "properties": { "name": null, "highway": "footway" }, "geometry": { "type": "LineString", "coordinates": [ [ -112.0588361, 33.459316099999988 ], [ -112.0588387, 33.459271 ], [ -112.0588411, 33.4592282 ] ] } },
{ "type": "Feature", "properties": { "name": null, "highway": "footway" }, "geometry": { "type": "LineString", "coordinates": [ [ -112.0588372, 33.4593313 ], [ -112.0588361, 33.459316099999988 ] ] } },
{ "type": "Feature", "properties": { "name": null, "highway": "footway" }, "geometry": { "type": "LineString", "coordinates": [ [ -112.0578598, 33.4593347 ], [ -112.058358700000014, 33.459333 ], [ -112.0588372, 33.4593313 ], [ -112.0588364, 33.4598364 ], [ -112.0583546, 33.4598348 ], [ -112.0578266, 33.4598331 ], [ -112.0565598, 33.459830899999986 ], [ -112.056518200000014, 33.4598305 ], [ -112.0565306, 33.4593301 ], [ -112.056551, 33.4593295 ], [ -112.0578598, 33.4593347 ] ] } },
{ "type": "Feature", "properties": { "name": null, "highway": "service" }, "geometry": { "type": "LineString", "coordinates": [ [ -112.0583536, 33.4599342 ], [ -112.0583546, 33.4598348 ], [ -112.0583547, 33.4598198 ], [ -112.0583558, 33.459683799999986 ], [ -112.058358700000014, 33.459333 ], [ -112.0583592, 33.4592707 ] ] } },
{ "type": "Feature", "properties": { "name": null, "highway": "footway" }, "geometry": { "type": "LineString", "coordinates": [ [ -112.0588762, 33.459834299999983 ], [ -112.0588364, 33.4598364 ], [ -112.0588337, 33.4598803 ] ] } },
{ "type": "Feature", "properties": { "name": null, "highway": "footway" }, "geometry": { "type": "LineString", "coordinates": [ [ -112.0588336, 33.4599852 ], [ -112.0588336, 33.4599357 ], [ -112.0588337, 33.4598803 ] ] } },
{ "type": "Feature", "properties": { "name": null, "highway": "footway" }, "geometry": { "type": "LineString", "coordinates": [ [ -112.0588756, 33.4600203 ], [ -112.0588293, 33.4600238 ], [ -112.0588336, 33.4599852 ] ] } },
{ "type": "Feature", "properties": { "name": null, "highway": "footway" }, "geometry": { "type": "LineString", "coordinates": [ [ -112.0563823, 33.4596115 ], [ -112.0563846, 33.459557 ], [ -112.0563868, 33.459504699999989 ] ] } },
{ "type": "Feature", "properties": { "name": "North 12th Street", "highway": "residential" }, "geometry": { "type": "LineString", "coordinates": [ [ -112.056425, 33.4609796 ], [ -112.0564345, 33.4604931 ], [ -112.0564439, 33.4600503 ], [ -112.056444, 33.4599902 ], [ -112.0564442, 33.4599272 ], [ -112.0564441, 33.4598668 ], [ -112.056444, 33.4597551 ], [ -112.0564453, 33.4595565 ], [ -112.0564462, 33.4592693 ], [ -112.0564467, 33.459135 ], [ -112.0564482, 33.4587426 ], [ -112.0564484, 33.4586782 ] ] } },
{ "type": "Feature", "properties": { "name": null, "highway": "footway" }, "geometry": { "type": "LineString", "coordinates": [ [ -112.056518200000014, 33.4598305 ], [ -112.0565003, 33.4598674 ] ] } },
{ "type": "Feature", "properties": { "name": null, "highway": "footway" }, "geometry": { "type": "LineString", "coordinates": [ [ -112.0563967, 33.4598663 ], [ -112.0563684, 33.4598656 ] ] } },
{ "type": "Feature", "properties": { "name": null, "highway": "footway" }, "geometry": { "type": "LineString", "coordinates": [ [ -112.056498500000018, 33.4599857 ], [ -112.0564994, 33.4599275 ], [ -112.0565003, 33.4598674 ], [ -112.0564441, 33.4598668 ], [ -112.0563967, 33.4598663 ] ] } },
{ "type": "Feature", "properties": { "name": null, "highway": "footway" }, "geometry": { "type": "LineString", "coordinates": [ [ -112.0563792, 33.4599956 ], [ -112.056444, 33.4599902 ], [ -112.056498500000018, 33.4599857 ] ] } },
{ "type": "Feature", "properties": { "name": null, "highway": "footway" }, "geometry": { "type": "LineString", "coordinates": [ [ -112.0563668, 33.4599894 ], [ -112.0563792, 33.4599956 ] ] } },
{ "type": "Feature", "properties": { "name": null, "highway": "footway" }, "geometry": { "type": "LineString", "coordinates": [ [ -112.056519400000013, 33.4600114 ], [ -112.056498500000018, 33.4599857 ] ] } },
{ "type": "Feature", "properties": { "name": null, "highway": "footway" }, "geometry": { "type": "LineString", "coordinates": [ [ -112.0563792, 33.4599956 ], [ -112.0563788, 33.4600503 ], [ -112.0563784, 33.4601031 ] ] } },
{ "type": "Feature", "properties": { "name": null, "highway": "footway" }, "geometry": { "type": "LineString", "coordinates": [ [ -112.0563693, 33.460111499999989 ], [ -112.0563784, 33.4601031 ] ] } },
{ "type": "Feature", "properties": { "name": null, "highway": "footway" }, "geometry": { "type": "LineString", "coordinates": [ [ -112.0563654, 33.4609131 ], [ -112.0563506, 33.4609078 ] ] } },
{ "type": "Feature", "properties": { "name": null, "highway": "footway" }, "geometry": { "type": "LineString", "coordinates": [ [ -112.0563654, 33.4609131 ], [ -112.0563521, 33.4609803 ], [ -112.0563399, 33.4610254 ] ] } },
{ "type": "Feature", "properties": { "name": null, "highway": "footway" }, "geometry": { "type": "LineString", "coordinates": [ [ -112.0563399, 33.4610254 ], [ -112.0563266, 33.461039 ] ] } },
{ "type": "Feature", "properties": { "name": "North 12th Street", "highway": "residential" }, "geometry": { "type": "LineString", "coordinates": [ [ -112.056440200000011, 33.4612687 ], [ -112.0564216, 33.4611709 ], [ -112.056425, 33.4609796 ] ] } },
{ "type": "Feature", "properties": { "name": null, "highway": "footway" }, "geometry": { "type": "LineString", "coordinates": [ [ -112.0563347, 33.4613434 ], [ -112.056328, 33.4613095 ], [ -112.0563425, 33.4612138 ], [ -112.0563468, 33.46109 ], [ -112.0563363, 33.4610466 ], [ -112.0563266, 33.461039 ], [ -112.0562974, 33.4610158 ] ] } },
{ "type": "Feature", "properties": { "name": null, "highway": "footway" }, "geometry": { "type": "LineString", "coordinates": [ [ -112.0565602, 33.4613403 ], [ -112.0565221, 33.4612697 ], [ -112.0564794, 33.4611905 ] ] } },
{ "type": "Feature", "properties": { "name": null, "highway": "footway" }, "geometry": { "type": "LineString", "coordinates": [ [ -112.0565619, 33.4613503 ], [ -112.0565602, 33.4613403 ] ] } },
{ "type": "Feature", "properties": { "name": "North 12th Street", "highway": "tertiary" }, "geometry": { "type": "LineString", "coordinates": [ [ -112.056440200000011, 33.4612687 ], [ -112.0564397, 33.4614286 ] ] } },
{ "type": "Feature", "properties": { "name": null, "highway": "footway" }, "geometry": { "type": "LineString", "coordinates": [ [ -112.0565428, 33.4614007 ], [ -112.0565501, 33.4613685 ], [ -112.0565619, 33.4613503 ], [ -112.056583300000014, 33.46134 ], [ -112.056606, 33.4613294 ] ] } },
{ "type": "Feature", "properties": { "name": null, "highway": "footway" }, "geometry": { "type": "LineString", "coordinates": [ [ -112.0563324, 33.4615476 ], [ -112.0563347, 33.4613434 ] ] } },
{ "type": "Feature", "properties": { "name": "East Portland Street", "highway": "residential" }, "geometry": { "type": "LineString", "coordinates": [ [ -112.0542769, 33.4600512 ], [ -112.05433450000001, 33.4600512 ], [ -112.0563788, 33.4600503 ], [ -112.0564439, 33.4600503 ] ] } },
{ "type": "Feature", "properties": { "name": null, "highway": "footway" }, "geometry": { "type": "LineString", "coordinates": [ [ -112.054332500000015, 33.460113799999988 ], [ -112.05433450000001, 33.4600512 ], [ -112.0543359, 33.4600065 ] ] } },
{ "type": "Feature", "properties": { "name": null, "highway": "footway" }, "geometry": { "type": "LineString", "coordinates": [ [ -112.0543389, 33.4601213 ], [ -112.054332500000015, 33.460113799999988 ] ] } },
{ "type": "Feature", "properties": { "name": null, "highway": "service" }, "geometry": { "type": "LineString", "coordinates": [ [ -112.054275, 33.4604993 ], [ -112.05433450000001, 33.4604991 ], [ -112.0563615, 33.4604933 ], [ -112.0564345, 33.4604931 ] ] } },
{ "type": "Feature", "properties": { "name": null, "highway": "footway" }, "geometry": { "type": "LineString", "coordinates": [ [ -112.0563506, 33.4609078 ], [ -112.0563615, 33.4604933 ], [ -112.0563693, 33.460111499999989 ], [ -112.0543648, 33.4601028 ], [ -112.0543389, 33.4601213 ], [ -112.0543335, 33.4601252 ], [ -112.05433450000001, 33.4604991 ], [ -112.05433570000001, 33.46091280000001 ], [ -112.0563506, 33.4609078 ] ] } },
{ "type": "Feature", "properties": { "name": null, "highway": "footway" }, "geometry": { "type": "LineString", "coordinates": [ [ -112.05433570000001, 33.46091280000001 ], [ -112.0543344, 33.4609253 ] ] } },
{ "type": "Feature", "properties": { "name": null, "highway": "footway" }, "geometry": { "type": "LineString", "coordinates": [ [ -112.0542028, 33.4609172 ], [ -112.0542128, 33.4609272 ] ] } },
{ "type": "Feature", "properties": { "name": null, "highway": "footway" }, "geometry": { "type": "LineString", "coordinates": [ [ -112.0543344, 33.4609253 ], [ -112.0542723, 33.460926299999983 ], [ -112.0542128, 33.4609272 ], [ -112.0542116, 33.4609773 ], [ -112.0542103, 33.461028399999989 ] ] } },
{ "type": "Feature", "properties": { "name": null, "highway": "footway" }, "geometry": { "type": "LineString", "coordinates": [ [ -112.054201500000019, 33.4610389 ], [ -112.0542103, 33.461028399999989 ] ] } },
{ "type": "Feature", "properties": { "name": null, "highway": "footway" }, "geometry": { "type": "LineString", "coordinates": [ [ -112.0544207, 33.4625462 ], [ -112.0552077, 33.4625447 ], [ -112.0560745, 33.4625428 ], [ -112.0561139, 33.4625501 ], [ -112.056264200000015, 33.4625499 ], [ -112.0562847, 33.462546 ], [ -112.0562931, 33.462544399999985 ], [ -112.0563146, 33.462532 ], [ -112.056317, 33.4624623 ] ] } },
{ "type": "Feature", "properties": { "name": "North 17th Street", "highway": "residential" }, "geometry": { "type": "LineString", "coordinates": [ [ -112.045498, 33.4576972 ], [ -112.0454981, 33.4577168 ], [ -112.045511, 33.4577648 ] ] } },
{ "type": "Feature", "properties": { "name": null, "highway": "footway" }, "geometry": { "type": "LineString", "coordinates": [ [ -112.0454414, 33.4577314 ], [ -112.045432, 33.4577322 ] ] } },
{ "type": "Feature", "properties": { "name": null, "highway": "service" }, "geometry": { "type": "LineString", "coordinates": [ [ -112.045511, 33.4577648 ], [ -112.045461, 33.4577821 ], [ -112.045430600000017, 33.4577926 ], [ -112.0453216, 33.4577917 ] ] } },
{ "type": "Feature", "properties": { "name": null, "highway": "service" }, "geometry": { "type": "LineString", "coordinates": [ [ -112.0453216, 33.4577917 ], [ -112.0441857, 33.4577803 ] ] } },
{ "type": "Feature", "properties": { "name": null, "highway": "footway" }, "geometry": { "type": "LineString", "coordinates": [ [ -112.0454286, 33.4577237 ], [ -112.045432, 33.4577322 ], [ -112.045438, 33.4577469 ], [ -112.0454523, 33.4577692 ], [ -112.045461, 33.4577821 ], [ -112.0454693, 33.4577945 ], [ -112.0454878, 33.4578083 ], [ -112.045514200000014, 33.4578235 ], [ -112.0455453, 33.4578348 ], [ -112.0455637, 33.457839 ], [ -112.0455902, 33.4578418 ], [ -112.0456111, 33.4578442 ], [ -112.0456459, 33.4578521 ], [ -112.0456631, 33.4578538 ], [ -112.0456875, 33.4578499 ], [ -112.04571030000001, 33.4578444 ], [ -112.0458724, 33.4578464 ], [ -112.0460426, 33.457846 ], [ -112.046143900000018, 33.4578576 ], [ -112.046187300000014, 33.4578576 ], [ -112.0462365, 33.457854699999984 ], [ -112.046288200000021, 33.4578506 ], [ -112.0463261, 33.4578515 ], [ -112.04636570000001, 33.457856099999979 ], [ -112.0464037, 33.4578594 ], [ -112.0464339, 33.4578604 ], [ -112.0464612, 33.4578589 ], [ -112.0465102, 33.4578502 ], [ -112.0465403, 33.4578489 ], [ -112.0466684, 33.4578501 ], [ -112.0467096, 33.4578586 ] ] } },
{ "type": "Feature", "properties": { "name": null, "highway": "footway" }, "geometry": { "type": "LineString", "coordinates": [ [ -112.0458982, 33.4586359 ], [ -112.045840900000016, 33.4586355 ], [ -112.0454645, 33.458633 ], [ -112.045108700000014, 33.4586316 ], [ -112.044578, 33.4586261 ], [ -112.0445154, 33.4586257 ], [ -112.044479, 33.4586255 ], [ -112.0440867, 33.4586225 ], [ -112.0434914, 33.4586183 ], [ -112.0434543, 33.4586034 ], [ -112.0434096, 33.4585855 ], [ -112.0434062, 33.4585797 ], [ -112.0433963, 33.458563 ], [ -112.0433941, 33.4584276 ], [ -112.0434014, 33.4584058 ], [ -112.0434168, 33.4583859 ], [ -112.0434334, 33.4583638 ], [ -112.043460700000011, 33.4583387 ], [ -112.0434799, 33.4583188 ], [ -112.0434855, 33.4582903 ], [ -112.0434887, 33.4580312 ], [ -112.0434681, 33.4579879 ], [ -112.043445, 33.4579677 ], [ -112.0434146, 33.4579462 ], [ -112.0434008, 33.457917599999988 ], [ -112.0433931, 33.4578739 ], [ -112.0433955, 33.4578633 ], [ -112.0433973, 33.45785510000001 ], [ -112.0434083, 33.4578417 ], [ -112.0434232, 33.45783320000001 ], [ -112.0434475, 33.4578275 ], [ -112.043502100000012, 33.4578279 ], [ -112.0440921, 33.4578307 ], [ -112.0441169, 33.457830800000011 ], [ -112.0442769, 33.4578325 ], [ -112.0448751, 33.4578388 ], [ -112.0449685, 33.4578388 ] ] } },
{ "type": "Feature", "properties": { "name": null, "highway": "service" }, "geometry": { "type": "LineString", "coordinates": [ [ -112.0459642, 33.458705 ], [ -112.0459555, 33.4586362 ], [ -112.0459548, 33.4585839 ], [ -112.0459549, 33.458509 ], [ -112.0459583, 33.4583282 ] ] } },
{ "type": "Feature", "properties": { "name": null, "highway": "footway" }, "geometry": { "type": "LineString", "coordinates": [ [ -112.0460074, 33.4586365 ], [ -112.0459555, 33.4586362 ], [ -112.0458982, 33.4586359 ] ] } },
{ "type": "Feature", "properties": { "name": "East Roosevelt Street", "highway": "tertiary" }, "geometry": { "type": "LineString", "coordinates": [ [ -112.0460743, 33.4587044 ], [ -112.0459642, 33.458705 ], [ -112.0449472, 33.4586959 ], [ -112.0446935, 33.4586945 ], [ -112.0445168, 33.4586935 ], [ -112.044412300000019, 33.4586929 ], [ -112.0438664, 33.4586925 ], [ -112.0434526, 33.4586843 ], [ -112.0433171, 33.4586827 ], [ -112.04323890000002, 33.4586821 ], [ -112.04274860000001, 33.4586781 ], [ -112.042703373289868, 33.458677731439259 ] ] } },
{ "type": "Feature", "properties": { "name": null, "highway": "footway" }, "geometry": { "type": "LineString", "coordinates": [ [ -112.0458948, 33.4587856 ], [ -112.0458556, 33.4587773 ], [ -112.0458231, 33.4587781 ], [ -112.0457812, 33.4587812 ], [ -112.0457334, 33.4587807 ], [ -112.0456909, 33.45877740000001 ], [ -112.0456465, 33.4587756 ], [ -112.0456024, 33.4587756 ], [ -112.0455543, 33.4587774 ], [ -112.0454687, 33.458779 ], [ -112.0454086, 33.4587792 ], [ -112.0453592, 33.4587799 ], [ -112.0453396, 33.458778599999988 ], [ -112.0452933, 33.4587719 ], [ -112.0452624, 33.4587696 ], [ -112.0452173, 33.4587728 ], [ -112.0451721, 33.4587739 ], [ -112.0451368, 33.45877440000001 ], [ -112.045107, 33.4587725 ], [ -112.0450717, 33.4587705 ], [ -112.045037600000015, 33.4587654 ], [ -112.0450169, 33.4587891 ] ] } },
{ "type": "Feature", "properties": { "name": null, "highway": "footway" }, "geometry": { "type": "LineString", "coordinates": [ [ -112.0474852, 33.4586163 ], [ -112.0474812, 33.4586136 ] ] } },
{ "type": "Feature", "properties": { "name": null, "highway": "footway" }, "geometry": { "type": "LineString", "coordinates": [ [ -112.0468446, 33.4586311 ], [ -112.0467426, 33.4586312 ], [ -112.046686, 33.4586313 ], [ -112.0463369, 33.4586371 ], [ -112.0460372, 33.458636699999985 ], [ -112.0460074, 33.4586365 ] ] } },
{ "type": "Feature", "properties": { "name": "East Roosevelt Street", "highway": "tertiary" }, "geometry": { "type": "LineString", "coordinates": [ [ -112.0469514, 33.4587133 ], [ -112.046922, 33.4587131 ], [ -112.046815800000019, 33.4587123 ], [ -112.0467422, 33.4587115 ], [ -112.0460743, 33.4587044 ] ] } },
{ "type": "Feature", "properties": { "name": "East Roosevelt Street", "highway": "tertiary" }, "geometry": { "type": "LineString", "coordinates": [ [ -112.047637, 33.4587204 ], [ -112.0474868, 33.4587175 ], [ -112.047358700000018, 33.4587164 ], [ -112.0473118, 33.458716 ], [ -112.047125200000011, 33.4587146 ], [ -112.0469514, 33.4587133 ] ] } },
{ "type": "Feature", "properties": { "name": null, "highway": "footway" }, "geometry": { "type": "LineString", "coordinates": [ [ -112.0467583, 33.4588161 ], [ -112.0467136, 33.458785499999983 ], [ -112.0466848, 33.4587894 ], [ -112.0464881, 33.4587893 ], [ -112.0463306, 33.45878170000001 ], [ -112.0462325, 33.4587734 ], [ -112.0461842, 33.458775 ], [ -112.0461349, 33.4587754 ], [ -112.0461029, 33.4587701 ], [ -112.046079, 33.4587695 ], [ -112.0460503, 33.4587871 ] ] } },
{ "type": "Feature", "properties": { "name": null, "highway": "service" }, "geometry": { "type": "LineString", "coordinates": [ [ -112.0473597, 33.4588582 ], [ -112.047358700000018, 33.4587852 ], [ -112.047358700000018, 33.4587164 ] ] } },
{ "type": "Feature", "properties": { "name": null, "highway": "service" }, "geometry": { "type": "LineString", "coordinates": [ [ -112.046818, 33.4589087 ], [ -112.046817, 33.4588165 ], [ -112.046815800000019, 33.4587123 ] ] } },
{ "type": "Feature", "properties": { "name": null, "highway": "footway" }, "geometry": { "type": "LineString", "coordinates": [ [ -112.0468964, 33.4588176 ], [ -112.046817, 33.4588165 ], [ -112.0467583, 33.4588161 ] ] } },
{ "type": "Feature", "properties": { "name": null, "highway": "footway" }, "geometry": { "type": "LineString", "coordinates": [ [ -112.0474883, 33.4588129 ], [ -112.0474822, 33.4588177 ] ] } },
{ "type": "Feature", "properties": { "name": null, "highway": "footway" }, "geometry": { "type": "LineString", "coordinates": [ [ -112.0468964, 33.4588176 ], [ -112.0469078, 33.4588179 ], [ -112.0469507, 33.4587824 ], [ -112.0470257, 33.4587824 ], [ -112.0471267, 33.458783 ], [ -112.047219, 33.4587836 ], [ -112.047358700000018, 33.4587852 ], [ -112.0473955, 33.4587856 ], [ -112.0474303, 33.4587868 ], [ -112.0474629, 33.4587995 ], [ -112.0474822, 33.4588177 ], [ -112.04748690000001, 33.4588221 ], [ -112.047508, 33.4588418 ], [ -112.0475114, 33.4588675 ], [ -112.0475077, 33.4588891 ], [ -112.0474892, 33.458973 ] ] } },
{ "type": "Feature", "properties": { "name": null, "highway": "service" }, "geometry": { "type": "LineString", "coordinates": [ [ -112.0473269, 33.4589688 ], [ -112.0472527, 33.4589688 ] ] } },
{ "type": "Feature", "properties": { "name": null, "highway": "service" }, "geometry": { "type": "LineString", "coordinates": [ [ -112.0474061, 33.4589696 ], [ -112.0473269, 33.4589688 ] ] } },
{ "type": "Feature", "properties": { "name": null, "highway": "service" }, "geometry": { "type": "LineString", "coordinates": [ [ -112.0474354, 33.4589704 ], [ -112.0474061, 33.4589696 ] ] } },
{ "type": "Feature", "properties": { "name": null, "highway": "service" }, "geometry": { "type": "LineString", "coordinates": [ [ -112.047254, 33.4592474 ], [ -112.0472535, 33.4591341 ], [ -112.0472531, 33.4590604 ], [ -112.0472527, 33.4589688 ], [ -112.0472522, 33.4588546 ], [ -112.0471271, 33.4588542 ], [ -112.0471267, 33.458783 ], [ -112.047125200000011, 33.4587146 ] ] } },
{ "type": "Feature", "properties": { "name": null, "highway": "service" }, "geometry": { "type": "LineString", "coordinates": [ [ -112.0472522, 33.4588546 ], [ -112.0473597, 33.4588582 ], [ -112.0474354, 33.4588607 ], [ -112.0474354, 33.4589704 ], [ -112.0474354, 33.4590589 ], [ -112.0474354, 33.4590905 ], [ -112.0474354, 33.459133299999984 ], [ -112.0472535, 33.4591341 ] ] } },
{ "type": "Feature", "properties": { "name": null, "highway": "service" }, "geometry": { "type": "LineString", "coordinates": [ [ -112.0473266, 33.4590597 ], [ -112.0472531, 33.4590604 ] ] } },
{ "type": "Feature", "properties": { "name": null, "highway": "service" }, "geometry": { "type": "LineString", "coordinates": [ [ -112.0474058, 33.4590597 ], [ -112.0473266, 33.4590597 ] ] } },
{ "type": "Feature", "properties": { "name": null, "highway": "service" }, "geometry": { "type": "LineString", "coordinates": [ [ -112.0474354, 33.4590589 ], [ -112.0474058, 33.4590597 ] ] } },
{ "type": "Feature", "properties": { "name": null, "highway": "service" }, "geometry": { "type": "LineString", "coordinates": [ [ -112.0462173, 33.4595968 ], [ -112.046203, 33.4589066 ] ] } },
{ "type": "Feature", "properties": { "name": null, "highway": "service" }, "geometry": { "type": "LineString", "coordinates": [ [ -112.0464531, 33.4595993 ], [ -112.046441, 33.4589074 ] ] } },
{ "type": "Feature", "properties": { "name": null, "highway": "footway" }, "geometry": { "type": "LineString", "coordinates": [ [ -112.0450169, 33.4587891 ], [ -112.0449467, 33.4587893 ], [ -112.0448697, 33.4587891 ] ] } },
{ "type": "Feature", "properties": { "name": null, "highway": "footway" }, "geometry": { "type": "LineString", "coordinates": [ [ -112.0460503, 33.4587871 ], [ -112.0459649, 33.458786299999986 ], [ -112.0458948, 33.4587856 ] ] } },
{ "type": "Feature", "properties": { "name": null, "highway": "service" }, "geometry": { "type": "LineString", "coordinates": [ [ -112.0459714, 33.4595942 ], [ -112.045966, 33.458905799999989 ], [ -112.0459649, 33.458786299999986 ], [ -112.0459642, 33.458705 ] ] } },
{ "type": "Feature", "properties": { "name": null, "highway": "service" }, "geometry": { "type": "LineString", "coordinates": [ [ -112.0453415, 33.4595875 ], [ -112.0453415, 33.4589022 ] ] } },
{ "type": "Feature", "properties": { "name": null, "highway": "service" }, "geometry": { "type": "LineString", "coordinates": [ [ -112.0455563, 33.4595899 ], [ -112.0455512, 33.4589043 ] ] } },
{ "type": "Feature", "properties": { "name": null, "highway": "service" }, "geometry": { "type": "LineString", "coordinates": [ [ -112.0457455, 33.459591799999984 ], [ -112.045747, 33.4589051 ] ] } },
{ "type": "Feature", "properties": { "name": null, "highway": "service" }, "geometry": { "type": "LineString", "coordinates": [ [ -112.047157400000017, 33.4596066 ], [ -112.0470407, 33.4596054 ], [ -112.0468245, 33.4596031 ], [ -112.0466502, 33.4596013 ], [ -112.0464531, 33.4595993 ], [ -112.0462173, 33.4595968 ], [ -112.0459714, 33.4595942 ], [ -112.0457455, 33.459591799999984 ], [ -112.0455563, 33.4595899 ], [ -112.0453415, 33.4595875 ], [ -112.0451504, 33.4595856 ], [ -112.0449479, 33.4595835 ], [ -112.0446643, 33.4595805 ] ] } },
{ "type": "Feature", "properties": { "name": null, "highway": "service" }, "geometry": { "type": "LineString", "coordinates": [ [ -112.0451557, 33.4603243 ], [ -112.0449464, 33.460321899999983 ], [ -112.0446686, 33.4603155 ], [ -112.0446643, 33.4595805 ], [ -112.0446667, 33.4589014 ], [ -112.044946, 33.4589023 ], [ -112.0451463, 33.458903 ], [ -112.0453415, 33.4589022 ], [ -112.0455512, 33.4589043 ], [ -112.045747, 33.4589051 ], [ -112.045966, 33.458905799999989 ], [ -112.046203, 33.4589066 ], [ -112.046441, 33.4589074 ], [ -112.0466495, 33.4589081 ], [ -112.046818, 33.4589087 ] ] } },
{ "type": "Feature", "properties": { "name": null, "highway": "service" }, "geometry": { "type": "LineString", "coordinates": [ [ -112.0451557, 33.4603243 ], [ -112.0451504, 33.4595856 ], [ -112.0451463, 33.458903 ] ] } },
{ "type": "Feature", "properties": { "name": null, "highway": "footway" }, "geometry": { "type": "LineString", "coordinates": [ [ -112.0448697, 33.4587891 ], [ -112.0448042, 33.4587758 ], [ -112.0447695, 33.458754 ], [ -112.0447251, 33.4587522 ], [ -112.0446614, 33.4587517 ], [ -112.044585, 33.4587501 ], [ -112.0445328, 33.458761299999985 ], [ -112.0445268, 33.4587636 ], [ -112.0445045, 33.4587723 ], [ -112.0444818, 33.4588083 ], [ -112.0444795, 33.4588396 ], [ -112.0444797, 33.458971 ], [ -112.0444842, 33.4597593 ], [ -112.0444852, 33.4603802 ], [ -112.0444937, 33.4604031 ], [ -112.0445021, 33.460426 ], [ -112.0445261, 33.4604391 ], [ -112.0445388, 33.4604429 ], [ -112.044557800000021, 33.4604485 ], [ -112.0448168, 33.4604502 ], [ -112.0453267, 33.4604534 ], [ -112.045415, 33.460454 ], [ -112.0456899, 33.4604557 ], [ -112.04633960000001, 33.4604591 ], [ -112.0468483, 33.4604632 ], [ -112.0472222, 33.4604642 ], [ -112.0474514, 33.4604659 ], [ -112.0474795, 33.46046590000001 ], [ -112.047496, 33.4604625 ], [ -112.0475154, 33.4604388 ], [ -112.0475184, 33.4604261 ], [ -112.0475201, 33.4604187 ], [ -112.0475139, 33.4604043 ], [ -112.0475044, 33.4603916 ], [ -112.0474908, 33.4603812 ], [ -112.0474803, 33.4603763 ] ] } },
{ "type": "Feature", "properties": { "name": null, "highway": "service" }, "geometry": { "type": "LineString", "coordinates": [ [ -112.0466502, 33.4596013 ], [ -112.0466495, 33.4589081 ] ] } },
{ "type": "Feature", "properties": { "name": null, "highway": "service" }, "geometry": { "type": "LineString", "coordinates": [ [ -112.0468245, 33.4596031 ], [ -112.046822, 33.4592422 ], [ -112.046818, 33.4589087 ] ] } },
{ "type": "Feature", "properties": { "name": null, "highway": "footway" }, "geometry": { "type": "LineString", "coordinates": [ [ -112.0474508, 33.4595585 ], [ -112.0474458, 33.4593634 ], [ -112.0474465, 33.4591981 ], [ -112.0474512, 33.4591278 ], [ -112.0474577, 33.4590902 ], [ -112.0474692, 33.4590242 ], [ -112.0474892, 33.458973 ] ] } },
{ "type": "Feature", "properties": { "name": null, "highway": "service" }, "geometry": { "type": "LineString", "coordinates": [ [ -112.0470456, 33.4592477 ], [ -112.0470407, 33.4596054 ] ] } },
{ "type": "Feature", "properties": { "name": null, "highway": "service" }, "geometry": { "type": "LineString", "coordinates": [ [ -112.047254200000012, 33.459619 ], [ -112.047254, 33.4592474 ], [ -112.0470456, 33.4592477 ], [ -112.046822, 33.4592422 ] ] } },
{ "type": "Feature", "properties": { "name": null, "highway": "service" }, "geometry": { "type": "LineString", "coordinates": [ [ -112.047646, 33.4596265 ], [ -112.0474783, 33.459624 ], [ -112.0473631, 33.459622299999985 ], [ -112.047254200000012, 33.459619 ], [ -112.047157400000017, 33.4596066 ] ] } },
{ "type": "Feature", "properties": { "name": null, "highway": "footway" }, "geometry": { "type": "LineString", "coordinates": [ [ -112.0475058, 33.459695 ], [ -112.0474783, 33.459624 ], [ -112.0474508, 33.4595585 ] ] } },
{ "type": "Feature", "properties": { "name": null, "highway": "service" }, "geometry": { "type": "LineString", "coordinates": [ [ -112.047161800000012, 33.4603238 ], [ -112.047157400000017, 33.4596066 ] ] } },
{ "type": "Feature", "properties": { "name": null, "highway": "footway" }, "geometry": { "type": "LineString", "coordinates": [ [ -112.04747930000002, 33.460255 ], [ -112.0474979, 33.4602405 ], [ -112.0475116, 33.460231 ], [ -112.0475139, 33.4602177 ], [ -112.0475181, 33.460192 ], [ -112.0475236, 33.4601715 ], [ -112.0475236, 33.4601514 ], [ -112.0475213, 33.4601268 ], [ -112.0475159, 33.4601063 ], [ -112.0475031, 33.4600881 ], [ -112.0474959, 33.4600715 ], [ -112.0474966, 33.4600393 ], [ -112.0474989, 33.460012 ], [ -112.0474989, 33.459980199999983 ], [ -112.0474981, 33.4599459 ], [ -112.0474962, 33.4599261 ], [ -112.0474994, 33.4598916 ], [ -112.0475021, 33.4598604 ], [ -112.0474954, 33.4598243 ], [ -112.0474846, 33.4597885 ], [ -112.0474879, 33.4597665 ], [ -112.0474879, 33.4597361 ], [ -112.0475058, 33.459695 ] ] } },
{ "type": "Feature", "properties": { "name": null, "highway": "service" }, "geometry": { "type": "LineString", "coordinates": [ [ -112.047364, 33.4603335 ], [ -112.0473631, 33.459622299999985 ] ] } },
{ "type": "Feature", "properties": { "name": null, "highway": "service" }, "geometry": { "type": "LineString", "coordinates": [ [ -112.0476381, 33.4589763 ], [ -112.0474892, 33.458973 ], [ -112.0474354, 33.4589704 ] ] } },
{ "type": "Feature", "properties": { "name": null, "highway": "service" }, "geometry": { "type": "LineString", "coordinates": [ [ -112.0478127, 33.459086 ], [ -112.0481409, 33.4590837 ], [ -112.04813870000001, 33.4588548 ], [ -112.0478896, 33.4588622 ], [ -112.047811600000017, 33.4589301 ], [ -112.0478127, 33.459086 ] ] } },
{ "type": "Feature", "properties": { "name": null, "highway": "service" }, "geometry": { "type": "LineString", "coordinates": [ [ -112.0476385, 33.4590872 ], [ -112.0477718, 33.4590863 ], [ -112.0478127, 33.459086 ] ] } },
{ "type": "Feature", "properties": { "name": null, "highway": "service" }, "geometry": { "type": "LineString", "coordinates": [ [ -112.0476385, 33.4590872 ], [ -112.0474577, 33.4590902 ], [ -112.0474354, 33.4590905 ] ] } },
{ "type": "Feature", "properties": { "name": "North 16th Street", "highway": "secondary" }, "geometry": { "type": "LineString", "coordinates": [ [ -112.047638800000016, 33.4591638 ], [ -112.04764, 33.4592751 ] ] } },
{ "type": "Feature", "properties": { "name": "North 16th Street", "highway": "secondary" }, "geometry": { "type": "LineString", "coordinates": [ [ -112.04764, 33.4592751 ], [ -112.04764, 33.4593046 ], [ -112.0476445, 33.4595447 ] ] } },
{ "type": "Feature", "properties": { "name": null, "highway": "footway" }, "geometry": { "type": "LineString", "coordinates": [ [ -112.0477829, 33.4595552 ], [ -112.047790300000017, 33.4595421 ] ] } },
{ "type": "Feature", "properties": { "name": null, "highway": "footway" }, "geometry": { "type": "LineString", "coordinates": [ [ -112.0477912, 33.4596904 ], [ -112.0477847, 33.4596259 ], [ -112.0477829, 33.4595552 ] ] } },
{ "type": "Feature", "properties": { "name": null, "highway": "footway" }, "geometry": { "type": "LineString", "coordinates": [ [ -112.047802, 33.4597031 ], [ -112.0477912, 33.4596904 ] ] } },
{ "type": "Feature", "properties": { "name": "North 16th Street", "highway": "secondary" }, "geometry": { "type": "LineString", "coordinates": [ [ -112.0476445, 33.4595447 ], [ -112.047646, 33.4596265 ], [ -112.047658100000021, 33.4600794 ], [ -112.0476612, 33.4603358 ], [ -112.0476624, 33.4604232 ], [ -112.047663700000015, 33.4605157 ] ] } },
{ "type": "Feature", "properties": { "name": null, "highway": "footway" }, "geometry": { "type": "LineString", "coordinates": [ [ -112.0474803, 33.4603763 ], [ -112.04748, 33.4603344 ], [ -112.04747930000002, 33.460255 ] ] } },
{ "type": "Feature", "properties": { "name": null, "highway": "service" }, "geometry": { "type": "LineString", "coordinates": [ [ -112.0476612, 33.4603358 ], [ -112.04748, 33.4603344 ], [ -112.047364, 33.4603335 ] ] } },
{ "type": "Feature", "properties": { "name": null, "highway": "service" }, "geometry": { "type": "LineString", "coordinates": [ [ -112.047364, 33.4603335 ], [ -112.047161800000012, 33.4603238 ], [ -112.046937600000021, 33.4603548 ], [ -112.046683200000018, 33.4603559 ], [ -112.0465996, 33.460383899999989 ], [ -112.0463456, 33.4603829 ], [ -112.04627330000001, 33.4603581 ], [ -112.0459782, 33.4603519 ], [ -112.0451557, 33.4603243 ] ] } },
{ "type": "Feature", "properties": { "name": null, "highway": "footway" }, "geometry": { "type": "LineString", "coordinates": [ [ -112.0475184, 33.4604261 ], [ -112.0475242, 33.4604262 ] ] } },
{ "type": "Feature", "properties": { "name": null, "highway": "footway" }, "geometry": { "type": "LineString", "coordinates": [ [ -112.047496, 33.4604625 ], [ -112.0474976, 33.460470100000016 ] ] } },
{ "type": "Feature", "properties": { "name": null, "highway": "footway" }, "geometry": { "type": "LineString", "coordinates": [ [ -112.0475091, 33.4605823 ], [ -112.0475027, 33.460519899999987 ], [ -112.0474976, 33.460470100000016 ] ] } },
{ "type": "Feature", "properties": { "name": null, "highway": "service" }, "geometry": { "type": "LineString", "coordinates": [ [ -112.046444100000016, 33.4606423 ], [ -112.0464439, 33.4605739 ], [ -112.0464437, 33.4605111 ] ] } },
{ "type": "Feature", "properties": { "name": null, "highway": "footway" }, "geometry": { "type": "LineString", "coordinates": [ [ -112.0471038, 33.4605848 ], [ -112.0470381, 33.4605847 ], [ -112.0469709, 33.4605845 ] ] } },
{ "type": "Feature", "properties": { "name": null, "highway": "footway" }, "geometry": { "type": "LineString", "coordinates": [ [ -112.0475091, 33.4605823 ], [ -112.047500600000021, 33.4605899 ] ] } },
{ "type": "Feature", "properties": { "name": null, "highway": "service" }, "geometry": { "type": "LineString", "coordinates": [ [ -112.0470374, 33.4605197 ], [ -112.0470381, 33.4605847 ], [ -112.0470397, 33.4607419 ] ] } },
{ "type": "Feature", "properties": { "name": null, "highway": "footway" }, "geometry": { "type": "LineString", "coordinates": [ [ -112.0477745, 33.460420800000016 ], [ -112.0477849, 33.4604202 ] ] } },
{ "type": "Feature", "properties": { "name": null, "highway": "footway" }, "geometry": { "type": "LineString", "coordinates": [ [ -112.0475242, 33.4604262 ], [ -112.0476624, 33.4604232 ], [ -112.0477745, 33.460420800000016 ] ] } },
{ "type": "Feature", "properties": { "name": null, "highway": "footway" }, "geometry": { "type": "LineString", "coordinates": [ [ -112.0478014, 33.4604454 ], [ -112.0477942, 33.4604517 ] ] } },
{ "type": "Feature", "properties": { "name": null, "highway": "footway" }, "geometry": { "type": "LineString", "coordinates": [ [ -112.0478079, 33.4605664 ], [ -112.0478014, 33.4605121 ], [ -112.0477942, 33.4604517 ] ] } },
{ "type": "Feature", "properties": { "name": null, "highway": "footway" }, "geometry": { "type": "LineString", "coordinates": [ [ -112.0478079, 33.4605664 ], [ -112.0478165, 33.4605751 ] ] } },
{ "type": "Feature", "properties": { "name": null, "highway": "footway" }, "geometry": { "type": "LineString", "coordinates": [ [ -112.0478079, 33.4605664 ], [ -112.0476935, 33.4605725 ], [ -112.0476419, 33.4605752 ], [ -112.0475091, 33.4605823 ] ] } },
{ "type": "Feature", "properties": { "name": null, "highway": "footway" }, "geometry": { "type": "LineString", "coordinates": [ [ -112.0479853, 33.4605733 ], [ -112.0479296, 33.4605733 ], [ -112.0478873, 33.4605733 ] ] } },
{ "type": "Feature", "properties": { "name": "North 16th Street", "highway": "secondary" }, "geometry": { "type": "LineString", "coordinates": [ [ -112.0477471, 33.4607698 ], [ -112.0477447, 33.4606703 ], [ -112.0476935, 33.4605725 ], [ -112.047663700000015, 33.4605157 ] ] } },
{ "type": "Feature", "properties": { "name": "North 16th Street", "highway": "secondary" }, "geometry": { "type": "LineString", "coordinates": [ [ -112.047663700000015, 33.4605157 ], [ -112.0476419, 33.4605752 ], [ -112.047599, 33.4606927 ], [ -112.047614, 33.4612056 ] ] } },
{ "type": "Feature", "properties": { "name": null, "highway": "service" }, "geometry": { "type": "LineString", "coordinates": [ [ -112.0482367, 33.4608982 ], [ -112.0479419, 33.4609048 ] ] } },
{ "type": "Feature", "properties": { "name": null, "highway": "footway" }, "geometry": { "type": "LineString", "coordinates": [ [ -112.045415, 33.4604601 ], [ -112.045415, 33.460454 ] ] } },
{ "type": "Feature", "properties": { "name": "East Portland Street", "highway": "residential" }, "geometry": { "type": "LineString", "coordinates": [ [ -112.0520531, 33.4604851 ], [ -112.0519811, 33.4604852 ], [ -112.0499375, 33.460487 ], [ -112.0498508, 33.4604871 ], [ -112.0497852, 33.4604879 ], [ -112.0479272, 33.4605099 ], [ -112.047850600000018, 33.4605108 ], [ -112.0478014, 33.4605121 ], [ -112.047663700000015, 33.4605157 ], [ -112.0475027, 33.460519899999987 ], [ -112.047468400000014, 33.4605209 ], [ -112.0470374, 33.4605197 ], [ -112.0464437, 33.4605111 ], [ -112.046140300000019, 33.4605084 ], [ -112.0454682, 33.4605099 ], [ -112.045411, 33.4605093 ], [ -112.0445379, 33.46049940000001 ], [ -112.0443922, 33.4604977 ], [ -112.0443337, 33.4604975 ], [ -112.0438665, 33.4604955 ], [ -112.043414900000016, 33.4604936 ], [ -112.0433404, 33.4604933 ], [ -112.0432497, 33.4604928 ], [ -112.042725067980882, 33.460489812870307 ] ] } },
{ "type": "Feature", "properties": { "name": null, "highway": "footway" }, "geometry": { "type": "LineString", "coordinates": [ [ -112.0454059, 33.460571899999977 ], [ -112.045411, 33.4605093 ], [ -112.045415, 33.4604601 ] ] } },
{ "type": "Feature", "properties": { "name": null, "highway": "footway" }, "geometry": { "type": "LineString", "coordinates": [ [ -112.0455349, 33.4605712 ], [ -112.0454681, 33.4605716 ], [ -112.0454059, 33.460571899999977 ] ] } },
{ "type": "Feature", "properties": { "name": null, "highway": "footway" }, "geometry": { "type": "LineString", "coordinates": [ [ -112.0454059, 33.460571899999977 ], [ -112.0453908, 33.4605776 ] ] } },
{ "type": "Feature", "properties": { "name": null, "highway": "footway" }, "geometry": { "type": "LineString", "coordinates": [ [ -112.045539100000013, 33.4605763 ], [ -112.0455349, 33.4605712 ] ] } },
{ "type": "Feature", "properties": { "name": null, "highway": "service" }, "geometry": { "type": "LineString", "coordinates": [ [ -112.0461409, 33.4606324 ], [ -112.0461406, 33.4605727 ], [ -112.046140300000019, 33.4605084 ] ] } },
{ "type": "Feature", "properties": { "name": null, "highway": "service" }, "geometry": { "type": "LineString", "coordinates": [ [ -112.046122, 33.4611325 ], [ -112.046122, 33.4607886 ], [ -112.0461396, 33.46070610000001 ], [ -112.0461409, 33.4606324 ] ] } },
{ "type": "Feature", "properties": { "name": "North 17th Street", "highway": "residential" }, "geometry": { "type": "LineString", "coordinates": [ [ -112.0454682, 33.4605099 ], [ -112.0454681, 33.4605716 ], [ -112.0454674, 33.4609644 ], [ -112.045472, 33.461398 ] ] } },
{ "type": "Feature", "properties": { "name": null, "highway": "footway" }, "geometry": { "type": "LineString", "coordinates": [ [ -112.0444529, 33.4612557 ], [ -112.0444601, 33.461327 ], [ -112.04447, 33.4613418 ], [ -112.0444725, 33.4613441 ], [ -112.0444791, 33.46135 ], [ -112.044498, 33.4613527 ], [ -112.044585900000015, 33.4613542 ], [ -112.045092, 33.4613574 ], [ -112.0453909, 33.4613588 ], [ -112.045404500000018, 33.461357 ], [ -112.0454174, 33.4613484 ], [ -112.0454227, 33.461337 ], [ -112.0454206, 33.4612516 ], [ -112.0454185, 33.4609646 ], [ -112.0454166, 33.4606922 ], [ -112.0454176, 33.4606676 ], [ -112.045415, 33.4606363 ], [ -112.0454074, 33.4606063 ], [ -112.0453999, 33.4605835 ], [ -112.0453908, 33.4605776 ], [ -112.0453806, 33.4605709 ], [ -112.0453318, 33.4605651 ], [ -112.0448632, 33.4605645 ], [ -112.0445369, 33.460559 ], [ -112.0445237, 33.4605588 ], [ -112.0444945, 33.4605594 ], [ -112.044472200000016, 33.4605674 ], [ -112.0444655, 33.4605734 ], [ -112.0444587, 33.4605796 ], [ -112.0444499, 33.4605941 ], [ -112.0444452, 33.4606139 ], [ -112.0444478, 33.4608397 ], [ -112.0444486, 33.4609693 ], [ -112.0444529, 33.4612557 ] ] } },
{ "type": "Feature", "properties": { "name": null, "highway": "footway" }, "geometry": { "type": "LineString", "coordinates": [ [ -112.0478873, 33.4605733 ], [ -112.047878, 33.4605733 ], [ -112.0478659, 33.4605586 ], [ -112.0478324, 33.4605632 ], [ -112.0478165, 33.4605751 ], [ -112.0478044, 33.4605858 ], [ -112.0477981, 33.4606033 ], [ -112.0477997, 33.460623 ], [ -112.0478097, 33.4608189 ], [ -112.0478058, 33.4608361 ], [ -112.0478058, 33.4608757 ], [ -112.0478119, 33.4608877 ], [ -112.047831300000013, 33.4612568 ], [ -112.047834900000012, 33.4613703 ], [ -112.0478434, 33.4614129 ], [ -112.0478569, 33.461439099999986 ], [ -112.0478842, 33.4614688 ], [ -112.0479077, 33.461483 ], [ -112.0479143, 33.461487 ], [ -112.0479519, 33.4614998 ] ] } },
{ "type": "Feature", "properties": { "name": null, "highway": "service" }, "geometry": { "type": "LineString", "coordinates": [ [ -112.0482431, 33.4610721 ], [ -112.0479481, 33.4610695 ] ] } },
{ "type": "Feature", "properties": { "name": "North 16th Street", "highway": "secondary" }, "geometry": { "type": "LineString", "coordinates": [ [ -112.0477681, 33.461383 ], [ -112.0477601, 33.4611511 ], [ -112.04775, 33.4608569 ], [ -112.0477471, 33.4607698 ] ] } },
{ "type": "Feature", "properties": { "name": "North 16th Street", "highway": "secondary" }, "geometry": { "type": "LineString", "coordinates": [ [ -112.047614, 33.4612056 ], [ -112.047619, 33.4613869 ] ] } },
{ "type": "Feature", "properties": { "name": "North 16th Street", "highway": "secondary" }, "geometry": { "type": "LineString", "coordinates": [ [ -112.047619, 33.4613869 ], [ -112.0476206, 33.4614888 ], [ -112.047622, 33.4615788 ] ] } },
{ "type": "Feature", "properties": { "name": null, "highway": "footway" }, "geometry": { "type": "LineString", "coordinates": [ [ -112.047903, 33.4614857 ], [ -112.0479077, 33.461483 ] ] } },
{ "type": "Feature", "properties": { "name": null, "highway": "footway" }, "geometry": { "type": "LineString", "coordinates": [ [ -112.047903, 33.4614857 ], [ -112.0477717, 33.4614871 ], [ -112.0476206, 33.4614888 ], [ -112.0475314, 33.46148980000001 ] ] } },
{ "type": "Feature", "properties": { "name": "North 16th Street", "highway": "secondary" }, "geometry": { "type": "LineString", "coordinates": [ [ -112.0477786, 33.461659 ], [ -112.047774, 33.4615728 ], [ -112.0477717, 33.4614871 ], [ -112.0477681, 33.461383 ] ] } },
{ "type": "Feature", "properties": { "name": null, "highway": "footway" }, "geometry": { "type": "LineString", "coordinates": [ [ -112.0478841, 33.4616283 ], [ -112.0478908, 33.4615764 ], [ -112.047903, 33.4614857 ] ] } },
{ "type": "Feature", "properties": { "name": null, "highway": "motorway_link" }, "geometry": { "type": "LineString", "coordinates": [ [ -112.047774, 33.4615728 ], [ -112.047622, 33.4615788 ] ] } },
{ "type": "Feature", "properties": { "name": null, "highway": "footway" }, "geometry": { "type": "LineString", "coordinates": [ [ -112.0520627, 33.4568474 ], [ -112.0520763, 33.4568303 ] ] } },
{ "type": "Feature", "properties": { "name": null, "highway": "footway" }, "geometry": { "type": "LineString", "coordinates": [ [ -112.0520495, 33.4572823 ], [ -112.0520505, 33.457255199999985 ], [ -112.05205, 33.4572325 ] ] } },
{ "type": "Feature", "properties": { "name": null, "highway": "footway" }, "geometry": { "type": "LineString", "coordinates": [ [ -112.0520404, 33.4576785 ], [ -112.0520386, 33.457664 ] ] } },
{ "type": "Feature", "properties": { "name": null, "highway": "footway" }, "geometry": { "type": "LineString", "coordinates": [ [ -112.0520404, 33.4576785 ], [ -112.0520944, 33.4576784 ], [ -112.0521595, 33.4576783 ] ] } },
{ "type": "Feature", "properties": { "name": null, "highway": "footway" }, "geometry": { "type": "LineString", "coordinates": [ [ -112.0521553, 33.4577922 ], [ -112.0520908, 33.45779180000001 ], [ -112.0520386, 33.4577915 ], [ -112.0520394, 33.4577429 ], [ -112.0520404, 33.4576785 ] ] } },
{ "type": "Feature", "properties": { "name": null, "highway": "footway" }, "geometry": { "type": "LineString", "coordinates": [ [ -112.0520386, 33.4577915 ], [ -112.052031900000017, 33.4578063 ] ] } },
{ "type": "Feature", "properties": { "name": null, "highway": "service" }, "geometry": { "type": "LineString", "coordinates": [ [ -112.0515112, 33.4587046 ], [ -112.051512, 33.4586202 ], [ -112.0515154, 33.4582746 ] ] } },
{ "type": "Feature", "properties": { "name": null, "highway": "footway" }, "geometry": { "type": "LineString", "coordinates": [ [ -112.0520008, 33.4586024 ], [ -112.0520202, 33.4586201 ] ] } },
{ "type": "Feature", "properties": { "name": null, "highway": "footway" }, "geometry": { "type": "LineString", "coordinates": [ [ -112.0520202, 33.4586201 ], [ -112.0520779, 33.4586352 ], [ -112.0521401, 33.4586515 ] ] } },
{ "type": "Feature", "properties": { "name": null, "highway": "footway" }, "geometry": { "type": "LineString", "coordinates": [ [ -112.0521401, 33.4586515 ], [ -112.0521624, 33.4586469 ] ] } },
{ "type": "Feature", "properties": { "name": null, "highway": "service" }, "geometry": { "type": "LineString", "coordinates": [ [ -112.047813600000012, 33.4585419 ], [ -112.047818, 33.458289799999989 ] ] } },
{ "type": "Feature", "properties": { "name": "North 16th Street", "highway": "secondary" }, "geometry": { "type": "LineString", "coordinates": [ [ -112.0476423, 33.458168399999984 ], [ -112.0476416, 33.458209899999986 ], [ -112.0476402, 33.4582884 ], [ -112.047637200000011, 33.4584528 ], [ -112.0476357, 33.4585379 ], [ -112.047635, 33.45861630000001 ], [ -112.047637, 33.4587204 ] ] } },
{ "type": "Feature", "properties": { "name": null, "highway": "service" }, "geometry": { "type": "LineString", "coordinates": [ [ -112.0479767, 33.458719 ], [ -112.047975, 33.4586339 ], [ -112.0479733, 33.4585454 ], [ -112.0479778, 33.4584965 ], [ -112.0479811, 33.4583479 ], [ -112.0479745, 33.4583237 ], [ -112.0479589, 33.4583033 ], [ -112.0479377, 33.4582931 ], [ -112.0479088, 33.4582905 ], [ -112.047818, 33.458289799999989 ], [ -112.0477658, 33.458289399999984 ], [ -112.0476402, 33.4582884 ] ] } },
{ "type": "Feature", "properties": { "name": null, "highway": "service" }, "geometry": { "type": "LineString", "coordinates": [ [ -112.0479733, 33.4585454 ], [ -112.047813600000012, 33.4585419 ], [ -112.047742, 33.4585403 ], [ -112.0476357, 33.4585379 ] ] } },
{ "type": "Feature", "properties": { "name": null, "highway": "footway" }, "geometry": { "type": "LineString", "coordinates": [ [ -112.047766, 33.45861020000001 ], [ -112.0477578, 33.45861630000001 ] ] } },
{ "type": "Feature", "properties": { "name": null, "highway": "footway" }, "geometry": { "type": "LineString", "coordinates": [ [ -112.0477983, 33.4588089 ], [ -112.047637, 33.458811 ], [ -112.0474883, 33.4588129 ], [ -112.0474868, 33.4587175 ], [ -112.0474852, 33.4586163 ], [ -112.047635, 33.45861630000001 ], [ -112.0477578, 33.45861630000001 ], [ -112.0477791, 33.45871769999998 ], [ -112.0477983, 33.4588089 ] ] } },
{ "type": "Feature", "properties": { "name": "East Roosevelt Street", "highway": "tertiary" }, "geometry": { "type": "LineString", "coordinates": [ [ -112.0483216, 33.4587194 ], [ -112.048209, 33.4587193 ], [ -112.0481374, 33.458719199999983 ], [ -112.0480147, 33.458719 ], [ -112.0479767, 33.458719 ], [ -112.0477791, 33.45871769999998 ], [ -112.047637, 33.4587204 ] ] } },
{ "type": "Feature", "properties": { "name": null, "highway": "footway" }, "geometry": { "type": "LineString", "coordinates": [ [ -112.0478024, 33.458818 ], [ -112.0477983, 33.4588089 ] ] } },
{ "type": "Feature", "properties": { "name": null, "highway": "service" }, "geometry": { "type": "LineString", "coordinates": [ [ -112.047811600000017, 33.4589301 ], [ -112.0477707, 33.4589305 ], [ -112.047638, 33.4589316 ] ] } },
{ "type": "Feature", "properties": { "name": "North 16th Street", "highway": "secondary" }, "geometry": { "type": "LineString", "coordinates": [ [ -112.047637, 33.4587204 ], [ -112.047637, 33.458811 ], [ -112.047638, 33.4589316 ], [ -112.0476381, 33.4589763 ], [ -112.0476385, 33.4590872 ], [ -112.047638800000016, 33.4591638 ] ] } },
{ "type": "Feature", "properties": { "name": null, "highway": "service" }, "geometry": { "type": "LineString", "coordinates": [ [ -112.0520906, 33.4582144 ], [ -112.0520251, 33.4582145 ], [ -112.0483597, 33.4582174 ], [ -112.0482821, 33.4582154 ], [ -112.0480083, 33.4582137 ], [ -112.0477813, 33.4582114 ], [ -112.0476416, 33.458209899999986 ] ] } },
{ "type": "Feature", "properties": { "name": null, "highway": "footway" }, "geometry": { "type": "LineString", "coordinates": [ [ -112.0497736, 33.4586268 ], [ -112.0497732, 33.4586455 ] ] } },
{ "type": "Feature", "properties": { "name": null, "highway": "footway" }, "geometry": { "type": "LineString", "coordinates": [ [ -112.0497744, 33.4587907 ], [ -112.0497737, 33.4587093 ], [ -112.0497732, 33.4586455 ] ] } },
{ "type": "Feature", "properties": { "name": null, "highway": "service" }, "geometry": { "type": "LineString", "coordinates": [ [ -112.04813870000001, 33.4588548 ], [ -112.0481381, 33.458791899999987 ], [ -112.0481374, 33.458719199999983 ] ] } },
{ "type": "Feature", "properties": { "name": null, "highway": "footway" }, "geometry": { "type": "LineString", "coordinates": [ [ -112.0499262, 33.4587869 ], [ -112.0498451, 33.4587889 ], [ -112.0497744, 33.4587907 ] ] } },
{ "type": "Feature", "properties": { "name": null, "highway": "footway" }, "geometry": { "type": "LineString", "coordinates": [ [ -112.0499424, 33.4587975 ], [ -112.0499262, 33.4587869 ] ] } },
{ "type": "Feature", "properties": { "name": null, "highway": "footway" }, "geometry": { "type": "LineString", "coordinates": [ [ -112.0497744, 33.4587907 ], [ -112.0497583, 33.4588022 ] ] } },
{ "type": "Feature", "properties": { "name": null, "highway": "footway" }, "geometry": { "type": "LineString", "coordinates": [ [ -112.0497647, 33.4588149 ], [ -112.0497583, 33.4588022 ], [ -112.0497525, 33.45879080000001 ], [ -112.0495986, 33.4587922 ], [ -112.049138500000012, 33.458794 ], [ -112.0486992, 33.4587954 ], [ -112.0482571, 33.4587951 ], [ -112.0482416, 33.4587912 ], [ -112.0482323, 33.4587825 ], [ -112.0481852, 33.458783 ], [ -112.0481759, 33.458792 ], [ -112.0481381, 33.458791899999987 ], [ -112.0479975, 33.4587914 ], [ -112.0478711, 33.4587927 ], [ -112.0478308, 33.4588008 ], [ -112.0478024, 33.458818 ], [ -112.0477829, 33.4588375 ], [ -112.0477699, 33.4588647 ], [ -112.0477707, 33.4589305 ], [ -112.0477712, 33.4589718 ], [ -112.0477718, 33.4590863 ], [ -112.047772200000011, 33.459164799999989 ], [ -112.047773, 33.45933380000001 ], [ -112.0477748, 33.4594941 ], [ -112.0477821, 33.4595358 ], [ -112.047790300000017, 33.4595421 ], [ -112.0477975, 33.4595477 ], [ -112.0478479, 33.4595483 ], [ -112.0483007, 33.4595493 ], [ -112.0490387, 33.4595442 ], [ -112.0495924, 33.4595448 ], [ -112.0497426, 33.4595429 ], [ -112.049762200000018, 33.4595429 ], [ -112.0497671, 33.4595302 ], [ -112.0497659, 33.4591662 ], [ -112.0497647, 33.4588149 ] ] } },
{ "type": "Feature", "properties": { "name": null, "highway": "service" }, "geometry": { "type": "LineString", "coordinates": [ [ -112.0520565, 33.459161 ], [ -112.0519626, 33.4591612 ], [ -112.0499363, 33.4591659 ], [ -112.0498479, 33.4591661 ], [ -112.0497659, 33.4591662 ], [ -112.0482755, 33.4591687 ], [ -112.0477836, 33.4591649 ], [ -112.047772200000011, 33.459164799999989 ], [ -112.0477628, 33.4591647 ], [ -112.047638800000016, 33.4591638 ] ] } },
{ "type": "Feature", "properties": { "name": null, "highway": "footway" }, "geometry": { "type": "LineString", "coordinates": [ [ -112.0499484, 33.459535099999989 ], [ -112.0499309, 33.4595512 ] ] } },
{ "type": "Feature", "properties": { "name": null, "highway": "footway" }, "geometry": { "type": "LineString", "coordinates": [ [ -112.052137, 33.4587754 ], [ -112.052063600000011, 33.458775399999986 ], [ -112.0519817, 33.4587754 ] ] } },
{ "type": "Feature", "properties": { "name": null, "highway": "footway" }, "geometry": { "type": "LineString", "coordinates": [ [ -112.0521516, 33.4587814 ], [ -112.052137, 33.4587754 ] ] } },
{ "type": "Feature", "properties": { "name": null, "highway": "footway" }, "geometry": { "type": "LineString", "coordinates": [ [ -112.0519817, 33.4587754 ], [ -112.0519678, 33.4587934 ] ] } },
{ "type": "Feature", "properties": { "name": null, "highway": "footway" }, "geometry": { "type": "LineString", "coordinates": [ [ -112.051965600000017, 33.4588525 ], [ -112.0519678, 33.4587934 ], [ -112.0519494, 33.4587811 ], [ -112.0515382, 33.4587852 ], [ -112.0508021, 33.4587866 ], [ -112.0500525, 33.4587892 ], [ -112.0499572, 33.4587912 ], [ -112.0499424, 33.4587975 ], [ -112.049936200000019, 33.4588106 ], [ -112.0499366, 33.4589327 ], [ -112.0499363, 33.4591659 ], [ -112.0499359, 33.4595169 ], [ -112.0499422, 33.4595319 ], [ -112.0499484, 33.459535099999989 ], [ -112.0499596, 33.4595408 ], [ -112.0499871, 33.4595415 ], [ -112.050477500000014, 33.4595392 ], [ -112.0510348, 33.4595422 ], [ -112.0517918, 33.4595366 ], [ -112.0519169, 33.4595333 ], [ -112.051968400000021, 33.4595314 ], [ -112.0519611, 33.4591826 ], [ -112.0519626, 33.4591612 ], [ -112.051965, 33.4591263 ], [ -112.051965600000017, 33.4588525 ] ] } },
{ "type": "Feature", "properties": { "name": null, "highway": "footway" }, "geometry": { "type": "LineString", "coordinates": [ [ -112.051968400000021, 33.4595314 ], [ -112.0519825, 33.459549500000016 ] ] } },
{ "type": "Feature", "properties": { "name": null, "highway": "footway" }, "geometry": { "type": "LineString", "coordinates": [ [ -112.0521483, 33.4595477 ], [ -112.0521305, 33.4595574 ] ] } },
{ "type": "Feature", "properties": { "name": "East Diamond Street", "highway": "residential" }, "geometry": { "type": "LineString", "coordinates": [ [ -112.0542788, 33.4595976 ], [ -112.0542053, 33.4595978 ], [ -112.0532095, 33.4596 ], [ -112.0531217, 33.4596002 ], [ -112.0521316, 33.4596067 ], [ -112.0520444, 33.4596073 ], [ -112.0519821, 33.4596076 ], [ -112.049931, 33.459616499999989 ], [ -112.0498472, 33.4596169 ], [ -112.0497735, 33.4596172 ], [ -112.047832500000013, 33.4596257 ], [ -112.0477847, 33.4596259 ], [ -112.047646, 33.4596265 ] ] } },
{ "type": "Feature", "properties": { "name": null, "highway": "footway" }, "geometry": { "type": "LineString", "coordinates": [ [ -112.052133, 33.459671 ], [ -112.052045, 33.4596718 ], [ -112.0519816, 33.4596724 ], [ -112.0519821, 33.4596076 ], [ -112.0519825, 33.459549500000016 ], [ -112.0520459, 33.4595529 ], [ -112.0521305, 33.4595574 ], [ -112.0521316, 33.4596067 ], [ -112.052133, 33.459671 ] ] } },
{ "type": "Feature", "properties": { "name": null, "highway": "footway" }, "geometry": { "type": "LineString", "coordinates": [ [ -112.0521507, 33.4596838 ], [ -112.052133, 33.459671 ] ] } },
{ "type": "Feature", "properties": { "name": null, "highway": "footway" }, "geometry": { "type": "LineString", "coordinates": [ [ -112.0519816, 33.4596724 ], [ -112.0519616, 33.4596896 ] ] } },
{ "type": "Feature", "properties": { "name": null, "highway": "service" }, "geometry": { "type": "LineString", "coordinates": [ [ -112.0542812, 33.4589314 ], [ -112.054174, 33.458932699999984 ], [ -112.0537551, 33.4589376 ] ] } },
{ "type": "Feature", "properties": { "name": null, "highway": "footway" }, "geometry": { "type": "LineString", "coordinates": [ [ -112.0541748, 33.458826299999984 ], [ -112.0541753, 33.45881210000001 ], [ -112.0541759, 33.4587928 ], [ -112.0541726, 33.4587837 ], [ -112.0541698, 33.4587758 ], [ -112.054133600000014, 33.4587756 ], [ -112.0524443, 33.4587815 ], [ -112.0521827, 33.4587825 ], [ -112.0521516, 33.4587814 ], [ -112.0521512, 33.4589284 ], [ -112.0521483, 33.4595477 ], [ -112.0521494, 33.4595536 ], [ -112.0521721, 33.4595541 ], [ -112.052451800000014, 33.4595536 ] ] } },
{ "type": "Feature", "properties": { "name": null, "highway": "footway" }, "geometry": { "type": "LineString", "coordinates": [ [ -112.052451800000014, 33.4595536 ], [ -112.0529801, 33.4595514 ], [ -112.0532092, 33.4595505 ], [ -112.0541499, 33.459546699999983 ], [ -112.0541663, 33.4595457 ], [ -112.05417540000002, 33.4595394 ], [ -112.0541698, 33.4595256 ], [ -112.0541715, 33.4592811 ], [ -112.054174, 33.458932699999984 ], [ -112.0541748, 33.458826299999984 ] ] } },
{ "type": "Feature", "properties": { "name": null, "highway": "service" }, "geometry": { "type": "LineString", "coordinates": [ [ -112.0542794, 33.4592823 ], [ -112.0541715, 33.4592811 ], [ -112.054163300000013, 33.459281 ], [ -112.0539608, 33.4592786 ] ] } },
{ "type": "Feature", "properties": { "name": null, "highway": "footway" }, "geometry": { "type": "LineString", "coordinates": [ [ -112.0532092, 33.4595695 ], [ -112.0532092, 33.4595505 ] ] } },
{ "type": "Feature", "properties": { "name": null, "highway": "footway" }, "geometry": { "type": "LineString", "coordinates": [ [ -112.05321, 33.459664 ], [ -112.0532095, 33.4596 ], [ -112.0532092, 33.4595695 ] ] } },
{ "type": "Feature", "properties": { "name": null, "highway": "footway" }, "geometry": { "type": "LineString", "coordinates": [ [ -112.0530814, 33.4596648 ], [ -112.0531211, 33.459664600000018 ], [ -112.05321, 33.459664 ] ] } },
{ "type": "Feature", "properties": { "name": null, "highway": "footway" }, "geometry": { "type": "LineString", "coordinates": [ [ -112.0530814, 33.4596648 ], [ -112.053073900000015, 33.4596744 ] ] } },
{ "type": "Feature", "properties": { "name": null, "highway": "footway" }, "geometry": { "type": "LineString", "coordinates": [ [ -112.0532205, 33.459675 ], [ -112.05321, 33.459664 ] ] } },
{ "type": "Feature", "properties": { "name": "North 13th Place", "highway": "residential" }, "geometry": { "type": "LineString", "coordinates": [ [ -112.0531217, 33.4596002 ], [ -112.0531211, 33.459664600000018 ], [ -112.053113300000021, 33.4604954 ] ] } },
{ "type": "Feature", "properties": { "name": null, "highway": "footway" }, "geometry": { "type": "LineString", "coordinates": [ [ -112.049762200000018, 33.4595429 ], [ -112.0497736, 33.459550399999983 ] ] } },
{ "type": "Feature", "properties": { "name": null, "highway": "footway" }, "geometry": { "type": "LineString", "coordinates": [ [ -112.0497734, 33.4596832 ], [ -112.0498475, 33.4596812 ], [ -112.0499311, 33.459679 ], [ -112.049931, 33.459616499999989 ], [ -112.0499309, 33.4595512 ], [ -112.0498473, 33.4595508 ], [ -112.0497736, 33.459550399999983 ], [ -112.0497735, 33.4596172 ], [ -112.0497734, 33.4596832 ] ] } },
{ "type": "Feature", "properties": { "name": null, "highway": "footway" }, "geometry": { "type": "LineString", "coordinates": [ [ -112.0499432, 33.4596906 ], [ -112.0499311, 33.459679 ] ] } },
{ "type": "Feature", "properties": { "name": null, "highway": "footway" }, "geometry": { "type": "LineString", "coordinates": [ [ -112.0497734, 33.4596832 ], [ -112.0497639, 33.4596944 ] ] } },
{ "type": "Feature", "properties": { "name": "North 15th Street", "highway": "residential" }, "geometry": { "type": "LineString", "coordinates": [ [ -112.0498445, 33.4587088 ], [ -112.0498451, 33.4587889 ], [ -112.0498479, 33.4591661 ], [ -112.0498473, 33.4595508 ], [ -112.0498472, 33.4596169 ], [ -112.0498475, 33.4596812 ], [ -112.049849, 33.4600634 ], [ -112.049850600000013, 33.4604293 ], [ -112.0498508, 33.4604871 ], [ -112.0498514, 33.4605507 ], [ -112.0498551, 33.460932799999988 ], [ -112.0498557, 33.4609922 ], [ -112.0498572, 33.461324399999988 ], [ -112.0498576, 33.4613875 ] ] } },
{ "type": "Feature", "properties": { "name": null, "highway": "footway" }, "geometry": { "type": "LineString", "coordinates": [ [ -112.0495994, 33.4596948 ], [ -112.0487731, 33.4596956 ], [ -112.0482225, 33.459697 ], [ -112.0478415, 33.4596963 ], [ -112.0478188, 33.4596974 ], [ -112.047802, 33.4597031 ], [ -112.0477834, 33.459720899999986 ], [ -112.0477766, 33.459741 ], [ -112.0477803, 33.4600785 ], [ -112.047781, 33.460147199999987 ], [ -112.0477841, 33.4604174 ], [ -112.0477849, 33.4604202 ], [ -112.0477893, 33.4604351 ], [ -112.0478014, 33.4604454 ], [ -112.0478072, 33.4604503 ], [ -112.0478224, 33.4604565 ], [ -112.0479015, 33.4604597 ], [ -112.0480075, 33.4604591 ], [ -112.0486182, 33.4604571 ], [ -112.0490791, 33.4604549 ], [ -112.0495884, 33.4604533 ], [ -112.0497465, 33.460448799999988 ], [ -112.0497697, 33.4604412 ], [ -112.049777500000019, 33.4604224 ], [ -112.0497815, 33.460390399999987 ], [ -112.0497696, 33.4603763 ], [ -112.0497713, 33.4600955 ], [ -112.049771, 33.460064 ], [ -112.049768, 33.459702 ], [ -112.0497639, 33.4596944 ], [ -112.0497526, 33.4596898 ], [ -112.0495994, 33.4596948 ] ] } },
{ "type": "Feature", "properties": { "name": null, "highway": "service" }, "geometry": { "type": "LineString", "coordinates": [ [ -112.047658100000021, 33.4600794 ], [ -112.0477803, 33.4600785 ], [ -112.049771, 33.460064 ], [ -112.049849, 33.4600634 ], [ -112.0499397, 33.4600639 ], [ -112.0516479, 33.4600729 ], [ -112.0519675, 33.4600805 ], [ -112.0520491, 33.4600824 ] ] } },
{ "type": "Feature", "properties": { "name": null, "highway": "footway" }, "geometry": { "type": "LineString", "coordinates": [ [ -112.049777500000019, 33.4604224 ], [ -112.0497895, 33.460426899999987 ] ] } },
{ "type": "Feature", "properties": { "name": null, "highway": "footway" }, "geometry": { "type": "LineString", "coordinates": [ [ -112.0499462, 33.4604224 ], [ -112.0499363, 33.4604326 ] ] } },
{ "type": "Feature", "properties": { "name": null, "highway": "footway" }, "geometry": { "type": "LineString", "coordinates": [ [ -112.04978, 33.4605629 ], [ -112.0498514, 33.4605507 ], [ -112.0499386, 33.4605358 ], [ -112.0499375, 33.460487 ], [ -112.0499363, 33.4604326 ], [ -112.049850600000013, 33.4604293 ], [ -112.0497895, 33.460426899999987 ], [ -112.0497852, 33.4604879 ], [ -112.04978, 33.4605629 ] ] } },
{ "type": "Feature", "properties": { "name": null, "highway": "footway" }, "geometry": { "type": "LineString", "coordinates": [ [ -112.0519406, 33.4604328 ], [ -112.049978400000015, 33.46043860000001 ], [ -112.0499635, 33.4604328 ], [ -112.0499462, 33.4604224 ], [ -112.0499406, 33.4604141 ], [ -112.0499397, 33.4600639 ], [ -112.0499392, 33.4598654 ], [ -112.0499373, 33.4597018 ], [ -112.049935, 33.459693899999984 ], [ -112.0499432, 33.4596906 ], [ -112.0499529, 33.4596866 ], [ -112.0499768, 33.4596899 ], [ -112.0503069, 33.4596886 ], [ -112.0514317, 33.459686 ], [ -112.05195350000001, 33.4596842 ], [ -112.0519616, 33.4596896 ], [ -112.0519679, 33.459693899999984 ], [ -112.0519675, 33.4600805 ], [ -112.0519675, 33.4601018 ], [ -112.0519683, 33.4604084 ], [ -112.0519665, 33.4604131 ], [ -112.0519619, 33.4604253 ], [ -112.0519406, 33.4604328 ] ] } },
{ "type": "Feature", "properties": { "name": null, "highway": "footway" }, "geometry": { "type": "LineString", "coordinates": [ [ -112.0521496, 33.4604148 ], [ -112.052114, 33.4604165 ] ] } },
{ "type": "Feature", "properties": { "name": null, "highway": "footway" }, "geometry": { "type": "LineString", "coordinates": [ [ -112.0519665, 33.4604131 ], [ -112.0519807, 33.460423 ] ] } },
{ "type": "Feature", "properties": { "name": null, "highway": "footway" }, "geometry": { "type": "LineString", "coordinates": [ [ -112.0519815, 33.460536 ], [ -112.0519811, 33.4604852 ], [ -112.0519807, 33.460423 ], [ -112.0520524, 33.4604195 ], [ -112.052114, 33.4604165 ] ] } },
{ "type": "Feature", "properties": { "name": null, "highway": "footway" }, "geometry": { "type": "LineString", "coordinates": [ [ -112.0519815, 33.460536 ], [ -112.0519664, 33.460543 ] ] } },
{ "type": "Feature", "properties": { "name": null, "highway": "footway" }, "geometry": { "type": "LineString", "coordinates": [ [ -112.0519644, 33.4609193 ], [ -112.0519451, 33.460924 ], [ -112.0513215, 33.4609246 ], [ -112.0507505, 33.4609299 ], [ -112.0500018, 33.4609318 ], [ -112.0499694, 33.4609315 ], [ -112.0499508, 33.4609222 ], [ -112.049944, 33.4609097 ], [ -112.0499469, 33.4605702 ], [ -112.0499508, 33.4605528 ], [ -112.0499564, 33.4605475 ], [ -112.0499648, 33.460539499999989 ], [ -112.0499798, 33.4605327 ], [ -112.0500264, 33.460533 ], [ -112.0508135, 33.460531499999988 ], [ -112.0513693, 33.4605299 ], [ -112.0517982, 33.4605282 ], [ -112.0519525, 33.4605292 ], [ -112.0519629, 33.4605364 ], [ -112.0519664, 33.460543 ], [ -112.0519701, 33.4605499 ], [ -112.051966, 33.4605683 ], [ -112.0519648, 33.4605945 ], [ -112.0519635, 33.4606734 ], [ -112.0519642, 33.4608437 ], [ -112.0519644, 33.4609193 ] ] } },
{ "type": "Feature", "properties": { "name": null, "highway": "footway" }, "geometry": { "type": "LineString", "coordinates": [ [ -112.0521316, 33.4609235 ], [ -112.052147, 33.460918 ] ] } },
{ "type": "Feature", "properties": { "name": null, "highway": "footway" }, "geometry": { "type": "LineString", "coordinates": [ [ -112.0519767, 33.4609265 ], [ -112.0519644, 33.4609193 ] ] } },
{ "type": "Feature", "properties": { "name": null, "highway": "footway" }, "geometry": { "type": "LineString", "coordinates": [ [ -112.0519767, 33.4609265 ], [ -112.0520553, 33.460925 ], [ -112.0521316, 33.4609235 ], [ -112.0521302, 33.4609826 ], [ -112.0521289, 33.4610392 ] ] } },
{ "type": "Feature", "properties": { "name": null, "highway": "footway" }, "geometry": { "type": "LineString", "coordinates": [ [ -112.0519777, 33.4610397 ], [ -112.05197720000001, 33.4609831 ], [ -112.0519767, 33.4609265 ] ] } },
{ "type": "Feature", "properties": { "name": null, "highway": "footway" }, "geometry": { "type": "LineString", "coordinates": [ [ -112.0499386, 33.4605358 ], [ -112.0499564, 33.4605475 ] ] } },
{ "type": "Feature", "properties": { "name": null, "highway": "footway" }, "geometry": { "type": "LineString", "coordinates": [ [ -112.0497662, 33.4605652 ], [ -112.04978, 33.4605629 ] ] } },
{ "type": "Feature", "properties": { "name": null, "highway": "footway" }, "geometry": { "type": "LineString", "coordinates": [ [ -112.049762200000018, 33.4611334 ], [ -112.0497615, 33.4610723 ], [ -112.049760600000013, 33.4609328 ], [ -112.049759800000018, 33.4608197 ], [ -112.0497673, 33.4605855 ], [ -112.0497662, 33.4605652 ], [ -112.0497472, 33.4605539 ], [ -112.0495931, 33.4605533 ], [ -112.0491435, 33.4605558 ], [ -112.0486377, 33.460557699999988 ], [ -112.0480549, 33.4605586 ], [ -112.0480085, 33.4605596 ], [ -112.0479911, 33.4605733 ], [ -112.0479853, 33.4605733 ] ] } },
{ "type": "Feature", "properties": { "name": null, "highway": "footway" }, "geometry": { "type": "LineString", "coordinates": [ [ -112.0499508, 33.4609222 ], [ -112.0499341, 33.4609335 ] ] } },
{ "type": "Feature", "properties": { "name": null, "highway": "footway" }, "geometry": { "type": "LineString", "coordinates": [ [ -112.049760600000013, 33.4609328 ], [ -112.0497888, 33.4609322 ] ] } },
{ "type": "Feature", "properties": { "name": null, "highway": "footway" }, "geometry": { "type": "LineString", "coordinates": [ [ -112.0497888, 33.4609322 ], [ -112.0498551, 33.460932799999988 ], [ -112.0499341, 33.4609335 ] ] } },
{ "type": "Feature", "properties": { "name": null, "highway": "service" }, "geometry": { "type": "LineString", "coordinates": [ [ -112.0493074, 33.4613352 ], [ -112.0492134, 33.4613937 ], [ -112.048051500000014, 33.4613916 ], [ -112.047985, 33.4613697 ], [ -112.0479587, 33.4613317 ], [ -112.0479481, 33.4610695 ], [ -112.0479419, 33.4609048 ], [ -112.0479296, 33.4605733 ], [ -112.0479272, 33.4605099 ] ] } },
{ "type": "Feature", "properties": { "name": null, "highway": "footway" }, "geometry": { "type": "LineString", "coordinates": [ [ -112.049933400000015, 33.4610445 ], [ -112.0499337, 33.46099190000001 ], [ -112.0499341, 33.4609335 ] ] } },
{ "type": "Feature", "properties": { "name": null, "highway": "footway" }, "geometry": { "type": "LineString", "coordinates": [ [ -112.0499456, 33.4610562 ], [ -112.049933400000015, 33.4610445 ] ] } },
{ "type": "Feature", "properties": { "name": null, "highway": "footway" }, "geometry": { "type": "LineString", "coordinates": [ [ -112.049789100000012, 33.4613784 ], [ -112.0497897, 33.46132930000001 ], [ -112.0497902, 33.4612844 ], [ -112.0497748, 33.4612719 ], [ -112.0497638, 33.46125150000001 ], [ -112.0497607, 33.4612386 ], [ -112.049762200000018, 33.4611334 ] ] } },
{ "type": "Feature", "properties": { "name": null, "highway": "footway" }, "geometry": { "type": "LineString", "coordinates": [ [ -112.0523597, 33.460924899999988 ], [ -112.052168, 33.4609263 ], [ -112.052147, 33.460918 ], [ -112.0521454, 33.4608976 ], [ -112.0521496, 33.4604148 ], [ -112.0521505, 33.460314 ], [ -112.0521478, 33.45989 ], [ -112.0521489, 33.4597095 ], [ -112.0521437, 33.4596918 ], [ -112.0521507, 33.4596838 ], [ -112.0521558, 33.459678 ], [ -112.0521955, 33.4596758 ], [ -112.0523313, 33.4596774 ], [ -112.05305340000001, 33.4596728 ], [ -112.053073900000015, 33.4596744 ], [ -112.05307710000001, 33.4596874 ], [ -112.05307710000001, 33.4602936 ], [ -112.05307550000002, 33.4604996 ] ] } },
{ "type": "Feature", "properties": { "name": null, "highway": "footway" }, "geometry": { "type": "LineString", "coordinates": [ [ -112.053217, 33.4604998 ], [ -112.0532156, 33.459686599999984 ], [ -112.0532149, 33.459678 ], [ -112.0532205, 33.459675 ], [ -112.053227800000016, 33.4596712 ], [ -112.0532577, 33.459672 ], [ -112.0542005, 33.4596681 ], [ -112.0542153, 33.4596723 ], [ -112.0542147, 33.4596892 ], [ -112.0542099, 33.4604023 ], [ -112.0542052, 33.4608343 ], [ -112.0542028, 33.4609172 ], [ -112.0541888, 33.46091950000001 ], [ -112.0523597, 33.460924899999988 ] ] } },
{ "type": "Feature", "properties": { "name": "East Moreland Street", "highway": "residential" }, "geometry": { "type": "LineString", "coordinates": [ [ -112.056425, 33.4609796 ], [ -112.0563521, 33.4609803 ], [ -112.0563212, 33.4609795 ], [ -112.0561608, 33.4609793 ], [ -112.054272, 33.4609771 ], [ -112.0542116, 33.4609773 ], [ -112.0521302, 33.4609826 ], [ -112.052055600000017, 33.4609828 ], [ -112.05197720000001, 33.4609831 ], [ -112.0499337, 33.46099190000001 ], [ -112.0498557, 33.4609922 ] ] } },
{ "type": "Feature", "properties": { "name": null, "highway": "footway" }, "geometry": { "type": "LineString", "coordinates": [ [ -112.0542337, 33.461413 ], [ -112.0542229, 33.4613969 ], [ -112.0542202, 33.4613897 ], [ -112.0542174, 33.4612008 ], [ -112.0542149, 33.4610521 ], [ -112.054208, 33.4610407 ], [ -112.054201500000019, 33.4610389 ], [ -112.0541891, 33.4610355 ], [ -112.0523501, 33.4610416 ] ] } },
{ "type": "Feature", "properties": { "name": null, "highway": "footway" }, "geometry": { "type": "LineString", "coordinates": [ [ -112.0523501, 33.4610416 ], [ -112.0521966, 33.4610415 ], [ -112.0521533, 33.4610418 ], [ -112.0521499, 33.4610466 ], [ -112.0521442, 33.4610544 ], [ -112.0521469, 33.461225399999989 ], [ -112.0521455, 33.4613652 ], [ -112.0521158, 33.4613972 ], [ -112.0521104, 33.4614095 ], [ -112.0520947, 33.461429 ], [ -112.052079300000017, 33.4614373 ] ] } },
{ "type": "Feature", "properties": { "name": null, "highway": "footway" }, "geometry": { "type": "LineString", "coordinates": [ [ -112.052136, 33.4626781 ], [ -112.0521519, 33.4626632 ], [ -112.0521888, 33.4626634 ], [ -112.052335700000015, 33.4626617 ], [ -112.0529507, 33.4626631 ], [ -112.0533708, 33.4626622 ], [ -112.0537292, 33.4626601 ], [ -112.053766, 33.4626681 ], [ -112.053799, 33.462667 ], [ -112.053817, 33.4626615 ], [ -112.054183400000014, 33.4626605 ], [ -112.0542, 33.4626571 ] ] } },
{ "type": "Feature", "properties": { "name": "East Culver Street", "highway": "residential" }, "geometry": { "type": "LineString", "coordinates": [ [ -112.0564166, 33.4625849 ], [ -112.0563036, 33.4626045 ], [ -112.056292, 33.4626048 ], [ -112.0562661, 33.4626056 ], [ -112.0542519, 33.4626064 ], [ -112.052893, 33.4626094 ], [ -112.0520497, 33.4626133 ], [ -112.0518998, 33.4626145 ], [ -112.0517798, 33.4626419 ], [ -112.0516457, 33.4626793 ], [ -112.0514586, 33.4627493 ], [ -112.0512999, 33.4627899 ], [ -112.0512017, 33.4627977 ], [ -112.0510776, 33.4628024 ], [ -112.0498542, 33.4628056 ], [ -112.048044, 33.4628075 ] ] } },
{ "type": "Feature", "properties": { "name": null, "highway": "service" }, "geometry": { "type": "LineString", "coordinates": [ [ -112.0542532, 33.4631025 ], [ -112.052144, 33.4631182 ], [ -112.0520551, 33.4631189 ] ] } },
{ "type": "Feature", "properties": { "name": null, "highway": "footway" }, "geometry": { "type": "LineString", "coordinates": [ [ -112.052144, 33.4635113 ], [ -112.052144, 33.463568299999984 ], [ -112.0524477, 33.4635676 ], [ -112.0528049, 33.4635666 ], [ -112.0533257, 33.4635658 ], [ -112.0537979, 33.4635642 ], [ -112.0540535, 33.463563 ], [ -112.0541757, 33.463564 ], [ -112.0542084, 33.4635815 ] ] } },
{ "type": "Feature", "properties": { "name": null, "highway": "footway" }, "geometry": { "type": "LineString", "coordinates": [ [ -112.0542052, 33.4637137 ], [ -112.0542067, 33.463653 ], [ -112.0542084, 33.4635815 ] ] } },
{ "type": "Feature", "properties": { "name": null, "highway": "footway" }, "geometry": { "type": "LineString", "coordinates": [ [ -112.0521289, 33.4610392 ], [ -112.052055600000017, 33.4610394 ], [ -112.0519777, 33.4610397 ] ] } },
{ "type": "Feature", "properties": { "name": null, "highway": "footway" }, "geometry": { "type": "LineString", "coordinates": [ [ -112.0519777, 33.4610397 ], [ -112.0519654, 33.4610487 ] ] } },
{ "type": "Feature", "properties": { "name": null, "highway": "footway" }, "geometry": { "type": "LineString", "coordinates": [ [ -112.0521289, 33.4610392 ], [ -112.0521499, 33.4610466 ] ] } },
{ "type": "Feature", "properties": { "name": null, "highway": "footway" }, "geometry": { "type": "LineString", "coordinates": [ [ -112.0499532, 33.4613865 ], [ -112.0499521, 33.4611606 ], [ -112.049949100000021, 33.4610767 ], [ -112.0499456, 33.4610562 ], [ -112.049951, 33.4610504 ], [ -112.049976, 33.4610491 ], [ -112.0505459, 33.4610496 ], [ -112.051254, 33.4610478 ], [ -112.0517602, 33.4610455 ], [ -112.0519541, 33.4610452 ], [ -112.0519654, 33.4610487 ], [ -112.051965600000017, 33.4610665 ], [ -112.0519637, 33.461156 ] ] } },
{ "type": "Feature", "properties": { "name": null, "highway": "footway" }, "geometry": { "type": "LineString", "coordinates": [ [ -112.0519593, 33.4614374 ], [ -112.0519597, 33.4614101 ], [ -112.0519637, 33.461156 ] ] } },
{ "type": "Feature", "properties": { "name": null, "highway": "service" }, "geometry": { "type": "LineString", "coordinates": [ [ -112.0498576, 33.4613875 ], [ -112.0499174, 33.4614246 ], [ -112.0519597, 33.4614101 ], [ -112.0520558, 33.4614094 ], [ -112.0521104, 33.4614095 ], [ -112.0540873, 33.4614141 ], [ -112.0542229, 33.4613969 ], [ -112.054271, 33.4613908 ] ] } },
{ "type": "Feature", "properties": { "name": null, "highway": "motorway_link" }, "geometry": { "type": "LineString", "coordinates": [ [ -112.0505359, 33.4616743 ], [ -112.0498118, 33.4616087 ] ] } },
{ "type": "Feature", "properties": { "name": null, "highway": "motorway_link" }, "geometry": { "type": "LineString", "coordinates": [ [ -112.052926, 33.4618392 ], [ -112.0522567, 33.4617577 ], [ -112.0519195, 33.4617526 ], [ -112.051597, 33.4617414 ], [ -112.0511599, 33.4617178 ], [ -112.050649, 33.4616819 ], [ -112.0505359, 33.4616743 ] ] } },
{ "type": "Feature", "properties": { "name": "Papago Freeway", "highway": "motorway" }, "geometry": { "type": "LineString", "coordinates": [ [ -112.0459435, 33.462204 ], [ -112.0481002, 33.4622357 ], [ -112.0509313, 33.4622696 ], [ -112.0516041, 33.462271799999989 ], [ -112.0529486, 33.4622171 ], [ -112.0536954, 33.4621748 ], [ -112.0541024, 33.4621558 ], [ -112.054398800000016, 33.4621421 ] ] } },
{ "type": "Feature", "properties": { "name": null, "highway": "motorway_link" }, "geometry": { "type": "LineString", "coordinates": [ [ -112.0489071, 33.4626226 ], [ -112.0491193, 33.4626217 ], [ -112.0492591, 33.4626176 ], [ -112.0494192, 33.4626093 ], [ -112.0497154, 33.4625873 ], [ -112.050759, 33.46248460000001 ], [ -112.0511559, 33.4624478 ], [ -112.0515889, 33.4624203 ], [ -112.0520698, 33.462383 ], [ -112.0529639, 33.462325 ], [ -112.0537015, 33.4622544 ], [ -112.054398800000016, 33.4621421 ] ] } },
{ "type": "Feature", "properties": { "name": null, "highway": "footway" }, "geometry": { "type": "LineString", "coordinates": [ [ -112.0471217, 33.4606959 ], [ -112.0471201, 33.4605806 ] ] } },
{ "type": "Feature", "properties": { "name": null, "highway": "service" }, "geometry": { "type": "LineString", "coordinates": [ [ -112.046938, 33.4607426 ], [ -112.0466523, 33.460740199999989 ], [ -112.0464859, 33.4607388 ], [ -112.046444500000021, 33.4607385 ], [ -112.046444100000016, 33.4606423 ] ] } },
{ "type": "Feature", "properties": { "name": null, "highway": "footway" }, "geometry": { "type": "LineString", "coordinates": [ [ -112.047096300000021, 33.4607673 ], [ -112.0471055, 33.4607414 ], [ -112.0471217, 33.4606959 ] ] } },
{ "type": "Feature", "properties": { "name": null, "highway": "service" }, "geometry": { "type": "LineString", "coordinates": [ [ -112.0473846, 33.4607394 ], [ -112.0471055, 33.4607414 ], [ -112.0470397, 33.4607419 ], [ -112.046938, 33.4607426 ] ] } },
{ "type": "Feature", "properties": { "name": null, "highway": "footway" }, "geometry": { "type": "LineString", "coordinates": [ [ -112.0474996, 33.4608282 ], [ -112.0474223, 33.4608256 ], [ -112.0473742, 33.4608221 ], [ -112.0470924, 33.460824199999983 ], [ -112.047096300000021, 33.4607673 ] ] } },
{ "type": "Feature", "properties": { "name": null, "highway": "footway" }, "geometry": { "type": "LineString", "coordinates": [ [ -112.0469709, 33.4605845 ], [ -112.0469502, 33.46058450000001 ], [ -112.0469304, 33.4605757 ], [ -112.0468597, 33.4605749 ], [ -112.0464439, 33.4605739 ], [ -112.0462037, 33.4605734 ], [ -112.0461406, 33.4605727 ], [ -112.0455786, 33.4605665 ], [ -112.0455527, 33.4605691 ], [ -112.045539100000013, 33.4605763 ], [ -112.0455328, 33.4605869 ], [ -112.0455287, 33.460608199999989 ], [ -112.0455314, 33.4609171 ], [ -112.0455317, 33.461269700000017 ] ] } },
{ "type": "Feature", "properties": { "name": null, "highway": "service" }, "geometry": { "type": "LineString", "coordinates": [ [ -112.0466434, 33.4614168 ], [ -112.0466523, 33.460740199999989 ] ] } },
{ "type": "Feature", "properties": { "name": null, "highway": "service" }, "geometry": { "type": "LineString", "coordinates": [ [ -112.046444500000021, 33.4607385 ], [ -112.046448, 33.461355 ], [ -112.046455, 33.4613845 ], [ -112.0464692, 33.4614007 ], [ -112.0464878, 33.461408899999988 ], [ -112.0465249, 33.4614155 ], [ -112.0466434, 33.4614168 ], [ -112.0473106, 33.4614244 ] ] } },
{ "type": "Feature", "properties": { "name": null, "highway": "footway" }, "geometry": { "type": "LineString", "coordinates": [ [ -112.0475316, 33.4616894 ], [ -112.04752670000002, 33.4616348 ], [ -112.0475161, 33.4615435 ], [ -112.0475247, 33.4614902 ], [ -112.0475269, 33.4614764 ], [ -112.0475268, 33.46132080000001 ], [ -112.047503, 33.4612937 ], [ -112.047502, 33.461248 ], [ -112.04750180000002, 33.4611584 ], [ -112.0475007, 33.4608975 ], [ -112.0474996, 33.4608282 ], [ -112.0474987, 33.460767399999988 ], [ -112.0475, 33.460699 ], [ -112.0475226, 33.4606705 ], [ -112.0475227, 33.4606336 ], [ -112.0475224, 33.4606106 ], [ -112.0475084, 33.4605954 ], [ -112.047500600000021, 33.4605899 ], [ -112.047489, 33.4605816 ], [ -112.0474707, 33.4605779 ], [ -112.0471303, 33.4605762 ], [ -112.0471201, 33.4605806 ], [ -112.0471104, 33.4605848 ], [ -112.0471038, 33.4605848 ] ] } },
{ "type": "Feature", "properties": { "name": null, "highway": "footway" }, "geometry": { "type": "LineString", "coordinates": [ [ -112.0475314, 33.46148980000001 ], [ -112.0475247, 33.4614902 ] ] } },
{ "type": "Feature", "properties": { "name": null, "highway": "service" }, "geometry": { "type": "LineString", "coordinates": [ [ -112.0443965, 33.4609695 ], [ -112.0444486, 33.4609693 ], [ -112.0454185, 33.4609646 ], [ -112.0454674, 33.4609644 ] ] } },
{ "type": "Feature", "properties": { "name": null, "highway": "footway" }, "geometry": { "type": "LineString", "coordinates": [ [ -112.0432557, 33.4614598 ], [ -112.0435022, 33.4614597 ], [ -112.044161, 33.4614649 ], [ -112.0443469, 33.4614657 ], [ -112.0450207, 33.4614685 ], [ -112.0452331, 33.4614701 ], [ -112.04541, 33.4614716 ], [ -112.0454724, 33.4614721 ], [ -112.0454925, 33.461467599999985 ], [ -112.0455113, 33.4614561 ], [ -112.0455215, 33.4614432 ], [ -112.0455288, 33.461428199999986 ], [ -112.045531100000019, 33.4614144 ], [ -112.0455317, 33.461269700000017 ] ] } },
{ "type": "Feature", "properties": { "name": "East Moreland Street", "highway": "residential" }, "geometry": { "type": "LineString", "coordinates": [ [ -112.045472, 33.461398 ], [ -112.044409, 33.4613979 ], [ -112.044347200000018, 33.4613977 ], [ -112.0438703, 33.4613961 ], [ -112.043433800000017, 33.4613896 ], [ -112.043372, 33.4613808 ] ] } },
{ "type": "Feature", "properties": { "name": "Papago Freeway", "highway": "motorway" }, "geometry": { "type": "LineString", "coordinates": [ [ -112.0472522, 33.4618543 ], [ -112.0466659, 33.46182360000001 ], [ -112.0447292, 33.4618238 ] ] } },
{ "type": "Feature", "properties": { "name": null, "highway": "motorway_link" }, "geometry": { "type": "LineString", "coordinates": [ [ -112.0472522, 33.4618543 ], [ -112.0467189, 33.4619042 ], [ -112.0457452, 33.46193 ], [ -112.0447878, 33.4619632 ], [ -112.0440289, 33.4619767 ], [ -112.0433852, 33.4619624 ], [ -112.042998600000018, 33.4619585 ] ] } },
{ "type": "Feature", "properties": { "name": null, "highway": "motorway_link" }, "geometry": { "type": "LineString", "coordinates": [ [ -112.0429989, 33.4620125 ], [ -112.0443701, 33.4620369 ], [ -112.0450638, 33.4620661 ], [ -112.0452218, 33.4620736 ], [ -112.0459435, 33.462204 ] ] } },
{ "type": "Feature", "properties": { "name": "Papago Freeway", "highway": "motorway" }, "geometry": { "type": "LineString", "coordinates": [ [ -112.0443096, 33.4621806 ], [ -112.0454488, 33.4621959 ], [ -112.0459435, 33.462204 ] ] } },
{ "type": "Feature", "properties": { "name": null, "highway": "footway" }, "geometry": { "type": "LineString", "coordinates": [ [ -112.0455639, 33.462745 ], [ -112.0454408, 33.462745600000012 ], [ -112.0454408, 33.4627549 ] ] } },
{ "type": "Feature", "properties": { "name": null, "highway": "footway" }, "geometry": { "type": "LineString", "coordinates": [ [ -112.0455655, 33.46275450000001 ], [ -112.0455639, 33.462745 ] ] } },
{ "type": "Feature", "properties": { "name": "East Culver Street", "highway": "residential" }, "geometry": { "type": "LineString", "coordinates": [ [ -112.0474685, 33.4628322 ], [ -112.0470362, 33.4628062 ], [ -112.0467836, 33.4628069 ], [ -112.046509, 33.462807599999984 ], [ -112.0455742, 33.4628072 ], [ -112.0454824, 33.4628072 ], [ -112.0454336, 33.4628071 ], [ -112.0433374, 33.4628022 ], [ -112.0432672, 33.4628011 ], [ -112.042752744221971, 33.462801276107662 ] ] } },
{ "type": "Feature", "properties": { "name": null, "highway": "footway" }, "geometry": { "type": "LineString", "coordinates": [ [ -112.04755680000001, 33.4625137 ], [ -112.0475435, 33.4620456 ], [ -112.0475316, 33.4616894 ] ] } },
{ "type": "Feature", "properties": { "name": null, "highway": "footway" }, "geometry": { "type": "LineString", "coordinates": [ [ -112.0475498, 33.4628219 ], [ -112.0475663, 33.462776 ], [ -112.0475644, 33.4627231 ], [ -112.04755680000001, 33.4625137 ] ] } },
{ "type": "Feature", "properties": { "name": null, "highway": "footway" }, "geometry": { "type": "LineString", "coordinates": [ [ -112.0475727, 33.4627235 ], [ -112.0475644, 33.4627231 ] ] } },
{ "type": "Feature", "properties": { "name": null, "highway": "service" }, "geometry": { "type": "LineString", "coordinates": [ [ -112.0467836, 33.4628069 ], [ -112.0467853, 33.4626983 ], [ -112.0468138, 33.46266 ], [ -112.0468967, 33.4626578 ], [ -112.0471644, 33.4626506 ] ] } },
{ "type": "Feature", "properties": { "name": null, "highway": "footway" }, "geometry": { "type": "LineString", "coordinates": [ [ -112.0475498, 33.4628219 ], [ -112.047547, 33.4628474 ], [ -112.0475445, 33.4628696 ] ] } },
{ "type": "Feature", "properties": { "name": null, "highway": "footway" }, "geometry": { "type": "LineString", "coordinates": [ [ -112.0475445, 33.4628696 ], [ -112.0475495, 33.4628851 ] ] } },
{ "type": "Feature", "properties": { "name": "East Culver Street", "highway": "residential" }, "geometry": { "type": "LineString", "coordinates": [ [ -112.0474685, 33.4628322 ], [ -112.0475193, 33.462839 ], [ -112.047547, 33.4628474 ], [ -112.047554800000015, 33.462849799999987 ], [ -112.0475816, 33.4628642 ], [ -112.0476043, 33.4628851 ], [ -112.0476463, 33.4629456 ] ] } },
{ "type": "Feature", "properties": { "name": null, "highway": "footway" }, "geometry": { "type": "LineString", "coordinates": [ [ -112.0455757, 33.4635577 ], [ -112.045578500000019, 33.4633751 ], [ -112.045576900000015, 33.463284 ], [ -112.0455765, 33.4632632 ], [ -112.0455748, 33.462926 ], [ -112.0455741, 33.46288 ], [ -112.0457799, 33.4628804 ], [ -112.046906, 33.4628844 ], [ -112.0475266, 33.4628874 ], [ -112.0475495, 33.4628851 ], [ -112.0475679, 33.4628927 ], [ -112.0475699, 33.4629122 ], [ -112.047570100000016, 33.4632015 ], [ -112.0475707, 33.4632958 ], [ -112.0475727, 33.463586 ], [ -112.047572, 33.463677 ], [ -112.0475648, 33.463691699999984 ], [ -112.0475471, 33.4636931 ], [ -112.0474959, 33.4636926 ], [ -112.0456307, 33.4636839 ], [ -112.0455827, 33.4636855 ], [ -112.0455743, 33.4636799 ], [ -112.04557, 33.4636608 ], [ -112.0455757, 33.4635577 ] ] } },
{ "type": "Feature", "properties": { "name": null, "highway": "footway" }, "geometry": { "type": "LineString", "coordinates": [ [ -112.0475648, 33.463691699999984 ], [ -112.0475664, 33.463698 ] ] } },
{ "type": "Feature", "properties": { "name": null, "highway": "footway" }, "geometry": { "type": "LineString", "coordinates": [ [ -112.0475632, 33.4638287 ], [ -112.0475497, 33.4638423 ] ] } },
{ "type": "Feature", "properties": { "name": null, "highway": "footway" }, "geometry": { "type": "LineString", "coordinates": [ [ -112.0479139, 33.462584399999983 ], [ -112.047921300000013, 33.4626268 ], [ -112.0479383, 33.4627235 ] ] } },
{ "type": "Feature", "properties": { "name": null, "highway": "footway" }, "geometry": { "type": "LineString", "coordinates": [ [ -112.0479383, 33.4627235 ], [ -112.047803, 33.4627235 ], [ -112.0476472, 33.4627235 ], [ -112.0475727, 33.4627235 ] ] } },
{ "type": "Feature", "properties": { "name": null, "highway": "footway" }, "geometry": { "type": "LineString", "coordinates": [ [ -112.0479383, 33.4627235 ], [ -112.0479431, 33.4627263 ] ] } },
{ "type": "Feature", "properties": { "name": "North 16th Street", "highway": "secondary" }, "geometry": { "type": "LineString", "coordinates": [ [ -112.047647, 33.4626233 ], [ -112.0476472, 33.4627235 ], [ -112.0476464, 33.4629325 ] ] } },
{ "type": "Feature", "properties": { "name": "North 16th Street", "highway": "secondary" }, "geometry": { "type": "LineString", "coordinates": [ [ -112.0478024, 33.462935 ], [ -112.047803, 33.4627235 ], [ -112.047802, 33.462626 ] ] } },
{ "type": "Feature", "properties": { "name": "North 16th Street", "highway": "secondary" }, "geometry": { "type": "LineString", "coordinates": [ [ -112.0476464, 33.4629325 ], [ -112.0476463, 33.4629456 ], [ -112.0476446, 33.4632967 ], [ -112.0476929, 33.4634884 ], [ -112.0477157, 33.463566899999989 ] ] } },
{ "type": "Feature", "properties": { "name": "North 16th Street", "highway": "secondary" }, "geometry": { "type": "LineString", "coordinates": [ [ -112.0477157, 33.463566899999989 ], [ -112.0478008, 33.4632949 ], [ -112.0478024, 33.462935 ] ] } },
{ "type": "Feature", "properties": { "name": null, "highway": "footway" }, "geometry": { "type": "LineString", "coordinates": [ [ -112.0479126, 33.4636922 ], [ -112.0478921, 33.463704 ] ] } },
{ "type": "Feature", "properties": { "name": null, "highway": "footway" }, "geometry": { "type": "LineString", "coordinates": [ [ -112.0478603, 33.4638226 ], [ -112.0477162, 33.4638256 ], [ -112.0475632, 33.4638287 ], [ -112.0475647, 33.4637679 ], [ -112.0475664, 33.463698 ], [ -112.0477164, 33.4637008 ], [ -112.0478921, 33.463704 ], [ -112.047876700000018, 33.4637615 ], [ -112.0478603, 33.4638226 ] ] } },
{ "type": "Feature", "properties": { "name": null, "highway": "footway" }, "geometry": { "type": "LineString", "coordinates": [ [ -112.0478603, 33.4638226 ], [ -112.0478608, 33.4638399 ] ] } },
{ "type": "Feature", "properties": { "name": null, "highway": "footway" }, "geometry": { "type": "LineString", "coordinates": [ [ -112.0455794, 33.4628602 ], [ -112.0455742, 33.4628072 ], [ -112.0455655, 33.46275450000001 ] ] } },
{ "type": "Feature", "properties": { "name": null, "highway": "footway" }, "geometry": { "type": "LineString", "coordinates": [ [ -112.0454242, 33.4628757 ], [ -112.0454336, 33.4628071 ], [ -112.0454408, 33.4627549 ] ] } },
{ "type": "Feature", "properties": { "name": null, "highway": "footway" }, "geometry": { "type": "LineString", "coordinates": [ [ -112.0455503, 33.462878 ], [ -112.0455741, 33.46288 ], [ -112.0455794, 33.4628602 ] ] } },
{ "type": "Feature", "properties": { "name": null, "highway": "footway" }, "geometry": { "type": "LineString", "coordinates": [ [ -112.0454242, 33.4628757 ], [ -112.0454825, 33.4628768 ], [ -112.0455503, 33.462878 ] ] } },
{ "type": "Feature", "properties": { "name": null, "highway": "footway" }, "geometry": { "type": "LineString", "coordinates": [ [ -112.0453946, 33.4628814 ], [ -112.0454242, 33.4628757 ] ] } },
{ "type": "Feature", "properties": { "name": null, "highway": "footway" }, "geometry": { "type": "LineString", "coordinates": [ [ -112.0454031, 33.463541700000015 ], [ -112.0454075, 33.4636848 ], [ -112.0452891, 33.4636832 ], [ -112.0450961, 33.4636846 ], [ -112.044087600000012, 33.4636829 ], [ -112.0434436, 33.4636798 ], [ -112.0434254, 33.4636749 ], [ -112.043412, 33.4636609 ], [ -112.043408900000017, 33.4636448 ], [ -112.0434025, 33.4635069 ], [ -112.0434034, 33.4632738 ], [ -112.0434049, 33.462896 ], [ -112.0434116, 33.462885 ], [ -112.0434224, 33.4628784 ], [ -112.0434279, 33.462875 ], [ -112.0434467, 33.462873200000011 ], [ -112.0441628, 33.4628777 ], [ -112.0451801, 33.462878399999987 ], [ -112.0453946, 33.4628814 ], [ -112.0453971, 33.46293150000001 ], [ -112.0453979, 33.4631045 ], [ -112.045402100000018, 33.4632851 ], [ -112.045404500000018, 33.463388 ], [ -112.0454031, 33.463541700000015 ] ] } },
{ "type": "Feature", "properties": { "name": "North 17th Street", "highway": "residential" }, "geometry": { "type": "LineString", "coordinates": [ [ -112.0454824, 33.4628072 ], [ -112.0454825, 33.4628768 ], [ -112.0454832, 33.4632842 ], [ -112.0454799, 33.46368480000001 ], [ -112.0454792, 33.4637692 ] ] } },
{ "type": "Feature", "properties": { "name": null, "highway": "service" }, "geometry": { "type": "LineString", "coordinates": [ [ -112.042758358506177, 33.463270137391874 ], [ -112.0430986, 33.4632731 ], [ -112.0432822, 33.463273 ], [ -112.0433379, 33.463273 ], [ -112.0434034, 33.4632738 ], [ -112.0439075, 33.4632798 ], [ -112.0445968, 33.4632842 ], [ -112.0452753, 33.4632864 ], [ -112.045402100000018, 33.4632851 ], [ -112.0454832, 33.4632842 ], [ -112.045576900000015, 33.463284 ], [ -112.0463663, 33.463282 ], [ -112.0471753, 33.4632909 ], [ -112.0475707, 33.4632958 ], [ -112.0476446, 33.4632967 ], [ -112.0478008, 33.4632949 ] ] } },
{ "type": "Feature", "properties": { "name": null, "highway": "footway" }, "geometry": { "type": "LineString", "coordinates": [ [ -112.0454363, 33.4636848 ], [ -112.0454799, 33.46368480000001 ], [ -112.0455562, 33.4636847 ] ] } },
{ "type": "Feature", "properties": { "name": null, "highway": "footway" }, "geometry": { "type": "LineString", "coordinates": [ [ -112.0454363, 33.4636848 ], [ -112.0454075, 33.4636848 ], [ -112.0454056, 33.463708 ] ] } },
{ "type": "Feature", "properties": { "name": null, "highway": "footway" }, "geometry": { "type": "LineString", "coordinates": [ [ -112.0455562, 33.4636847 ], [ -112.0455827, 33.4636855 ], [ -112.045584, 33.4637126 ] ] } },
{ "type": "Feature", "properties": { "name": "East Willetta Street", "highway": "residential" }, "geometry": { "type": "LineString", "coordinates": [ [ -112.0498578, 33.4637621 ], [ -112.0497685, 33.4637624 ], [ -112.0488639, 33.4637653 ], [ -112.0483136, 33.4637629 ], [ -112.0478982, 33.463761 ], [ -112.047876700000018, 33.4637615 ], [ -112.0477168, 33.4637654 ], [ -112.0475647, 33.4637679 ], [ -112.047545600000021, 33.4637682 ], [ -112.0462056, 33.463763899999989 ], [ -112.0455743, 33.4637685 ], [ -112.0454792, 33.4637692 ], [ -112.0454177, 33.4637691 ], [ -112.0447872, 33.463768 ], [ -112.0443636, 33.4637672 ], [ -112.043422, 33.4637655 ], [ -112.0433371, 33.4637653 ], [ -112.0432694, 33.4637647 ], [ -112.042764222539688, 33.463759844165935 ] ] } },
{ "type": "Feature", "properties": { "name": null, "highway": "footway" }, "geometry": { "type": "LineString", "coordinates": [ [ -112.0454274, 33.4638184 ], [ -112.0454177, 33.4637691 ], [ -112.0454056, 33.463708 ] ] } },
{ "type": "Feature", "properties": { "name": null, "highway": "footway" }, "geometry": { "type": "LineString", "coordinates": [ [ -112.045584, 33.4637126 ], [ -112.0455743, 33.4637685 ], [ -112.0455658, 33.463818 ] ] } },
{ "type": "Feature", "properties": { "name": null, "highway": "footway" }, "geometry": { "type": "LineString", "coordinates": [ [ -112.0454274, 33.4638184 ], [ -112.0455658, 33.463818 ] ] } },
{ "type": "Feature", "properties": { "name": null, "highway": "footway" }, "geometry": { "type": "LineString", "coordinates": [ [ -112.0454274, 33.4638184 ], [ -112.0454104, 33.4638357 ] ] } },
{ "type": "Feature", "properties": { "name": null, "highway": "footway" }, "geometry": { "type": "LineString", "coordinates": [ [ -112.0455856, 33.4638362 ], [ -112.0455658, 33.463818 ] ] } },
{ "type": "Feature", "properties": { "name": null, "highway": "footway" }, "geometry": { "type": "LineString", "coordinates": [ [ -112.0454104, 33.4638357 ], [ -112.044085200000012, 33.4638316 ], [ -112.0434341, 33.4638292 ], [ -112.0434171, 33.4638367 ], [ -112.0434118, 33.4638572 ], [ -112.0434097, 33.4639131 ], [ -112.0434058, 33.4640199 ], [ -112.0434053, 33.4643754 ], [ -112.0434142, 33.4646068 ], [ -112.0434154, 33.4646464 ], [ -112.0434359, 33.4646464 ], [ -112.0440988, 33.4646451 ], [ -112.0445974, 33.4646479 ], [ -112.0446963, 33.4646479 ], [ -112.0451665, 33.4646479 ] ] } },
{ "type": "Feature", "properties": { "name": "North 16th Street", "highway": "secondary" }, "geometry": { "type": "LineString", "coordinates": [ [ -112.0477157, 33.463566899999989 ], [ -112.0477164, 33.4637008 ], [ -112.0477168, 33.4637654 ], [ -112.0477162, 33.4638256 ], [ -112.0477133, 33.4641328 ], [ -112.0477139, 33.4642139 ], [ -112.0477126, 33.4646722 ], [ -112.0477124, 33.4647366 ], [ -112.0477123, 33.4647967 ], [ -112.0477121, 33.4648915 ] ] } },
{ "type": "Feature", "properties": { "name": null, "highway": "footway" }, "geometry": { "type": "LineString", "coordinates": [ [ -112.0451665, 33.4646479 ], [ -112.0459537, 33.4646483 ], [ -112.0462695, 33.464648 ], [ -112.0468189, 33.4646471 ], [ -112.0475337, 33.4646497 ], [ -112.047561, 33.4646539 ], [ -112.0475812, 33.4646391 ], [ -112.047578, 33.464332699999986 ], [ -112.0475778, 33.4642104 ], [ -112.0475775, 33.4640604 ], [ -112.0475808, 33.4640488 ], [ -112.0475803, 33.4640227 ], [ -112.0475752, 33.4640102 ], [ -112.0475747, 33.4638825 ], [ -112.0475739, 33.4638647 ], [ -112.0475644, 33.4638489 ], [ -112.0475497, 33.4638423 ], [ -112.0475415, 33.4638386 ], [ -112.0475146, 33.4638416 ], [ -112.0467855, 33.4638398 ], [ -112.0455856, 33.4638362 ] ] } },
{ "type": "Feature", "properties": { "name": "North 12th Street", "highway": "tertiary" }, "geometry": { "type": "LineString", "coordinates": [ [ -112.0564397, 33.4614286 ], [ -112.0564289, 33.4619012 ] ] } },
{ "type": "Feature", "properties": { "name": null, "highway": "footway" }, "geometry": { "type": "LineString", "coordinates": [ [ -112.0563279, 33.4618545 ], [ -112.0563324, 33.4615476 ] ] } },
{ "type": "Feature", "properties": { "name": "Papago Freeway", "highway": "motorway" }, "geometry": { "type": "LineString", "coordinates": [ [ -112.0600781, 33.4617042 ], [ -112.0592622, 33.4617092 ], [ -112.058517400000014, 33.461699 ], [ -112.05588, 33.4617012 ], [ -112.0551221, 33.4617092 ], [ -112.054397600000016, 33.4617329 ], [ -112.052926, 33.4618392 ] ] } },
{ "type": "Feature", "properties": { "name": null, "highway": "footway" }, "geometry": { "type": "LineString", "coordinates": [ [ -112.0563288, 33.4619359 ], [ -112.0563279, 33.4618545 ] ] } },
{ "type": "Feature", "properties": { "name": "North 12th Street", "highway": "tertiary" }, "geometry": { "type": "LineString", "coordinates": [ [ -112.0564289, 33.4619012 ], [ -112.0564283, 33.4619446 ] ] } },
{ "type": "Feature", "properties": { "name": null, "highway": "footway" }, "geometry": { "type": "LineString", "coordinates": [ [ -112.0565229, 33.4624519 ], [ -112.0565306, 33.461835 ], [ -112.0565428, 33.4614007 ] ] } },
{ "type": "Feature", "properties": { "name": null, "highway": "footway" }, "geometry": { "type": "LineString", "coordinates": [ [ -112.0563188, 33.4622878 ], [ -112.0563288, 33.4619359 ] ] } },
{ "type": "Feature", "properties": { "name": "Papago Freeway", "highway": "motorway" }, "geometry": { "type": "LineString", "coordinates": [ [ -112.054398800000016, 33.4621421 ], [ -112.0551343, 33.462124 ], [ -112.0558953, 33.4621071 ], [ -112.058534300000019, 33.4621343 ] ] } },
{ "type": "Feature", "properties": { "name": "North 12th Street", "highway": "tertiary" }, "geometry": { "type": "LineString", "coordinates": [ [ -112.0564283, 33.4619446 ], [ -112.056417700000011, 33.462424 ] ] } },
{ "type": "Feature", "properties": { "name": null, "highway": "footway" }, "geometry": { "type": "LineString", "coordinates": [ [ -112.056317, 33.4624623 ], [ -112.0563168, 33.4624388 ], [ -112.0563188, 33.4622878 ] ] } },
{ "type": "Feature", "properties": { "name": "North 12th Street", "highway": "tertiary" }, "geometry": { "type": "LineString", "coordinates": [ [ -112.056417700000011, 33.462424 ], [ -112.0564166, 33.4624847 ] ] } },
{ "type": "Feature", "properties": { "name": null, "highway": "footway" }, "geometry": { "type": "LineString", "coordinates": [ [ -112.0565687, 33.4625096 ], [ -112.05657, 33.4624993 ], [ -112.0565229, 33.4624519 ] ] } },
{ "type": "Feature", "properties": { "name": null, "highway": "footway" }, "geometry": { "type": "LineString", "coordinates": [ [ -112.0562847, 33.462546 ], [ -112.0562906, 33.4625556 ] ] } },
{ "type": "Feature", "properties": { "name": null, "highway": "footway" }, "geometry": { "type": "LineString", "coordinates": [ [ -112.0565706, 33.4626131 ], [ -112.0565694, 33.4625455 ], [ -112.0565687, 33.4625096 ] ] } },
{ "type": "Feature", "properties": { "name": null, "highway": "footway" }, "geometry": { "type": "LineString", "coordinates": [ [ -112.056293, 33.4626412 ], [ -112.056292, 33.4626048 ], [ -112.0562906, 33.4625556 ] ] } },
{ "type": "Feature", "properties": { "name": null, "highway": "footway" }, "geometry": { "type": "LineString", "coordinates": [ [ -112.05657, 33.4626236 ], [ -112.0565706, 33.4626131 ] ] } },
{ "type": "Feature", "properties": { "name": null, "highway": "footway" }, "geometry": { "type": "LineString", "coordinates": [ [ -112.0562903, 33.4626537 ], [ -112.056293, 33.4626412 ] ] } },
{ "type": "Feature", "properties": { "name": "North 12th Street", "highway": "tertiary" }, "geometry": { "type": "LineString", "coordinates": [ [ -112.0564166, 33.4624847 ], [ -112.0564166, 33.4625849 ], [ -112.056415300000012, 33.4632816 ] ] } },
{ "type": "Feature", "properties": { "name": null, "highway": "service" }, "geometry": { "type": "LineString", "coordinates": [ [ -112.0560513, 33.4631297 ], [ -112.0550591, 33.4631336 ] ] } },
{ "type": "Feature", "properties": { "name": null, "highway": "service" }, "geometry": { "type": "LineString", "coordinates": [ [ -112.0550611, 33.4632409 ], [ -112.0550591, 33.4631336 ], [ -112.055056, 33.4629602 ], [ -112.0560494, 33.4629603 ], [ -112.0560513, 33.4631297 ], [ -112.0560536, 33.4632938 ], [ -112.0560565, 33.46346770000001 ], [ -112.0551016, 33.4634714 ], [ -112.0550701, 33.4634414 ], [ -112.0550608, 33.4633965 ], [ -112.0550609, 33.4632937 ], [ -112.0550611, 33.4632409 ] ] } },
{ "type": "Feature", "properties": { "name": null, "highway": "footway" }, "geometry": { "type": "LineString", "coordinates": [ [ -112.0588583, 33.4626647 ], [ -112.0588141, 33.4626624 ], [ -112.0588133, 33.4625806 ] ] } },
{ "type": "Feature", "properties": { "name": null, "highway": "service" }, "geometry": { "type": "LineString", "coordinates": [ [ -112.0583032, 33.4627347 ], [ -112.0583026, 33.4626608 ], [ -112.0583016, 33.4625463 ] ] } },
{ "type": "Feature", "properties": { "name": null, "highway": "service" }, "geometry": { "type": "LineString", "coordinates": [ [ -112.0589125, 33.4628463 ], [ -112.0588127, 33.4628447 ], [ -112.0586421, 33.462842 ] ] } },
{ "type": "Feature", "properties": { "name": null, "highway": "service" }, "geometry": { "type": "LineString", "coordinates": [ [ -112.0578087, 33.4631347 ], [ -112.0578166, 33.4626717 ] ] } },
{ "type": "Feature", "properties": { "name": "North 11th Street", "highway": "residential" }, "geometry": { "type": "LineString", "coordinates": [ [ -112.0589134, 33.4625474 ], [ -112.058913, 33.4626648 ], [ -112.0589125, 33.4628463 ], [ -112.0589125, 33.4631086 ], [ -112.058912, 33.4631191 ], [ -112.0589123, 33.46328 ] ] } },
{ "type": "Feature", "properties": { "name": null, "highway": "service" }, "geometry": { "type": "LineString", "coordinates": [ [ -112.0575976, 33.4634694 ], [ -112.057598, 33.4633051 ], [ -112.057602, 33.4631314 ], [ -112.0576118, 33.462690199999983 ] ] } },
{ "type": "Feature", "properties": { "name": null, "highway": "footway" }, "geometry": { "type": "LineString", "coordinates": [ [ -112.0588078, 33.4634702 ], [ -112.0588105, 33.4631191 ], [ -112.0588127, 33.4628447 ], [ -112.0588141, 33.4626624 ], [ -112.0583026, 33.4626608 ], [ -112.0578665, 33.462659499999987 ], [ -112.0578168, 33.46266 ], [ -112.0576583, 33.4626618 ], [ -112.0576591, 33.4626259 ], [ -112.0576135, 33.4626254 ], [ -112.0575655, 33.462624799999986 ], [ -112.057112, 33.46262560000001 ], [ -112.0571106, 33.4626027 ], [ -112.0567938, 33.4626028 ], [ -112.0567931, 33.4626232 ], [ -112.0566684, 33.4626222 ], [ -112.05657, 33.4626236 ], [ -112.056536300000019, 33.4626452 ], [ -112.0565184, 33.4626664 ], [ -112.0565014, 33.463488 ], [ -112.0565007, 33.463556 ], [ -112.056526, 33.4635755 ], [ -112.0565535, 33.4635967 ], [ -112.057132200000012, 33.463600099999987 ], [ -112.0575429, 33.4635993 ], [ -112.057595, 33.4635996 ], [ -112.0576201, 33.4635997 ], [ -112.0576203, 33.4635729 ], [ -112.0579152, 33.4635717 ], [ -112.0580208, 33.4635707 ], [ -112.058586, 33.4635734 ], [ -112.0588087, 33.4635739 ], [ -112.0588078, 33.4634702 ] ] } },
{ "type": "Feature", "properties": { "name": null, "highway": "service" }, "geometry": { "type": "LineString", "coordinates": [ [ -112.057602, 33.4631314 ], [ -112.0578087, 33.4631347 ], [ -112.0580473, 33.463138599999986 ], [ -112.0581856, 33.4631218 ], [ -112.058639200000016, 33.4631191 ], [ -112.0588105, 33.4631191 ], [ -112.058912, 33.4631191 ] ] } },
{ "type": "Feature", "properties": { "name": "North 11th Street", "highway": "residential" }, "geometry": { "type": "LineString", "coordinates": [ [ -112.0589123, 33.46328 ], [ -112.0589125, 33.4633188 ] ] } },
{ "type": "Feature", "properties": { "name": null, "highway": "service" }, "geometry": { "type": "LineString", "coordinates": [ [ -112.0575976, 33.4634694 ], [ -112.0582122, 33.463477 ], [ -112.0582148, 33.4633143 ], [ -112.057598, 33.4633051 ] ] } },
{ "type": "Feature", "properties": { "name": null, "highway": "service" }, "geometry": { "type": "LineString", "coordinates": [ [ -112.0560536, 33.4632938 ], [ -112.0550609, 33.4632937 ] ] } },
{ "type": "Feature", "properties": { "name": "North 12th Street", "highway": "tertiary" }, "geometry": { "type": "LineString", "coordinates": [ [ -112.056415300000012, 33.4632816 ], [ -112.056415, 33.463289 ], [ -112.0564149, 33.4633051 ], [ -112.0564142, 33.4635731 ], [ -112.0564143, 33.4636538 ] ] } },
{ "type": "Feature", "properties": { "name": null, "highway": "footway" }, "geometry": { "type": "LineString", "coordinates": [ [ -112.0563238, 33.463567 ], [ -112.0564142, 33.4635731 ], [ -112.0565015, 33.4635789 ] ] } },
{ "type": "Feature", "properties": { "name": null, "highway": "footway" }, "geometry": { "type": "LineString", "coordinates": [ [ -112.0563238, 33.463567 ], [ -112.0563047, 33.4635571 ], [ -112.056301, 33.4636016 ] ] } },
{ "type": "Feature", "properties": { "name": null, "highway": "footway" }, "geometry": { "type": "LineString", "coordinates": [ [ -112.056519800000018, 33.46359540000001 ], [ -112.056526, 33.4635755 ], [ -112.0565015, 33.4635789 ] ] } },
{ "type": "Feature", "properties": { "name": null, "highway": "footway" }, "geometry": { "type": "LineString", "coordinates": [ [ -112.056301, 33.4636016 ], [ -112.0562982, 33.4636538 ], [ -112.0562962, 33.4636912 ] ] } },
{ "type": "Feature", "properties": { "name": "East Willetta Street", "highway": "residential" }, "geometry": { "type": "LineString", "coordinates": [ [ -112.0591234, 33.4636232 ], [ -112.0590645, 33.463623 ], [ -112.0590431, 33.4636271 ], [ -112.0589116, 33.4636548 ], [ -112.0588229, 33.4636548 ], [ -112.0587807, 33.4636548 ], [ -112.0579149, 33.463654299999988 ], [ -112.0575939, 33.4636542 ], [ -112.056548, 33.463653799999989 ], [ -112.0565214, 33.4636538 ], [ -112.0564143, 33.4636538 ], [ -112.0562982, 33.4636538 ], [ -112.0562654, 33.4636538 ], [ -112.0549488, 33.4636533 ], [ -112.0543207, 33.463653 ], [ -112.0542547, 33.463653 ], [ -112.0542067, 33.463653 ], [ -112.0521455, 33.4636521 ], [ -112.052054, 33.4636521 ] ] } },
{ "type": "Feature", "properties": { "name": null, "highway": "footway" }, "geometry": { "type": "LineString", "coordinates": [ [ -112.0565232, 33.4637226 ], [ -112.0565214, 33.4636538 ], [ -112.056519800000018, 33.46359540000001 ] ] } },
{ "type": "Feature", "properties": { "name": null, "highway": "footway" }, "geometry": { "type": "LineString", "coordinates": [ [ -112.0562962, 33.4636912 ], [ -112.0562947, 33.463725599999989 ] ] } },
{ "type": "Feature", "properties": { "name": null, "highway": "footway" }, "geometry": { "type": "LineString", "coordinates": [ [ -112.0565272, 33.4637377 ], [ -112.0565232, 33.4637226 ] ] } },
{ "type": "Feature", "properties": { "name": "North 12th Street", "highway": "tertiary" }, "geometry": { "type": "LineString", "coordinates": [ [ -112.0564143, 33.4636538 ], [ -112.0564031, 33.4641067 ], [ -112.0564014, 33.464175 ], [ -112.0564006, 33.4642304 ] ] } },
{ "type": "Feature", "properties": { "name": null, "highway": "footway" }, "geometry": { "type": "LineString", "coordinates": [ [ -112.0542, 33.4626571 ], [ -112.054252, 33.4626572 ], [ -112.0543226, 33.4626573 ] ] } },
{ "type": "Feature", "properties": { "name": null, "highway": "footway" }, "geometry": { "type": "LineString", "coordinates": [ [ -112.0543226, 33.4626573 ], [ -112.0543507, 33.4626589 ], [ -112.0547812, 33.4626588 ], [ -112.0551166, 33.4626575 ], [ -112.0561289, 33.4626556 ], [ -112.05617, 33.4626483 ], [ -112.0562659, 33.4626482 ], [ -112.0562903, 33.4626537 ], [ -112.0563175, 33.4626642 ], [ -112.0563101, 33.4631609 ], [ -112.0563133, 33.4634295 ] ] } },
{ "type": "Feature", "properties": { "name": null, "highway": "service" }, "geometry": { "type": "LineString", "coordinates": [ [ -112.0549488, 33.4636533 ], [ -112.0549456, 33.4635621 ], [ -112.0549398, 33.4633945 ], [ -112.0549672, 33.4632956 ], [ -112.0550611, 33.4632409 ] ] } },
{ "type": "Feature", "properties": { "name": null, "highway": "footway" }, "geometry": { "type": "LineString", "coordinates": [ [ -112.0543168, 33.4635808 ], [ -112.054359, 33.4635645 ], [ -112.0544433, 33.4635626 ], [ -112.0549456, 33.4635621 ], [ -112.0551381, 33.4635619 ], [ -112.0563047, 33.4635571 ], [ -112.0563126, 33.4635446 ], [ -112.0563133, 33.4634295 ] ] } },
{ "type": "Feature", "properties": { "name": null, "highway": "footway" }, "geometry": { "type": "LineString", "coordinates": [ [ -112.0542084, 33.4635815 ], [ -112.0542545, 33.463581199999986 ], [ -112.0543168, 33.4635808 ] ] } },
{ "type": "Feature", "properties": { "name": null, "highway": "footway" }, "geometry": { "type": "LineString", "coordinates": [ [ -112.0543241, 33.4637143 ], [ -112.0543207, 33.463653 ], [ -112.0543168, 33.4635808 ] ] } },
{ "type": "Feature", "properties": { "name": null, "highway": "footway" }, "geometry": { "type": "LineString", "coordinates": [ [ -112.0543241, 33.4637143 ], [ -112.0542545, 33.4637139 ], [ -112.0542052, 33.4637137 ] ] } },
{ "type": "Feature", "properties": { "name": null, "highway": "footway" }, "geometry": { "type": "LineString", "coordinates": [ [ -112.0553851, 33.4646418 ], [ -112.0555197, 33.4646422 ], [ -112.055606, 33.4646424 ], [ -112.0556789, 33.4646 ], [ -112.0559238, 33.4646 ], [ -112.0559987, 33.4646451 ], [ -112.0562341, 33.4646433 ], [ -112.0562505, 33.4646412 ], [ -112.0562942, 33.4646197 ], [ -112.0562948, 33.4646 ], [ -112.0562961, 33.4645602 ], [ -112.0562824, 33.4645446 ], [ -112.0562835, 33.4643907 ], [ -112.0563011, 33.4643784 ], [ -112.0563025, 33.4642489 ], [ -112.0562898, 33.4642313 ], [ -112.0562926, 33.4641105 ], [ -112.0563051, 33.4640897 ], [ -112.0563124, 33.4637604 ], [ -112.056301600000012, 33.463725599999989 ], [ -112.0562947, 33.463725599999989 ], [ -112.0550946, 33.4637304 ], [ -112.0543452, 33.4637302 ], [ -112.0543363, 33.4637235 ], [ -112.0543241, 33.4637143 ] ] } },
{ "type": "Feature", "properties": { "name": null, "highway": "footway" }, "geometry": { "type": "LineString", "coordinates": [ [ -112.0543363, 33.4637235 ], [ -112.0543285, 33.4637366 ], [ -112.05432930000002, 33.463766499999984 ], [ -112.0543268, 33.4641038 ], [ -112.0543276, 33.4645425 ], [ -112.0543286, 33.4646231 ], [ -112.0543441, 33.4646346 ], [ -112.0543489, 33.4646381 ], [ -112.0543791, 33.4646476 ], [ -112.0548847, 33.4646478 ] ] } },
{ "type": "Feature", "properties": { "name": "North 13th Street", "highway": "residential" }, "geometry": { "type": "LineString", "coordinates": [ [ -112.0542519, 33.4626064 ], [ -112.054252, 33.4626572 ], [ -112.0542532, 33.4631025 ], [ -112.0542545, 33.463581199999986 ], [ -112.0542547, 33.463653 ], [ -112.0542545, 33.4637139 ], [ -112.054253, 33.4641693 ], [ -112.0542541, 33.464678699999986 ], [ -112.0542512, 33.4647243 ], [ -112.054253, 33.4651812 ], [ -112.0542604, 33.465598 ], [ -112.054260600000021, 33.465648 ], [ -112.054261140019292, 33.465758884020758 ] ] } },
{ "type": "Feature", "properties": { "name": null, "highway": "footway" }, "geometry": { "type": "LineString", "coordinates": [ [ -112.0572043, 33.464553 ], [ -112.0568468, 33.4646103 ], [ -112.0567187, 33.4646136 ], [ -112.0565373, 33.4646103 ], [ -112.056495700000013, 33.4645893 ], [ -112.0564793, 33.4645709 ], [ -112.0564926, 33.4637843 ], [ -112.056500500000013, 33.4637638 ], [ -112.0565183, 33.4637427 ], [ -112.0565272, 33.4637377 ], [ -112.0565452, 33.4637275 ], [ -112.0565836, 33.4637252 ], [ -112.0566445, 33.4637265 ], [ -112.0572518, 33.4637286 ], [ -112.0578053, 33.4637294 ], [ -112.0578421, 33.4637224 ], [ -112.0579125, 33.463722499999989 ], [ -112.0580864, 33.4637227 ], [ -112.0581196, 33.4637293 ], [ -112.0585261, 33.4637314 ] ] } },
{ "type": "Feature", "properties": { "name": null, "highway": "service" }, "geometry": { "type": "MultiLineString", "coordinates": [ [ [ -112.0549395, 33.4646801 ], [ -112.054939, 33.4646474 ], [ -112.0549365, 33.4644713 ] ], [ [ -112.0549365, 33.4644713 ], [ -112.0549342, 33.4643072 ], [ -112.0549317, 33.4641325 ], [ -112.0549294, 33.4639679 ], [ -112.0544914, 33.463972199999986 ], [ -112.0544937, 33.4641348 ], [ -112.0544962, 33.4643106 ], [ -112.0544985, 33.4644756 ], [ -112.0549365, 33.4644713 ] ] ] } },
{ "type": "Feature", "properties": { "name": null, "highway": "motorway_link" }, "geometry": { "type": "LineString", "coordinates": [ [ -112.0483007, 33.4615783 ], [ -112.0478908, 33.4615764 ], [ -112.047774, 33.4615728 ] ] } },
{ "type": "Feature", "properties": { "name": "North 16th Street", "highway": "secondary" }, "geometry": { "type": "LineString", "coordinates": [ [ -112.047622, 33.4615788 ], [ -112.0476299, 33.4616937 ] ] } },
{ "type": "Feature", "properties": { "name": null, "highway": "footway" }, "geometry": { "type": "LineString", "coordinates": [ [ -112.0478841, 33.4616283 ], [ -112.0478848, 33.4616363 ], [ -112.0478729, 33.4616389 ], [ -112.0478591, 33.461647 ], [ -112.047852600000013, 33.4616569 ], [ -112.047851, 33.4616739 ], [ -112.0478512, 33.4616949 ] ] } },
{ "type": "Feature", "properties": { "name": "North 16th Street", "highway": "secondary" }, "geometry": { "type": "LineString", "coordinates": [ [ -112.0478023, 33.4625138 ], [ -112.04778, 33.4617217 ], [ -112.0477786, 33.461659 ] ] } },
{ "type": "Feature", "properties": { "name": "North 16th Street", "highway": "secondary" }, "geometry": { "type": "LineString", "coordinates": [ [ -112.0476299, 33.4616937 ], [ -112.047646, 33.4624464 ], [ -112.0476483, 33.4625119 ] ] } },
{ "type": "Feature", "properties": { "name": null, "highway": "footway" }, "geometry": { "type": "LineString", "coordinates": [ [ -112.0478512, 33.4616949 ], [ -112.0478691, 33.4623036 ], [ -112.047871900000018, 33.4625136 ] ] } },
{ "type": "Feature", "properties": { "name": null, "highway": "footway" }, "geometry": { "type": "LineString", "coordinates": [ [ -112.047871900000018, 33.4625136 ], [ -112.047872, 33.4625388 ], [ -112.0478762, 33.46256 ], [ -112.0479008, 33.4625706 ], [ -112.0479147, 33.4625725 ], [ -112.0479139, 33.462584399999983 ] ] } },
{ "type": "Feature", "properties": { "name": "North 16th Street", "highway": "secondary" }, "geometry": { "type": "LineString", "coordinates": [ [ -112.0476483, 33.4625119 ], [ -112.047647, 33.4626233 ] ] } },
{ "type": "Feature", "properties": { "name": "North 16th Street", "highway": "secondary" }, "geometry": { "type": "LineString", "coordinates": [ [ -112.047802, 33.462626 ], [ -112.0478023, 33.4625138 ] ] } },
{ "type": "Feature", "properties": { "name": null, "highway": "motorway_link" }, "geometry": { "type": "LineString", "coordinates": [ [ -112.047647, 33.4626233 ], [ -112.047802, 33.462626 ], [ -112.047921300000013, 33.4626268 ], [ -112.0484005, 33.4626247 ] ] } },
{ "type": "Feature", "properties": { "name": null, "highway": "service" }, "geometry": { "type": "LineString", "coordinates": [ [ -112.0498572, 33.461324399999988 ], [ -112.0497897, 33.46132930000001 ], [ -112.0497445, 33.4613326 ], [ -112.0493074, 33.4613352 ] ] } },
{ "type": "Feature", "properties": { "name": null, "highway": "motorway_link" }, "geometry": { "type": "LineString", "coordinates": [ [ -112.0491907, 33.4615789 ], [ -112.0483007, 33.4615783 ] ] } },
{ "type": "Feature", "properties": { "name": null, "highway": "motorway_link" }, "geometry": { "type": "LineString", "coordinates": [ [ -112.0498118, 33.4616087 ], [ -112.049605, 33.4615927 ], [ -112.049401, 33.4615829 ], [ -112.0491907, 33.4615789 ] ] } },
{ "type": "Feature", "properties": { "name": "Papago Freeway", "highway": "motorway" }, "geometry": { "type": "LineString", "coordinates": [ [ -112.052926, 33.4618392 ], [ -112.0520536, 33.4618785 ], [ -112.0515909, 33.461887 ], [ -112.0509112, 33.4618712 ], [ -112.0488452, 33.46186 ], [ -112.0472522, 33.4618543 ] ] } },
{ "type": "Feature", "properties": { "name": null, "highway": "motorway_link" }, "geometry": { "type": "LineString", "coordinates": [ [ -112.0484005, 33.4626247 ], [ -112.0489071, 33.4626226 ] ] } },
{ "type": "Feature", "properties": { "name": null, "highway": "footway" }, "geometry": { "type": "LineString", "coordinates": [ [ -112.0497933, 33.4628788 ], [ -112.049762, 33.4628773 ], [ -112.0497629, 33.4628467 ] ] } },
{ "type": "Feature", "properties": { "name": null, "highway": "footway" }, "geometry": { "type": "LineString", "coordinates": [ [ -112.04995790000001, 33.4628455 ], [ -112.0499556, 33.4628801 ], [ -112.049921, 33.4628779 ] ] } },
{ "type": "Feature", "properties": { "name": null, "highway": "footway" }, "geometry": { "type": "LineString", "coordinates": [ [ -112.0497933, 33.4628788 ], [ -112.0498556, 33.462878399999987 ], [ -112.049921, 33.4628779 ] ] } },
{ "type": "Feature", "properties": { "name": null, "highway": "footway" }, "geometry": { "type": "LineString", "coordinates": [ [ -112.0479105, 33.4628854 ], [ -112.0480221, 33.4628843 ], [ -112.0480265, 33.4628951 ], [ -112.0480364, 33.4629073 ], [ -112.0480445, 33.4629098 ], [ -112.048052700000014, 33.4629123 ], [ -112.0480772, 33.4629119 ], [ -112.048091, 33.462905 ], [ -112.0481009, 33.4628902 ], [ -112.0481127, 33.4628815 ], [ -112.0481513, 33.4628819 ], [ -112.048486, 33.462882 ], [ -112.0490972, 33.4628807 ], [ -112.0496057, 33.4628798 ] ] } },
{ "type": "Feature", "properties": { "name": null, "highway": "service" }, "geometry": { "type": "LineString", "coordinates": [ [ -112.0498612, 33.4632748 ], [ -112.0497675, 33.463275699999983 ], [ -112.048290200000011, 33.4632896 ], [ -112.0481981, 33.4632905 ], [ -112.0481096, 33.4632771 ], [ -112.0480644, 33.4632409 ], [ -112.048046, 33.4631826 ], [ -112.0480445, 33.4629098 ], [ -112.048044, 33.4628075 ] ] } },
{ "type": "Feature", "properties": { "name": null, "highway": "footway" }, "geometry": { "type": "LineString", "coordinates": [ [ -112.0519816, 33.4627037 ], [ -112.0520505, 33.462685799999988 ], [ -112.052125500000017, 33.4626662 ] ] } },
{ "type": "Feature", "properties": { "name": null, "highway": "footway" }, "geometry": { "type": "LineString", "coordinates": [ [ -112.0519627, 33.4628684 ], [ -112.051966, 33.4627178 ], [ -112.0519816, 33.4627037 ] ] } },
{ "type": "Feature", "properties": { "name": null, "highway": "footway" }, "geometry": { "type": "LineString", "coordinates": [ [ -112.052125500000017, 33.4626662 ], [ -112.052136, 33.4626781 ], [ -112.0521447, 33.462688 ], [ -112.0521447, 33.4627929 ], [ -112.052143200000017, 33.463085 ], [ -112.052144, 33.4631182 ], [ -112.0521448, 33.4631548 ], [ -112.052144, 33.4635113 ] ] } },
{ "type": "Feature", "properties": { "name": null, "highway": "service" }, "geometry": { "type": "LineString", "coordinates": [ [ -112.0520549, 33.4631975 ], [ -112.0519623, 33.4631975 ], [ -112.0510241, 33.4631973 ], [ -112.0507784, 33.463201599999984 ], [ -112.050018600000016, 33.4632118 ], [ -112.0499558, 33.4632102 ], [ -112.0498618, 33.4632112 ] ] } },
{ "type": "Feature", "properties": { "name": null, "highway": "footway" }, "geometry": { "type": "LineString", "coordinates": [ [ -112.0508442, 33.4633317 ], [ -112.050870100000012, 33.46334 ], [ -112.0509198, 33.4633558 ] ] } },
{ "type": "Feature", "properties": { "name": null, "highway": "service" }, "geometry": { "type": "LineString", "coordinates": [ [ -112.0504413, 33.4636506 ], [ -112.050443, 33.4633795 ], [ -112.0503406, 33.4632897 ], [ -112.050217100000012, 33.4632676 ], [ -112.0500858, 33.4632505 ], [ -112.050018600000016, 33.4632118 ] ] } },
{ "type": "Feature", "properties": { "name": null, "highway": "footway" }, "geometry": { "type": "LineString", "coordinates": [ [ -112.0519944, 33.4635691 ], [ -112.0519594, 33.4635679 ] ] } },
{ "type": "Feature", "properties": { "name": null, "highway": "footway" }, "geometry": { "type": "LineString", "coordinates": [ [ -112.0521101, 33.4635701 ], [ -112.052054, 33.4635696 ], [ -112.0519944, 33.4635691 ] ] } },
{ "type": "Feature", "properties": { "name": null, "highway": "footway" }, "geometry": { "type": "LineString", "coordinates": [ [ -112.0521447, 33.463598 ], [ -112.052144, 33.463568299999984 ], [ -112.0521101, 33.4635701 ] ] } },
{ "type": "Feature", "properties": { "name": null, "highway": "footway" }, "geometry": { "type": "LineString", "coordinates": [ [ -112.052146400000012, 33.4637101 ], [ -112.0521455, 33.4636521 ], [ -112.0521447, 33.463598 ] ] } },
{ "type": "Feature", "properties": { "name": null, "highway": "footway" }, "geometry": { "type": "LineString", "coordinates": [ [ -112.0479624, 33.462708 ], [ -112.0479475, 33.462721699999989 ], [ -112.0479431, 33.4627263 ], [ -112.0479335, 33.4627365 ], [ -112.0479228, 33.4627537 ], [ -112.0479172, 33.4627795 ], [ -112.0479127, 33.4628108 ], [ -112.0479105, 33.4628854 ], [ -112.0479081, 33.462966699999988 ], [ -112.0478986, 33.4632025 ], [ -112.0478888, 33.4634388 ], [ -112.0478909, 33.4636046 ], [ -112.0479015, 33.4636675 ], [ -112.0479126, 33.4636922 ], [ -112.0479577, 33.4636919 ], [ -112.0483143, 33.463691 ], [ -112.048509200000012, 33.4636905 ], [ -112.049085500000018, 33.4636881 ], [ -112.0495905, 33.4636874 ], [ -112.0497688, 33.4636867 ], [ -112.0497703, 33.4634878 ], [ -112.0497675, 33.463275699999983 ], [ -112.0497648, 33.4630773 ], [ -112.049762, 33.4628773 ], [ -112.0496057, 33.4628798 ] ] } },
{ "type": "Feature", "properties": { "name": null, "highway": "service" }, "geometry": { "type": "LineString", "coordinates": [ [ -112.0483136, 33.4637629 ], [ -112.0483143, 33.463691 ], [ -112.0483178, 33.4633407 ] ] } },
{ "type": "Feature", "properties": { "name": null, "highway": "footway" }, "geometry": { "type": "LineString", "coordinates": [ [ -112.0498013, 33.4636865 ], [ -112.0498573, 33.4636872 ], [ -112.0499246, 33.463688 ] ] } },
{ "type": "Feature", "properties": { "name": null, "highway": "footway" }, "geometry": { "type": "LineString", "coordinates": [ [ -112.0499246, 33.463688 ], [ -112.0499573, 33.4636879 ] ] } },
{ "type": "Feature", "properties": { "name": null, "highway": "footway" }, "geometry": { "type": "LineString", "coordinates": [ [ -112.0498013, 33.4636865 ], [ -112.0497688, 33.4636867 ], [ -112.0497679, 33.463712 ] ] } },
{ "type": "Feature", "properties": { "name": null, "highway": "footway" }, "geometry": { "type": "LineString", "coordinates": [ [ -112.0497691, 33.4638069 ], [ -112.0497685, 33.4637624 ], [ -112.0497679, 33.463712 ] ] } },
{ "type": "Feature", "properties": { "name": null, "highway": "footway" }, "geometry": { "type": "LineString", "coordinates": [ [ -112.049798, 33.4638329 ], [ -112.049768, 33.4638318 ], [ -112.0497691, 33.4638069 ] ] } },
{ "type": "Feature", "properties": { "name": null, "highway": "footway" }, "geometry": { "type": "LineString", "coordinates": [ [ -112.049798, 33.4638329 ], [ -112.0498573, 33.4638328 ], [ -112.0499228, 33.4638326 ] ] } },
{ "type": "Feature", "properties": { "name": null, "highway": "footway" }, "geometry": { "type": "LineString", "coordinates": [ [ -112.0499572, 33.4638325 ], [ -112.0499228, 33.4638326 ] ] } },
{ "type": "Feature", "properties": { "name": null, "highway": "footway" }, "geometry": { "type": "LineString", "coordinates": [ [ -112.0495979, 33.4638356 ], [ -112.0491363, 33.4638381 ], [ -112.0484221, 33.4638395 ], [ -112.0478937, 33.463838 ], [ -112.0478608, 33.4638399 ], [ -112.0478503, 33.4638536 ], [ -112.04785, 33.4638808 ], [ -112.0478465, 33.464225 ], [ -112.0478455, 33.4643233 ], [ -112.0478418, 33.4646384 ], [ -112.0478446, 33.4646521 ], [ -112.0478704, 33.4646557 ], [ -112.047913, 33.464655 ], [ -112.0491418, 33.4646529 ], [ -112.0496141, 33.4646504 ], [ -112.0497584, 33.4646497 ], [ -112.0497683, 33.4646438 ], [ -112.0497732, 33.464634099999984 ], [ -112.0497716, 33.4642487 ], [ -112.0497712, 33.4641546 ], [ -112.049768, 33.4638318 ], [ -112.0495979, 33.4638356 ] ] } },
{ "type": "Feature", "properties": { "name": null, "highway": "service" }, "geometry": { "type": "LineString", "coordinates": [ [ -112.052054, 33.4632673 ], [ -112.0519615, 33.4632668 ], [ -112.0510067, 33.4632622 ], [ -112.050927, 33.4632783 ], [ -112.050881, 33.4633045 ], [ -112.050870100000012, 33.46334 ], [ -112.0508593, 33.4635797 ], [ -112.050856, 33.4637665 ], [ -112.0508193, 33.4638117 ], [ -112.0507986, 33.463853 ], [ -112.050797, 33.4639261 ], [ -112.050843200000017, 33.463984600000011 ], [ -112.0508784, 33.46405930000001 ], [ -112.0508815, 33.4640658 ], [ -112.0509596, 33.464119 ], [ -112.0511094, 33.464112 ] ] } },
{ "type": "Feature", "properties": { "name": null, "highway": "footway" }, "geometry": { "type": "LineString", "coordinates": [ [ -112.052146400000012, 33.4637101 ], [ -112.0521466, 33.4637362 ], [ -112.0521129, 33.4637371 ] ] } },
{ "type": "Feature", "properties": { "name": null, "highway": "footway" }, "geometry": { "type": "LineString", "coordinates": [ [ -112.049957500000019, 33.4635072 ], [ -112.0499573, 33.4636879 ], [ -112.0499572, 33.4638325 ], [ -112.0499572, 33.4638394 ], [ -112.049957100000015, 33.4638972 ], [ -112.049961, 33.4642559 ], [ -112.0499617, 33.4643185 ], [ -112.049957500000019, 33.4646036 ], [ -112.0499626, 33.464651 ], [ -112.050554, 33.4646456 ], [ -112.051074, 33.4646452 ], [ -112.0515536, 33.4646436 ], [ -112.051594, 33.4646436 ], [ -112.05194, 33.4646433 ], [ -112.0519592, 33.4646433 ], [ -112.051959, 33.4643615 ], [ -112.0519592, 33.4640827 ], [ -112.0519593, 33.4639695 ], [ -112.0519594, 33.4635679 ], [ -112.0519594, 33.4634376 ], [ -112.0519615, 33.4632668 ], [ -112.0519623, 33.4631975 ], [ -112.0519634, 33.4631065 ], [ -112.0519627, 33.4628684 ], [ -112.0510706, 33.4628737 ], [ -112.0499556, 33.4628801 ], [ -112.049955, 33.4630351 ], [ -112.0499558, 33.4632102 ], [ -112.049956, 33.4632466 ], [ -112.049957500000019, 33.4635072 ] ] } },
{ "type": "Feature", "properties": { "name": null, "highway": "footway" }, "geometry": { "type": "LineString", "coordinates": [ [ -112.0512076, 33.4641055 ], [ -112.051206500000021, 33.4640283 ], [ -112.050977, 33.4640315 ], [ -112.0509762, 33.4635013 ] ] } },
{ "type": "Feature", "properties": { "name": null, "highway": "service" }, "geometry": { "type": "LineString", "coordinates": [ [ -112.0498572, 33.4638404 ], [ -112.0499572, 33.4638394 ], [ -112.0500615, 33.4638383 ], [ -112.0505695, 33.4638434 ] ] } },
{ "type": "Feature", "properties": { "name": null, "highway": "service" }, "geometry": { "type": "LineString", "coordinates": [ [ -112.0506899, 33.4638418 ], [ -112.0505695, 33.4638434 ] ] } },
{ "type": "Feature", "properties": { "name": null, "highway": "service" }, "geometry": { "type": "LineString", "coordinates": [ [ -112.0507049, 33.4641916 ], [ -112.0506899, 33.4638418 ] ] } },
{ "type": "Feature", "properties": { "name": null, "highway": "service" }, "geometry": { "type": "LineString", "coordinates": [ [ -112.0505695, 33.4638434 ], [ -112.050571, 33.4641966 ], [ -112.0507049, 33.4641916 ] ] } },
{ "type": "Feature", "properties": { "name": null, "highway": "service" }, "geometry": { "type": "LineString", "coordinates": [ [ -112.0511094, 33.464112 ], [ -112.051214500000015, 33.4641621 ], [ -112.0515319, 33.464171099999987 ], [ -112.0516404, 33.4641395 ], [ -112.051833400000021, 33.4641378 ], [ -112.051833400000021, 33.4640809 ], [ -112.051833400000021, 33.4638839 ] ] } },
{ "type": "Feature", "properties": { "name": null, "highway": "service" }, "geometry": { "type": "LineString", "coordinates": [ [ -112.0516375, 33.4639856 ], [ -112.0516404, 33.4641395 ] ] } },
{ "type": "Feature", "properties": { "name": null, "highway": "footway" }, "geometry": { "type": "LineString", "coordinates": [ [ -112.0541874, 33.464304499999983 ], [ -112.0541889, 33.4644071 ], [ -112.0541876, 33.464556 ], [ -112.0541949, 33.4646246 ], [ -112.0541693, 33.4646342 ], [ -112.054132800000019, 33.4646336 ], [ -112.0540918, 33.4646349 ], [ -112.0540388, 33.4646349 ], [ -112.0539975, 33.4646356 ], [ -112.0521436, 33.4646419 ], [ -112.0521451, 33.4641877 ], [ -112.0521466, 33.4637362 ], [ -112.0528237, 33.4637341 ], [ -112.0534978, 33.463732699999987 ], [ -112.054183, 33.4637315 ], [ -112.0542052, 33.4637137 ] ] } },
{ "type": "Feature", "properties": { "name": "North 14th Street", "highway": "residential" }, "geometry": { "type": "LineString", "coordinates": [ [ -112.0520497, 33.4626133 ], [ -112.0520505, 33.462685799999988 ], [ -112.0520506, 33.4627 ], [ -112.0520551, 33.4631189 ], [ -112.0520549, 33.4631975 ], [ -112.052054, 33.4632673 ], [ -112.052054, 33.4635696 ], [ -112.052054, 33.4636521 ], [ -112.052053200000017, 33.4640841 ], [ -112.052053, 33.4641885 ], [ -112.0520521, 33.4646417 ], [ -112.052052, 33.46472090000001 ], [ -112.0520517, 33.4648055 ], [ -112.0520499, 33.4652431 ], [ -112.0520499, 33.4654789 ], [ -112.0520499, 33.4656254 ], [ -112.0520499, 33.4656474 ], [ -112.0520498, 33.465775 ], [ -112.05204979706356, 33.465777672123473 ] ] } },
{ "type": "Feature", "properties": { "name": "North 15th Street", "highway": "residential" }, "geometry": { "type": "LineString", "coordinates": [ [ -112.0498542, 33.4628056 ], [ -112.0498556, 33.462878399999987 ], [ -112.0498618, 33.4632112 ], [ -112.0498612, 33.4632748 ], [ -112.0498573, 33.4636872 ], [ -112.0498568, 33.4637448 ], [ -112.0498578, 33.4637621 ], [ -112.0498573, 33.4638328 ], [ -112.0498572, 33.4638404 ], [ -112.0498586, 33.464252 ], [ -112.049864, 33.4646781 ], [ -112.0498647, 33.4647311 ], [ -112.0498648, 33.4647862 ], [ -112.0498659, 33.4652558 ], [ -112.0498631, 33.4655756 ], [ -112.0498628, 33.4656148 ], [ -112.0498619, 33.4656488 ], [ -112.0498584, 33.4657792 ], [ -112.049857943965378, 33.465796255701996 ] ] } },
{ "type": "Feature", "properties": { "name": null, "highway": "footway" }, "geometry": { "type": "LineString", "coordinates": [ [ -112.065073, 33.4567736 ], [ -112.065077300000013, 33.4567703 ] ] } },
{ "type": "Feature", "properties": { "name": null, "highway": "footway" }, "geometry": { "type": "LineString", "coordinates": [ [ -112.065080900000012, 33.4571326 ], [ -112.0650839, 33.4567983 ], [ -112.065073, 33.4567736 ] ] } },
{ "type": "Feature", "properties": { "name": null, "highway": "footway" }, "geometry": { "type": "LineString", "coordinates": [ [ -112.0650807, 33.4572016 ], [ -112.0650805, 33.4571718 ], [ -112.065080900000012, 33.4571326 ] ] } },
{ "type": "Feature", "properties": { "name": null, "highway": "service" }, "geometry": { "type": "LineString", "coordinates": [ [ -112.0650105, 33.4571725 ], [ -112.0650805, 33.4571718 ], [ -112.065228, 33.4571704 ] ] } },
{ "type": "Feature", "properties": { "name": null, "highway": "footway" }, "geometry": { "type": "LineString", "coordinates": [ [ -112.065063, 33.457471 ], [ -112.0650826, 33.4574468 ], [ -112.0650807, 33.4572016 ] ] } },
{ "type": "Feature", "properties": { "name": null, "highway": "footway" }, "geometry": { "type": "LineString", "coordinates": [ [ -112.065063, 33.457471 ], [ -112.0650694, 33.457480799999985 ] ] } },
{ "type": "Feature", "properties": { "name": null, "highway": "footway" }, "geometry": { "type": "LineString", "coordinates": [ [ -112.0650672, 33.4575942 ], [ -112.0650687, 33.4575382 ], [ -112.0650694, 33.457480799999985 ] ] } },
{ "type": "Feature", "properties": { "name": null, "highway": "footway" }, "geometry": { "type": "LineString", "coordinates": [ [ -112.065065, 33.4576091 ], [ -112.0650672, 33.4575942 ] ] } },
{ "type": "Feature", "properties": { "name": null, "highway": "footway" }, "geometry": { "type": "LineString", "coordinates": [ [ -112.0650498, 33.4581153 ], [ -112.065060800000012, 33.4580531 ], [ -112.0650691, 33.457989799999986 ] ] } },
{ "type": "Feature", "properties": { "name": null, "highway": "footway" }, "geometry": { "type": "LineString", "coordinates": [ [ -112.0650432, 33.4585845 ], [ -112.0650343, 33.45857 ], [ -112.0650569, 33.4585343 ], [ -112.0650579, 33.4584726 ], [ -112.0650628, 33.458179499999986 ], [ -112.0650456, 33.4581392 ], [ -112.0650498, 33.4581153 ] ] } },
{ "type": "Feature", "properties": { "name": "East Garfield Street", "highway": "residential" }, "geometry": { "type": "LineString", "coordinates": [ [ -112.068837543023676, 33.457623681259783 ], [ -112.06871, 33.457623 ], [ -112.0686271, 33.4576231 ], [ -112.0681066, 33.4576231 ], [ -112.0676041, 33.4576211 ], [ -112.0674833, 33.4576207 ], [ -112.0673737, 33.4576212 ], [ -112.066864, 33.4576167 ], [ -112.0663575, 33.4576124 ], [ -112.0663117, 33.457611399999983 ], [ -112.0662545, 33.4576023 ], [ -112.0661289, 33.4575913 ], [ -112.066048, 33.457590699999983 ], [ -112.06552, 33.4575874 ], [ -112.065417, 33.4575868 ], [ -112.0653896, 33.4575843 ], [ -112.0652376, 33.4575703 ] ] } },
{ "type": "Feature", "properties": { "name": null, "highway": "footway" }, "geometry": { "type": "LineString", "coordinates": [ [ -112.0661287, 33.4576605 ], [ -112.0661289, 33.4576376 ] ] } },
{ "type": "Feature", "properties": { "name": null, "highway": "footway" }, "geometry": { "type": "LineString", "coordinates": [ [ -112.0661819, 33.4577041 ], [ -112.0661286, 33.4577043 ] ] } },
{ "type": "Feature", "properties": { "name": null, "highway": "footway" }, "geometry": { "type": "LineString", "coordinates": [ [ -112.0663012, 33.4577056 ], [ -112.0662545, 33.4577051 ], [ -112.0661819, 33.4577041 ] ] } },
{ "type": "Feature", "properties": { "name": null, "highway": "footway" }, "geometry": { "type": "LineString", "coordinates": [ [ -112.0667744, 33.4577076 ], [ -112.0663574, 33.4577059 ], [ -112.0663012, 33.4577056 ] ] } },
{ "type": "Feature", "properties": { "name": null, "highway": "footway" }, "geometry": { "type": "LineString", "coordinates": [ [ -112.06645690000002, 33.4578047 ], [ -112.066357, 33.4578041 ] ] } },
{ "type": "Feature", "properties": { "name": null, "highway": "footway" }, "geometry": { "type": "LineString", "coordinates": [ [ -112.0664567, 33.4579275 ], [ -112.0663565, 33.4579275 ] ] } },
{ "type": "Feature", "properties": { "name": null, "highway": "footway" }, "geometry": { "type": "LineString", "coordinates": [ [ -112.0664532, 33.4580628 ], [ -112.066356, 33.4580624 ] ] } },
{ "type": "Feature", "properties": { "name": null, "highway": "footway" }, "geometry": { "type": "LineString", "coordinates": [ [ -112.0663576, 33.4576576 ], [ -112.0663574, 33.4577059 ], [ -112.066357, 33.4578041 ], [ -112.0663565, 33.4579275 ], [ -112.066356, 33.4580624 ], [ -112.0663553, 33.45823 ], [ -112.0663549, 33.4583557 ], [ -112.0663544, 33.458465399999987 ], [ -112.0663541, 33.4585555 ] ] } },
{ "type": "Feature", "properties": { "name": null, "highway": "footway" }, "geometry": { "type": "LineString", "coordinates": [ [ -112.0660714, 33.457660299999986 ], [ -112.0661287, 33.4576605 ], [ -112.0661286, 33.4577043 ], [ -112.0661276, 33.458559 ] ] } },
{ "type": "Feature", "properties": { "name": null, "highway": "footway" }, "geometry": { "type": "LineString", "coordinates": [ [ -112.065971, 33.4576599 ], [ -112.0660476, 33.4576602 ], [ -112.0660714, 33.457660299999986 ] ] } },
{ "type": "Feature", "properties": { "name": null, "highway": "service" }, "geometry": { "type": "LineString", "coordinates": [ [ -112.0655297, 33.4580722 ], [ -112.0655152, 33.4577422 ], [ -112.0655177, 33.457658500000015 ], [ -112.06552, 33.4575874 ] ] } },
{ "type": "Feature", "properties": { "name": null, "highway": "service" }, "geometry": { "type": "LineString", "coordinates": [ [ -112.066048, 33.457590699999983 ], [ -112.0660476, 33.4576602 ], [ -112.066047400000016, 33.4577431 ], [ -112.066047, 33.458078 ] ] } },
{ "type": "Feature", "properties": { "name": null, "highway": "footway" }, "geometry": { "type": "LineString", "coordinates": [ [ -112.0654168, 33.4585377 ], [ -112.0653988, 33.458501099999985 ], [ -112.0654292, 33.458292299999982 ], [ -112.0654279, 33.45810860000001 ], [ -112.0653817, 33.457991599999986 ], [ -112.0653797, 33.45767 ], [ -112.0653904, 33.4576493 ], [ -112.0654353, 33.4576582 ], [ -112.0654603, 33.4576583 ] ] } },
{ "type": "Feature", "properties": { "name": null, "highway": "footway" }, "geometry": { "type": "LineString", "coordinates": [ [ -112.066174, 33.4585548 ], [ -112.0661276, 33.458559 ], [ -112.0661012, 33.45856280000001 ], [ -112.0654789, 33.458559500000014 ], [ -112.0654168, 33.4585377 ], [ -112.0654095, 33.4585439 ] ] } },
{ "type": "Feature", "properties": { "name": null, "highway": "footway" }, "geometry": { "type": "LineString", "coordinates": [ [ -112.0654095, 33.4585439 ], [ -112.0654085, 33.4586525 ], [ -112.0654075, 33.4587539 ] ] } },
{ "type": "Feature", "properties": { "name": "East Roosevelt Street", "highway": "tertiary" }, "geometry": { "type": "LineString", "coordinates": [ [ -112.0661064, 33.4586603 ], [ -112.0660424, 33.4586602 ], [ -112.0657871, 33.4586597 ], [ -112.0654085, 33.4586525 ], [ -112.065251, 33.458659 ] ] } },
{ "type": "Feature", "properties": { "name": null, "highway": "footway" }, "geometry": { "type": "LineString", "coordinates": [ [ -112.0654179, 33.458765 ], [ -112.065442, 33.4587444 ], [ -112.065501, 33.4587482 ], [ -112.0655015, 33.4587762 ], [ -112.0656804, 33.4587792 ], [ -112.0657231, 33.45879020000001 ], [ -112.06575, 33.4587927 ] ] } },
{ "type": "Feature", "properties": { "name": null, "highway": "footway" }, "geometry": { "type": "LineString", "coordinates": [ [ -112.06575, 33.4587927 ], [ -112.065787, 33.4587926 ], [ -112.0658567, 33.4587923 ] ] } },
{ "type": "Feature", "properties": { "name": null, "highway": "service" }, "geometry": { "type": "LineString", "coordinates": [ [ -112.0653227, 33.4590714 ], [ -112.0654204, 33.4590718 ], [ -112.0657879, 33.4590733 ], [ -112.065787, 33.4587926 ], [ -112.0657871, 33.4586597 ] ] } },
{ "type": "Feature", "properties": { "name": null, "highway": "service" }, "geometry": { "type": "LineString", "coordinates": [ [ -112.064815300000021, 33.4586673 ], [ -112.0647914, 33.4586046 ], [ -112.0647651, 33.4585197 ], [ -112.0647593, 33.4585018 ], [ -112.0647539, 33.4580532 ], [ -112.0649494, 33.4580524 ], [ -112.065060800000012, 33.4580531 ], [ -112.0652428, 33.4580512 ] ] } },
{ "type": "Feature", "properties": { "name": "North 7th Street", "highway": "primary" }, "geometry": { "type": "LineString", "coordinates": [ [ -112.0652436, 33.4581296 ], [ -112.06524570000002, 33.4583249 ], [ -112.0652495, 33.4585616 ], [ -112.065251, 33.458659 ] ] } },
{ "type": "Feature", "properties": { "name": null, "highway": "footway" }, "geometry": { "type": "LineString", "coordinates": [ [ -112.064936, 33.4585939 ], [ -112.0650579, 33.4584726 ] ] } },
{ "type": "Feature", "properties": { "name": null, "highway": "footway" }, "geometry": { "type": "LineString", "coordinates": [ [ -112.0654095, 33.4585439 ], [ -112.0652495, 33.4585616 ], [ -112.0650432, 33.4585845 ] ] } },
{ "type": "Feature", "properties": { "name": null, "highway": "footway" }, "geometry": { "type": "LineString", "coordinates": [ [ -112.0650343, 33.45857 ], [ -112.0649968, 33.45859 ], [ -112.064936, 33.4585939 ], [ -112.0648501, 33.4585995 ] ] } },
{ "type": "Feature", "properties": { "name": null, "highway": "footway" }, "geometry": { "type": "LineString", "coordinates": [ [ -112.065074, 33.458737799999987 ], [ -112.0650585, 33.4586615 ], [ -112.0650432, 33.4585845 ] ] } },
{ "type": "Feature", "properties": { "name": "East Roosevelt Street", "highway": "tertiary" }, "geometry": { "type": "LineString", "coordinates": [ [ -112.065251, 33.458659 ], [ -112.0650585, 33.4586615 ], [ -112.0648822, 33.458666 ], [ -112.0648491, 33.4586667 ] ] } },
{ "type": "Feature", "properties": { "name": null, "highway": "footway" }, "geometry": { "type": "LineString", "coordinates": [ [ -112.0654075, 33.4587539 ], [ -112.0653225, 33.4587502 ], [ -112.0651615, 33.4587432 ], [ -112.065074, 33.458737799999987 ] ] } },
{ "type": "Feature", "properties": { "name": null, "highway": "service" }, "geometry": { "type": "LineString", "coordinates": [ [ -112.064815300000021, 33.4586673 ], [ -112.0648455, 33.4587326 ], [ -112.0648692, 33.4587831 ], [ -112.0649347, 33.458849 ], [ -112.0650373, 33.4588933 ], [ -112.0650718, 33.4588998 ], [ -112.0651185, 33.4589083 ], [ -112.065159300000019, 33.4589097 ] ] } },
{ "type": "Feature", "properties": { "name": "North 7th Street", "highway": "primary" }, "geometry": { "type": "LineString", "coordinates": [ [ -112.0653225, 33.4592143 ], [ -112.0653227, 33.4590714 ], [ -112.0653225, 33.4587502 ], [ -112.065251, 33.458659 ] ] } },
{ "type": "Feature", "properties": { "name": null, "highway": "footway" }, "geometry": { "type": "LineString", "coordinates": [ [ -112.06645570000002, 33.4582304 ], [ -112.0663553, 33.45823 ] ] } },
{ "type": "Feature", "properties": { "name": null, "highway": "footway" }, "geometry": { "type": "LineString", "coordinates": [ [ -112.06645810000002, 33.4583551 ], [ -112.0663549, 33.4583557 ] ] } },
{ "type": "Feature", "properties": { "name": null, "highway": "footway" }, "geometry": { "type": "LineString", "coordinates": [ [ -112.0664587, 33.4584659 ], [ -112.0663544, 33.458465399999987 ] ] } },
{ "type": "Feature", "properties": { "name": null, "highway": "footway" }, "geometry": { "type": "LineString", "coordinates": [ [ -112.0663097, 33.4585535 ], [ -112.0662541, 33.4585539 ], [ -112.066174, 33.4585548 ] ] } },
{ "type": "Feature", "properties": { "name": null, "highway": "footway" }, "geometry": { "type": "LineString", "coordinates": [ [ -112.0663097, 33.4585535 ], [ -112.0663541, 33.4585555 ], [ -112.0665181, 33.4585566 ], [ -112.0668166, 33.4585585 ] ] } },
{ "type": "Feature", "properties": { "name": "East Roosevelt Street", "highway": "tertiary" }, "geometry": { "type": "LineString", "coordinates": [ [ -112.0662548, 33.4586606 ], [ -112.0661064, 33.4586603 ] ] } },
{ "type": "Feature", "properties": { "name": "East Roosevelt Street", "highway": "tertiary" }, "geometry": { "type": "LineString", "coordinates": [ [ -112.068564, 33.4586674 ], [ -112.068109, 33.4586632 ], [ -112.0675979, 33.4586596 ], [ -112.0674821, 33.4586588 ], [ -112.0673804, 33.4586591 ], [ -112.0668667, 33.4586603 ], [ -112.0662548, 33.4586606 ] ] } },
{ "type": "Feature", "properties": { "name": null, "highway": "footway" }, "geometry": { "type": "LineString", "coordinates": [ [ -112.0658567, 33.4587923 ], [ -112.067263400000016, 33.4587966 ], [ -112.0672628, 33.4587754 ], [ -112.0673904, 33.4587762 ] ] } },
{ "type": "Feature", "properties": { "name": null, "highway": "footway" }, "geometry": { "type": "LineString", "coordinates": [ [ -112.0669286, 33.4591388 ], [ -112.066879, 33.4591394 ], [ -112.0668605, 33.4591329 ], [ -112.0668387, 33.459125899999989 ], [ -112.0667965, 33.4591268 ], [ -112.066768, 33.459131299999989 ], [ -112.0667529, 33.4591371 ], [ -112.0666872, 33.4591366 ], [ -112.0666768, 33.4591313 ], [ -112.0666684, 33.4591231 ], [ -112.0665661, 33.459122 ], [ -112.066546500000015, 33.4591227 ], [ -112.0665326, 33.4591231 ], [ -112.0664964, 33.4591234 ], [ -112.0664753, 33.459129 ], [ -112.0664578, 33.4591282 ], [ -112.066429, 33.459125899999989 ], [ -112.066379700000013, 33.4591285 ], [ -112.066331100000014, 33.4591335 ], [ -112.0662617, 33.4591335 ], [ -112.0662289, 33.4591209 ], [ -112.0661605, 33.4591198 ], [ -112.0661397, 33.459133799999989 ], [ -112.066074, 33.4591343 ] ] } },
{ "type": "Feature", "properties": { "name": null, "highway": "service" }, "geometry": { "type": "LineString", "coordinates": [ [ -112.0660313, 33.4595496 ], [ -112.0660315, 33.4594874 ], [ -112.0660345, 33.4591312 ], [ -112.0660354, 33.459072599999985 ], [ -112.0669699, 33.4590721 ], [ -112.0673887, 33.4590745 ], [ -112.0674816, 33.459075 ] ] } },
{ "type": "Feature", "properties": { "name": null, "highway": "footway" }, "geometry": { "type": "LineString", "coordinates": [ [ -112.0654204, 33.459029 ], [ -112.0654177, 33.4589988 ], [ -112.06542850000001, 33.4589809 ], [ -112.0654338, 33.4589586 ], [ -112.0654305, 33.4589289 ], [ -112.065407, 33.4589004 ], [ -112.0653907, 33.4588724 ], [ -112.0653877, 33.4588381 ], [ -112.0653927, 33.4588008 ], [ -112.0654179, 33.458765 ], [ -112.0654075, 33.4587539 ] ] } },
{ "type": "Feature", "properties": { "name": null, "highway": "footway" }, "geometry": { "type": "LineString", "coordinates": [ [ -112.06542850000001, 33.4589809 ], [ -112.0655004, 33.4589808 ], [ -112.0655004, 33.458973 ] ] } },
{ "type": "Feature", "properties": { "name": null, "highway": "footway" }, "geometry": { "type": "LineString", "coordinates": [ [ -112.0654204, 33.4591202 ], [ -112.0654204, 33.4590718 ], [ -112.0654204, 33.459029 ] ] } },
{ "type": "Feature", "properties": { "name": null, "highway": "footway" }, "geometry": { "type": "LineString", "coordinates": [ [ -112.066074, 33.4591343 ], [ -112.0660345, 33.4591312 ], [ -112.0659933, 33.4591279 ] ] } },
{ "type": "Feature", "properties": { "name": null, "highway": "footway" }, "geometry": { "type": "LineString", "coordinates": [ [ -112.0659933, 33.4591279 ], [ -112.065640700000017, 33.4591274 ], [ -112.0656377, 33.459439 ] ] } },
{ "type": "Feature", "properties": { "name": null, "highway": "footway" }, "geometry": { "type": "LineString", "coordinates": [ [ -112.0653882, 33.4594777 ], [ -112.065389, 33.4594387 ], [ -112.0653943, 33.4591745 ], [ -112.0654103, 33.4591465 ], [ -112.0654204, 33.4591202 ] ] } },
{ "type": "Feature", "properties": { "name": null, "highway": "footway" }, "geometry": { "type": "LineString", "coordinates": [ [ -112.0659814, 33.4594875 ], [ -112.0659503, 33.4594875 ], [ -112.0659286, 33.4594911 ], [ -112.0659115, 33.4594961 ], [ -112.0656884, 33.4594959 ], [ -112.0656888, 33.4594391 ], [ -112.0656377, 33.459439 ], [ -112.065389, 33.4594387 ] ] } },
{ "type": "Feature", "properties": { "name": null, "highway": "footway" }, "geometry": { "type": "LineString", "coordinates": [ [ -112.0660808, 33.4594873 ], [ -112.0660315, 33.4594874 ], [ -112.0659814, 33.4594875 ] ] } },
{ "type": "Feature", "properties": { "name": null, "highway": "footway" }, "geometry": { "type": "LineString", "coordinates": [ [ -112.0653882, 33.4595873 ], [ -112.0653882, 33.4595507 ], [ -112.0653882, 33.4594777 ] ] } },
{ "type": "Feature", "properties": { "name": null, "highway": "service" }, "geometry": { "type": "LineString", "coordinates": [ [ -112.0653218, 33.4595508 ], [ -112.0653882, 33.4595507 ], [ -112.0660313, 33.4595496 ], [ -112.066417, 33.4595489 ] ] } },
{ "type": "Feature", "properties": { "name": "North 7th Street", "highway": "primary" }, "geometry": { "type": "LineString", "coordinates": [ [ -112.065251, 33.458659 ], [ -112.0651615, 33.4587432 ], [ -112.065159300000019, 33.4589097 ], [ -112.0651564, 33.4590838 ], [ -112.0651514, 33.4593773 ], [ -112.0651449, 33.4595635 ] ] } },
{ "type": "Feature", "properties": { "name": null, "highway": "footway" }, "geometry": { "type": "LineString", "coordinates": [ [ -112.065074, 33.458737799999987 ], [ -112.065065, 33.458746799999986 ], [ -112.0650713, 33.4587644 ], [ -112.0650718, 33.4588998 ], [ -112.0650755, 33.4590843 ], [ -112.0650796, 33.4593552 ], [ -112.0650241, 33.459767 ], [ -112.065013400000012, 33.459849099999985 ] ] } },
{ "type": "Feature", "properties": { "name": "North 7th Street", "highway": "primary" }, "geometry": { "type": "LineString", "coordinates": [ [ -112.0653194, 33.4599564 ], [ -112.0653218, 33.4595508 ], [ -112.0653221, 33.459508799999988 ], [ -112.0653225, 33.4592143 ] ] } },
{ "type": "Feature", "properties": { "name": "North 7th Street", "highway": "primary" }, "geometry": { "type": "LineString", "coordinates": [ [ -112.0651449, 33.4595635 ], [ -112.0651378, 33.4597689 ] ] } },
{ "type": "Feature", "properties": { "name": null, "highway": "primary_link" }, "geometry": { "type": "LineString", "coordinates": [ [ -112.0651449, 33.4595635 ], [ -112.0651901, 33.4596496 ], [ -112.0651993, 33.4597489 ], [ -112.0652076, 33.4598382 ], [ -112.0652368, 33.4599034 ], [ -112.0653194, 33.4599564 ] ] } },
{ "type": "Feature", "properties": { "name": "North 7th Street", "highway": "primary" }, "geometry": { "type": "LineString", "coordinates": [ [ -112.0651378, 33.4597689 ], [ -112.0651316, 33.4599483 ] ] } },
{ "type": "Feature", "properties": { "name": null, "highway": "footway" }, "geometry": { "type": "LineString", "coordinates": [ [ -112.0650062, 33.4598638 ], [ -112.0650128, 33.4598731 ] ] } },
{ "type": "Feature", "properties": { "name": null, "highway": "footway" }, "geometry": { "type": "LineString", "coordinates": [ [ -112.065013400000012, 33.459849099999985 ], [ -112.0650062, 33.4598638 ], [ -112.0649826, 33.459879899999983 ], [ -112.0649529, 33.4598888 ], [ -112.0648897, 33.4598901 ] ] } },
{ "type": "Feature", "properties": { "name": null, "highway": "footway" }, "geometry": { "type": "LineString", "coordinates": [ [ -112.065008, 33.4600201 ], [ -112.0650104, 33.4599451 ], [ -112.0650128, 33.4598731 ] ] } },
{ "type": "Feature", "properties": { "name": null, "highway": "footway" }, "geometry": { "type": "LineString", "coordinates": [ [ -112.0650042, 33.4600346 ], [ -112.065008, 33.4600201 ] ] } },
{ "type": "Feature", "properties": { "name": null, "highway": "footway" }, "geometry": { "type": "LineString", "coordinates": [ [ -112.0653884, 33.4596446 ], [ -112.0654469, 33.459644 ], [ -112.0655704, 33.4596421 ], [ -112.0655691, 33.459586399999985 ] ] } },
{ "type": "Feature", "properties": { "name": null, "highway": "footway" }, "geometry": { "type": "LineString", "coordinates": [ [ -112.0655704, 33.4596421 ], [ -112.0655753, 33.459662 ], [ -112.0655714, 33.4596775 ], [ -112.0655646, 33.4596946 ], [ -112.0655547, 33.4597108 ], [ -112.0655458, 33.4597271 ], [ -112.0655412, 33.4597479 ], [ -112.065538600000011, 33.4597678 ] ] } },
{ "type": "Feature", "properties": { "name": null, "highway": "footway" }, "geometry": { "type": "LineString", "coordinates": [ [ -112.0654271, 33.4598855 ], [ -112.0653969, 33.4598671 ], [ -112.0653889, 33.4598436 ], [ -112.0653884, 33.4596446 ], [ -112.0653882, 33.4595873 ] ] } },
{ "type": "Feature", "properties": { "name": null, "highway": "footway" }, "geometry": { "type": "LineString", "coordinates": [ [ -112.0654271, 33.4598855 ], [ -112.065420900000021, 33.4599101 ] ] } },
{ "type": "Feature", "properties": { "name": "East Portland Street", "highway": "residential" }, "geometry": { "type": "LineString", "coordinates": [ [ -112.0656411, 33.4599583 ], [ -112.0654301, 33.459957 ], [ -112.065414, 33.459957 ], [ -112.0653194, 33.4599564 ] ] } },
{ "type": "Feature", "properties": { "name": null, "highway": "footway" }, "geometry": { "type": "LineString", "coordinates": [ [ -112.065420900000021, 33.4599101 ], [ -112.065414, 33.459957 ], [ -112.0654003, 33.4600424 ] ] } },
{ "type": "Feature", "properties": { "name": null, "highway": "footway" }, "geometry": { "type": "LineString", "coordinates": [ [ -112.0655951, 33.4600653 ], [ -112.06538590000001, 33.4600644 ], [ -112.0654003, 33.4600424 ] ] } },
{ "type": "Feature", "properties": { "name": null, "highway": "footway" }, "geometry": { "type": "LineString", "coordinates": [ [ -112.0662134, 33.4600524 ], [ -112.0661939, 33.4600545 ], [ -112.0661658, 33.460066 ], [ -112.06569, 33.4600655 ], [ -112.0656826, 33.4600653 ] ] } },
{ "type": "Feature", "properties": { "name": null, "highway": "footway" }, "geometry": { "type": "LineString", "coordinates": [ [ -112.0656826, 33.4600653 ], [ -112.0656445, 33.4600654 ], [ -112.0655951, 33.4600653 ] ] } },
{ "type": "Feature", "properties": { "name": null, "highway": "footway" }, "geometry": { "type": "LineString", "coordinates": [ [ -112.06569, 33.4600655 ], [ -112.0656892, 33.4602115 ], [ -112.0656869, 33.4602513 ], [ -112.0656819, 33.4602793 ], [ -112.0656753, 33.4603073 ], [ -112.0656634, 33.4603439 ], [ -112.0656468, 33.4603795 ], [ -112.0656256, 33.4604142 ], [ -112.065594, 33.460459899999989 ], [ -112.0655667, 33.4605016 ], [ -112.0655317, 33.4605486 ], [ -112.0655155, 33.4605804 ], [ -112.0655071, 33.4606023 ] ] } },
{ "type": "Feature", "properties": { "name": null, "highway": "footway" }, "geometry": { "type": "LineString", "coordinates": [ [ -112.0669312, 33.4594965 ], [ -112.066864, 33.4594965 ], [ -112.066815, 33.459494299999989 ], [ -112.0667528, 33.4594938 ], [ -112.0667017, 33.4594945 ], [ -112.0666425, 33.4594952 ], [ -112.06659350000001, 33.4594962 ], [ -112.066559, 33.4594967 ], [ -112.0665436, 33.4594968 ], [ -112.0665285, 33.4594969 ], [ -112.0664152, 33.4594972 ], [ -112.0661644, 33.4594983 ], [ -112.066117300000016, 33.4594963 ], [ -112.0660808, 33.4594873 ] ] } },
{ "type": "Feature", "properties": { "name": null, "highway": "footway" }, "geometry": { "type": "LineString", "coordinates": [ [ -112.0669197, 33.4598952 ], [ -112.0665664, 33.4598934 ], [ -112.0665436, 33.4598794 ], [ -112.0665123, 33.459879 ], [ -112.0661835, 33.4598755 ], [ -112.0661493, 33.4598866 ], [ -112.0661272, 33.4598906 ], [ -112.0659448, 33.4598878 ], [ -112.0659032, 33.4598755 ], [ -112.0656893, 33.4598721 ], [ -112.0656585, 33.4598827 ], [ -112.065635, 33.4598878 ], [ -112.0654271, 33.4598855 ] ] } },
{ "type": "Feature", "properties": { "name": "East Portland Street", "highway": "residential" }, "geometry": { "type": "LineString", "coordinates": [ [ -112.068866423688689, 33.459977048193871 ], [ -112.068245100000013, 33.4599734 ], [ -112.0675975, 33.4599697 ], [ -112.0674806, 33.459969 ], [ -112.0673724, 33.4599684 ], [ -112.0669661, 33.459966 ], [ -112.0669129, 33.4599645 ], [ -112.0666813, 33.4599644 ], [ -112.066640100000015, 33.4599641 ], [ -112.0662541, 33.4599618 ], [ -112.0656411, 33.4599583 ] ] } },
{ "type": "Feature", "properties": { "name": null, "highway": "service" }, "geometry": { "type": "LineString", "coordinates": [ [ -112.0662541, 33.4599618 ], [ -112.066253100000012, 33.4600524 ], [ -112.0662529, 33.460081 ] ] } },
{ "type": "Feature", "properties": { "name": null, "highway": "footway" }, "geometry": { "type": "LineString", "coordinates": [ [ -112.0662846, 33.46005250000001 ], [ -112.066253100000012, 33.4600524 ], [ -112.0662134, 33.4600524 ] ] } },
{ "type": "Feature", "properties": { "name": null, "highway": "footway" }, "geometry": { "type": "LineString", "coordinates": [ [ -112.0674304, 33.4600741 ], [ -112.0673685, 33.4600739 ], [ -112.0672095, 33.4600733 ], [ -112.067004600000018, 33.4600725 ], [ -112.0669128, 33.4600722 ], [ -112.0666806, 33.4600713 ], [ -112.0666394, 33.4600712 ], [ -112.0665476, 33.4600708 ], [ -112.0663667, 33.4600701 ], [ -112.0663313, 33.4600672 ], [ -112.0663097, 33.46005790000001 ], [ -112.0662962, 33.4600531 ], [ -112.0662846, 33.46005250000001 ] ] } },
{ "type": "Feature", "properties": { "name": null, "highway": "service" }, "geometry": { "type": "LineString", "coordinates": [ [ -112.0662529, 33.460081 ], [ -112.0662506, 33.4603195 ], [ -112.066394200000019, 33.4603197 ] ] } },
{ "type": "Feature", "properties": { "name": null, "highway": "service" }, "geometry": { "type": "LineString", "coordinates": [ [ -112.0674798, 33.4606371 ], [ -112.0673647, 33.4606365 ], [ -112.0658467, 33.4606366 ], [ -112.065497, 33.4606366 ], [ -112.065444, 33.4606366 ] ] } },
{ "type": "Feature", "properties": { "name": null, "highway": "footway" }, "geometry": { "type": "LineString", "coordinates": [ [ -112.0665728, 33.4609185 ], [ -112.0665725, 33.4607156 ], [ -112.0662253, 33.4607162 ] ] } },
{ "type": "Feature", "properties": { "name": "East Ames Place", "highway": "residential" }, "geometry": { "type": "LineString", "coordinates": [ [ -112.066866, 33.4609466 ], [ -112.06657180000002, 33.4609472 ], [ -112.066515, 33.4609473 ], [ -112.066213, 33.4609479 ] ] } },
{ "type": "Feature", "properties": { "name": null, "highway": "service" }, "geometry": { "type": "LineString", "coordinates": [ [ -112.0658467, 33.4606366 ], [ -112.0658438, 33.4603684 ] ] } },
{ "type": "Feature", "properties": { "name": "North 5th Place", "highway": "residential" }, "geometry": { "type": "LineString", "coordinates": [ [ -112.0656411, 33.4599583 ], [ -112.0656445, 33.4600654 ], [ -112.0656497, 33.4602009 ], [ -112.0656223, 33.4603142 ], [ -112.065578, 33.4604128 ], [ -112.0655114, 33.460498899999983 ], [ -112.0654706, 33.4605557 ], [ -112.0654512, 33.4605972 ], [ -112.065444, 33.4606366 ], [ -112.0654342, 33.4611363 ], [ -112.0654468, 33.4611922 ], [ -112.065468, 33.4612242 ], [ -112.065521, 33.4612644 ] ] } },
{ "type": "Feature", "properties": { "name": null, "highway": "footway" }, "geometry": { "type": "LineString", "coordinates": [ [ -112.0655037, 33.4611919 ], [ -112.0654907, 33.46117 ], [ -112.0654866, 33.4611446 ], [ -112.0654929, 33.460655 ], [ -112.065497, 33.4606366 ], [ -112.0655071, 33.4606023 ] ] } },
{ "type": "Feature", "properties": { "name": null, "highway": "service" }, "geometry": { "type": "LineString", "coordinates": [ [ -112.0660851, 33.4612821 ], [ -112.0660846, 33.461195 ], [ -112.0660845, 33.4611814 ], [ -112.0660823, 33.4606874 ], [ -112.065874600000015, 33.4606881 ], [ -112.0658769, 33.4611804 ], [ -112.065877, 33.4611939 ], [ -112.065877400000019, 33.461281099999987 ] ] } },
{ "type": "Feature", "properties": { "name": null, "highway": "footway" }, "geometry": { "type": "LineString", "coordinates": [ [ -112.0654927, 33.4611916 ], [ -112.0654468, 33.4611922 ], [ -112.0654034, 33.4611925 ] ] } },
{ "type": "Feature", "properties": { "name": null, "highway": "footway" }, "geometry": { "type": "LineString", "coordinates": [ [ -112.0654927, 33.4611916 ], [ -112.0655037, 33.4611919 ] ] } },
{ "type": "Feature", "properties": { "name": null, "highway": "footway" }, "geometry": { "type": "LineString", "coordinates": [ [ -112.0658355, 33.4611937 ], [ -112.0655037, 33.4611919 ] ] } },
{ "type": "Feature", "properties": { "name": null, "highway": "footway" }, "geometry": { "type": "LineString", "coordinates": [ [ -112.0659296, 33.4611942 ], [ -112.065877, 33.4611939 ], [ -112.0658355, 33.4611937 ] ] } },
{ "type": "Feature", "properties": { "name": null, "highway": "footway" }, "geometry": { "type": "LineString", "coordinates": [ [ -112.0660442, 33.4611948 ], [ -112.0659296, 33.4611942 ] ] } },
{ "type": "Feature", "properties": { "name": null, "highway": "footway" }, "geometry": { "type": "LineString", "coordinates": [ [ -112.0653749, 33.4611977 ], [ -112.0653849, 33.4612234 ], [ -112.0653973, 33.4612443 ], [ -112.065418100000016, 33.4612788 ], [ -112.0654402, 33.4613021 ], [ -112.0654577, 33.461319 ] ] } },
{ "type": "Feature", "properties": { "name": null, "highway": "footway" }, "geometry": { "type": "LineString", "coordinates": [ [ -112.0644475, 33.4586426 ], [ -112.064412, 33.4586475 ], [ -112.0643738, 33.4586474 ] ] } },
{ "type": "Feature", "properties": { "name": "East Roosevelt Street", "highway": "tertiary" }, "geometry": { "type": "LineString", "coordinates": [ [ -112.0648491, 33.4586667 ], [ -112.064815300000021, 33.4586673 ] ] } },
{ "type": "Feature", "properties": { "name": "East Roosevelt Street", "highway": "tertiary" }, "geometry": { "type": "LineString", "coordinates": [ [ -112.064815300000021, 33.4586673 ], [ -112.0645619, 33.4586789 ], [ -112.0644134, 33.4586857 ], [ -112.0643363, 33.4586857 ], [ -112.0639496, 33.4586859 ], [ -112.0636881, 33.458686 ], [ -112.0636337, 33.458686 ], [ -112.0635174, 33.4586857 ], [ -112.0634528, 33.4586856 ], [ -112.0628616, 33.4586854 ], [ -112.0628485, 33.4586853 ], [ -112.0628404, 33.4586853 ], [ -112.062452, 33.4586831 ], [ -112.0624127, 33.4586829 ], [ -112.0621746, 33.4586802 ], [ -112.062065, 33.4586785 ] ] } },
{ "type": "Feature", "properties": { "name": null, "highway": "footway" }, "geometry": { "type": "LineString", "coordinates": [ [ -112.0636855, 33.4587224 ], [ -112.0636881, 33.458686 ], [ -112.063690900000012, 33.4586469 ], [ -112.0636331, 33.4586488 ], [ -112.0635511, 33.4586515 ] ] } },
{ "type": "Feature", "properties": { "name": null, "highway": "footway" }, "geometry": { "type": "LineString", "coordinates": [ [ -112.0636855, 33.4587224 ], [ -112.0636851, 33.4587443 ] ] } },
{ "type": "Feature", "properties": { "name": null, "highway": "footway" }, "geometry": { "type": "LineString", "coordinates": [ [ -112.0635474, 33.4587444 ], [ -112.0634605, 33.4587445 ], [ -112.0634093, 33.4587444 ] ] } },
{ "type": "Feature", "properties": { "name": null, "highway": "footway" }, "geometry": { "type": "LineString", "coordinates": [ [ -112.065065, 33.458746799999986 ], [ -112.0650256, 33.4587306 ], [ -112.0648455, 33.4587326 ], [ -112.0643339, 33.4587298 ], [ -112.0639511, 33.4587278 ], [ -112.0638128, 33.458727 ], [ -112.0637658, 33.4587443 ], [ -112.0636851, 33.4587443 ], [ -112.0635474, 33.4587444 ] ] } },
{ "type": "Feature", "properties": { "name": null, "highway": "service" }, "geometry": { "type": "LineString", "coordinates": [ [ -112.0643285, 33.4588757 ], [ -112.0643318, 33.4587877 ], [ -112.0643339, 33.4587298 ], [ -112.0643363, 33.4586857 ] ] } },
{ "type": "Feature", "properties": { "name": null, "highway": "service" }, "geometry": { "type": "LineString", "coordinates": [ [ -112.0639496, 33.4586859 ], [ -112.0639511, 33.4587278 ], [ -112.06395, 33.4587869 ], [ -112.0639511, 33.4588792 ], [ -112.0639511, 33.4590501 ], [ -112.0639511, 33.4591941 ] ] } },
{ "type": "Feature", "properties": { "name": null, "highway": "service" }, "geometry": { "type": "LineString", "coordinates": [ [ -112.0639511, 33.4590501 ], [ -112.064364, 33.4590514 ], [ -112.064364, 33.45887530000001 ], [ -112.0643285, 33.4588757 ], [ -112.0639511, 33.4588792 ] ] } },
{ "type": "Feature", "properties": { "name": null, "highway": "footway" }, "geometry": { "type": "LineString", "coordinates": [ [ -112.0608862, 33.45872640000001 ], [ -112.06081, 33.4587257 ], [ -112.0607158, 33.458725 ] ] } },
{ "type": "Feature", "properties": { "name": null, "highway": "footway" }, "geometry": { "type": "LineString", "coordinates": [ [ -112.0608862, 33.45872640000001 ], [ -112.060917700000019, 33.4587267 ] ] } },
{ "type": "Feature", "properties": { "name": null, "highway": "footway" }, "geometry": { "type": "LineString", "coordinates": [ [ -112.061958, 33.4587288 ], [ -112.061592800000014, 33.4587281 ], [ -112.060917700000019, 33.4587267 ] ] } },
{ "type": "Feature", "properties": { "name": null, "highway": "footway" }, "geometry": { "type": "LineString", "coordinates": [ [ -112.0619966, 33.4587255 ], [ -112.061958, 33.4587288 ] ] } },
{ "type": "Feature", "properties": { "name": null, "highway": "service" }, "geometry": { "type": "LineString", "coordinates": [ [ -112.0615952, 33.4588359 ], [ -112.061592800000014, 33.4587281 ], [ -112.061592, 33.4586741 ] ] } },
{ "type": "Feature", "properties": { "name": null, "highway": "footway" }, "geometry": { "type": "LineString", "coordinates": [ [ -112.060917700000019, 33.4587267 ], [ -112.0609082, 33.4598366 ], [ -112.0619553, 33.4598395 ] ] } },
{ "type": "Feature", "properties": { "name": null, "highway": "footway" }, "geometry": { "type": "LineString", "coordinates": [ [ -112.061958, 33.4587288 ], [ -112.061957300000017, 33.4594387 ], [ -112.0619553, 33.4598395 ] ] } },
{ "type": "Feature", "properties": { "name": null, "highway": "service" }, "geometry": { "type": "LineString", "coordinates": [ [ -112.0620587, 33.4594394 ], [ -112.061957300000017, 33.4594387 ], [ -112.0616703, 33.4594368 ], [ -112.0616285, 33.4594441 ], [ -112.061601, 33.4594685 ], [ -112.0615898, 33.4595086 ] ] } },
{ "type": "Feature", "properties": { "name": null, "highway": "footway" }, "geometry": { "type": "LineString", "coordinates": [ [ -112.0621202, 33.4598357 ], [ -112.0620539, 33.4598377 ], [ -112.0620048, 33.4598392 ] ] } },
{ "type": "Feature", "properties": { "name": null, "highway": "footway" }, "geometry": { "type": "LineString", "coordinates": [ [ -112.0609092, 33.4598862 ], [ -112.0609082, 33.4598366 ], [ -112.0608754, 33.4598365 ] ] } },
{ "type": "Feature", "properties": { "name": null, "highway": "service" }, "geometry": { "type": "LineString", "coordinates": [ [ -112.0651564, 33.4590838 ], [ -112.0650755, 33.4590843 ], [ -112.0649964, 33.4590847 ], [ -112.0645875, 33.4590868 ] ] } },
{ "type": "Feature", "properties": { "name": null, "highway": "footway" }, "geometry": { "type": "LineString", "coordinates": [ [ -112.0621764, 33.4587433 ], [ -112.062169, 33.45912 ], [ -112.0621672, 33.459836 ], [ -112.0626579, 33.4598384 ], [ -112.0631202, 33.459840599999985 ], [ -112.0635735, 33.459844 ], [ -112.063795, 33.4598457 ], [ -112.0642249, 33.4598445 ], [ -112.064687100000015, 33.4598432 ], [ -112.0649378, 33.4598425 ], [ -112.0649975, 33.45984940000001 ], [ -112.065013400000012, 33.459849099999985 ] ] } },
{ "type": "Feature", "properties": { "name": null, "highway": "service" }, "geometry": { "type": "LineString", "coordinates": [ [ -112.0644454, 33.459479 ], [ -112.0642242, 33.4594792 ], [ -112.0635724, 33.4594798 ], [ -112.0633903, 33.45948 ] ] } },
{ "type": "Feature", "properties": { "name": null, "highway": "service" }, "geometry": { "type": "LineString", "coordinates": [ [ -112.0635724, 33.4594798 ], [ -112.0635735, 33.459844 ], [ -112.0635738, 33.4599413 ] ] } },
{ "type": "Feature", "properties": { "name": null, "highway": "service" }, "geometry": { "type": "LineString", "coordinates": [ [ -112.0642242, 33.4594792 ], [ -112.0642249, 33.4598445 ], [ -112.0642251, 33.4599464 ] ] } },
{ "type": "Feature", "properties": { "name": null, "highway": "service" }, "geometry": { "type": "LineString", "coordinates": [ [ -112.0651378, 33.4597689 ], [ -112.0650241, 33.459767 ], [ -112.0646876, 33.459761199999988 ], [ -112.064687100000015, 33.4598432 ], [ -112.0646865, 33.4599441 ] ] } },
{ "type": "Feature", "properties": { "name": null, "highway": "service" }, "geometry": { "type": "LineString", "coordinates": [ [ -112.0648276, 33.4600989 ], [ -112.0648269, 33.4600396 ], [ -112.0648269, 33.4599441 ] ] } },
{ "type": "Feature", "properties": { "name": null, "highway": "footway" }, "geometry": { "type": "LineString", "coordinates": [ [ -112.0646153, 33.4600367 ], [ -112.0645681, 33.460036799999983 ], [ -112.0645265, 33.4600369 ] ] } },
{ "type": "Feature", "properties": { "name": null, "highway": "footway" }, "geometry": { "type": "LineString", "coordinates": [ [ -112.0646231, 33.4600399 ], [ -112.0646153, 33.4600367 ] ] } },
{ "type": "Feature", "properties": { "name": null, "highway": "footway" }, "geometry": { "type": "LineString", "coordinates": [ [ -112.0645265, 33.4600369 ], [ -112.0645207, 33.460043 ] ] } },
{ "type": "Feature", "properties": { "name": null, "highway": "footway" }, "geometry": { "type": "LineString", "coordinates": [ [ -112.0624692, 33.4587418 ], [ -112.062411400000016, 33.4587416 ], [ -112.0623527, 33.4587421 ] ] } },
{ "type": "Feature", "properties": { "name": null, "highway": "footway" }, "geometry": { "type": "LineString", "coordinates": [ [ -112.0634093, 33.4587444 ], [ -112.0624692, 33.4587418 ] ] } },
{ "type": "Feature", "properties": { "name": null, "highway": "service" }, "geometry": { "type": "LineString", "coordinates": [ [ -112.0634528, 33.4586856 ], [ -112.0634605, 33.4587445 ], [ -112.0634676, 33.4587898 ], [ -112.0634855, 33.4588315 ], [ -112.0634903, 33.4588581 ], [ -112.0635114, 33.4589629 ], [ -112.063559500000011, 33.4589956 ], [ -112.0635701, 33.4591927 ], [ -112.0635383, 33.4592266 ], [ -112.0631589, 33.4592187 ], [ -112.0629853, 33.4592151 ], [ -112.0629441, 33.4591992 ], [ -112.0629311, 33.4591653 ], [ -112.0629199, 33.4590286 ], [ -112.0629001, 33.4590019 ], [ -112.0628604, 33.4589789 ], [ -112.0624764, 33.4589652 ], [ -112.0624281, 33.4589343 ], [ -112.06241, 33.4589055 ], [ -112.0624117, 33.4587816 ] ] } },
{ "type": "Feature", "properties": { "name": null, "highway": "service" }, "geometry": { "type": "LineString", "coordinates": [ [ -112.062063800000018, 33.4591191 ], [ -112.062169, 33.45912 ], [ -112.0623987, 33.4591219 ], [ -112.0626665, 33.4591092 ], [ -112.0626579, 33.4598384 ], [ -112.0626567, 33.4599395 ] ] } },
{ "type": "Feature", "properties": { "name": null, "highway": "footway" }, "geometry": { "type": "LineString", "coordinates": [ [ -112.0621707, 33.459893799999989 ], [ -112.0621672, 33.459836 ], [ -112.0621202, 33.4598357 ] ] } },
{ "type": "Feature", "properties": { "name": null, "highway": "footway" }, "geometry": { "type": "LineString", "coordinates": [ [ -112.0621731, 33.4599877 ], [ -112.0621719, 33.4599406 ], [ -112.0621707, 33.459893799999989 ] ] } },
{ "type": "Feature", "properties": { "name": null, "highway": "footway" }, "geometry": { "type": "LineString", "coordinates": [ [ -112.06212, 33.4600369 ], [ -112.0621726, 33.4600367 ], [ -112.0621731, 33.4599877 ] ] } },
{ "type": "Feature", "properties": { "name": null, "highway": "service" }, "geometry": { "type": "LineString", "coordinates": [ [ -112.063150800000017, 33.4599396 ], [ -112.063150800000017, 33.4600381 ], [ -112.063150800000017, 33.4605158 ] ] } },
{ "type": "Feature", "properties": { "name": null, "highway": "service" }, "geometry": { "type": "LineString", "coordinates": [ [ -112.0634458, 33.460518 ], [ -112.063150800000017, 33.4605158 ], [ -112.0621732, 33.4605108 ], [ -112.0620519, 33.4605102 ] ] } },
{ "type": "Feature", "properties": { "name": null, "highway": "footway" }, "geometry": { "type": "MultiLineString", "coordinates": [ [ [ -112.06217, 33.4611838 ], [ -112.06217, 33.4611782 ], [ -112.062173500000014, 33.4607191 ], [ -112.0621732, 33.4605108 ], [ -112.0621726, 33.4600367 ], [ -112.0628273, 33.4600376 ], [ -112.063150800000017, 33.4600381 ], [ -112.0639438, 33.460039299999984 ], [ -112.0643082, 33.4600405 ], [ -112.0645108, 33.4600411 ], [ -112.0645207, 33.460043 ], [ -112.0645201, 33.460134 ], [ -112.0645159, 33.4606448 ], [ -112.0645146, 33.4609095 ], [ -112.0645172, 33.4609845 ], [ -112.0645171, 33.4610911 ], [ -112.0645187, 33.4611122 ], [ -112.0645165, 33.4611335 ], [ -112.0645083, 33.4611587 ], [ -112.0644994, 33.4611767 ], [ -112.0644895, 33.4611848 ], [ -112.064469700000018, 33.461189699999984 ], [ -112.0638724, 33.4611879 ], [ -112.0632889, 33.4611873 ], [ -112.0627037, 33.4611867 ], [ -112.06217, 33.4611838 ] ], [ [ -112.06217, 33.4611838 ], [ -112.0621146, 33.4611835 ] ] ] } },
{ "type": "Feature", "properties": { "name": null, "highway": "footway" }, "geometry": { "type": "LineString", "coordinates": [ [ -112.061956, 33.459891 ], [ -112.0619553, 33.4598395 ], [ -112.0620048, 33.4598392 ] ] } },
{ "type": "Feature", "properties": { "name": null, "highway": "footway" }, "geometry": { "type": "LineString", "coordinates": [ [ -112.0609083, 33.4599876 ], [ -112.0609087, 33.4599427 ], [ -112.0609092, 33.4598862 ] ] } },
{ "type": "Feature", "properties": { "name": null, "highway": "footway" }, "geometry": { "type": "LineString", "coordinates": [ [ -112.0619554, 33.4599899 ], [ -112.061955700000013, 33.4599411 ], [ -112.061956, 33.459891 ] ] } },
{ "type": "Feature", "properties": { "name": null, "highway": "footway" }, "geometry": { "type": "LineString", "coordinates": [ [ -112.0608755, 33.4600333 ], [ -112.0609055, 33.4600327 ], [ -112.0609083, 33.4599876 ] ] } },
{ "type": "Feature", "properties": { "name": null, "highway": "footway" }, "geometry": { "type": "LineString", "coordinates": [ [ -112.062001, 33.4600353 ], [ -112.061954500000013, 33.4600355 ], [ -112.0619554, 33.4599899 ] ] } },
{ "type": "Feature", "properties": { "name": null, "highway": "footway" }, "geometry": { "type": "LineString", "coordinates": [ [ -112.062001, 33.4600353 ], [ -112.0620525, 33.460036 ], [ -112.06212, 33.4600369 ] ] } },
{ "type": "Feature", "properties": { "name": null, "highway": "footway" }, "geometry": { "type": "LineString", "coordinates": [ [ -112.0608965, 33.4611609 ], [ -112.0609055, 33.4600327 ], [ -112.0617498, 33.4600361 ], [ -112.061954500000013, 33.4600355 ], [ -112.0619495, 33.4608129 ], [ -112.0619483, 33.4611638 ], [ -112.0608965, 33.4611609 ] ] } },
{ "type": "Feature", "properties": { "name": null, "highway": "footway" }, "geometry": { "type": "LineString", "coordinates": [ [ -112.0608965, 33.4611609 ], [ -112.0608684, 33.4611615 ] ] } },
{ "type": "Feature", "properties": { "name": null, "highway": "footway" }, "geometry": { "type": "LineString", "coordinates": [ [ -112.0619483, 33.4611638 ], [ -112.0619932, 33.4611639 ] ] } },
{ "type": "Feature", "properties": { "name": null, "highway": "footway" }, "geometry": { "type": "LineString", "coordinates": [ [ -112.0608955, 33.4612051 ], [ -112.0608965, 33.4611609 ] ] } },
{ "type": "Feature", "properties": { "name": null, "highway": "service" }, "geometry": { "type": "LineString", "coordinates": [ [ -112.0647716, 33.4601245 ], [ -112.0647709, 33.4601004 ] ] } },
{ "type": "Feature", "properties": { "name": null, "highway": "service" }, "geometry": { "type": "LineString", "coordinates": [ [ -112.0648799, 33.4601242 ], [ -112.064880800000012, 33.4600998 ] ] } },
{ "type": "Feature", "properties": { "name": null, "highway": "service" }, "geometry": { "type": "LineString", "coordinates": [ [ -112.0647718, 33.4601947 ], [ -112.0647716, 33.4601245 ] ] } },
{ "type": "Feature", "properties": { "name": null, "highway": "service" }, "geometry": { "type": "LineString", "coordinates": [ [ -112.0648807, 33.4601944 ], [ -112.0648799, 33.4601242 ] ] } },
{ "type": "Feature", "properties": { "name": null, "highway": "service" }, "geometry": { "type": "MultiLineString", "coordinates": [ [ [ -112.0651246, 33.4601933 ], [ -112.0650117, 33.460191 ], [ -112.0649699, 33.4601899 ] ], [ [ -112.0649699, 33.4601899 ], [ -112.0649671, 33.460243 ], [ -112.0648801, 33.460243 ], [ -112.0647718, 33.460243 ], [ -112.0646868, 33.460243 ], [ -112.0646896, 33.4601025 ], [ -112.0647709, 33.4601004 ], [ -112.0648276, 33.4600989 ], [ -112.064880800000012, 33.4600998 ], [ -112.0649699, 33.4601013 ], [ -112.0649699, 33.4601899 ] ] ] } },
{ "type": "Feature", "properties": { "name": null, "highway": "service" }, "geometry": { "type": "LineString", "coordinates": [ [ -112.0647718, 33.460243 ], [ -112.0647718, 33.4601947 ] ] } },
{ "type": "Feature", "properties": { "name": null, "highway": "service" }, "geometry": { "type": "LineString", "coordinates": [ [ -112.0648801, 33.460243 ], [ -112.0648807, 33.4601944 ] ] } },
{ "type": "Feature", "properties": { "name": null, "highway": "service" }, "geometry": { "type": "LineString", "coordinates": [ [ -112.0643077, 33.4599468 ], [ -112.0643082, 33.4600405 ], [ -112.064311, 33.460571 ] ] } },
{ "type": "Feature", "properties": { "name": "North 7th Place", "highway": "residential" }, "geometry": { "type": "LineString", "coordinates": [ [ -112.0645683, 33.4599454 ], [ -112.0645681, 33.460036799999983 ], [ -112.0645662, 33.4611348 ], [ -112.0645661, 33.4611642 ], [ -112.0645563, 33.4611873 ], [ -112.064548, 33.461206799999978 ], [ -112.0645239, 33.4612397 ] ] } },
{ "type": "Feature", "properties": { "name": null, "highway": "footway" }, "geometry": { "type": "LineString", "coordinates": [ [ -112.064618800000019, 33.4600832 ], [ -112.0646231, 33.4600399 ], [ -112.0647419, 33.4600399 ], [ -112.0648269, 33.4600396 ], [ -112.0649817, 33.460039 ], [ -112.0650042, 33.4600346 ], [ -112.0650107, 33.4600452 ], [ -112.0650133, 33.460136 ], [ -112.0650117, 33.460191 ], [ -112.0650085, 33.4603023 ], [ -112.0650015, 33.460524899999989 ], [ -112.064996, 33.4607265 ], [ -112.064994, 33.4608345 ], [ -112.06499, 33.4609694 ], [ -112.064988500000013, 33.4610631 ], [ -112.0649787, 33.4611153 ], [ -112.0649692, 33.4611506 ], [ -112.0649565, 33.4611801 ], [ -112.0649342, 33.4612188 ], [ -112.0649215, 33.461218 ], [ -112.0648665, 33.4611885 ], [ -112.0646226, 33.4611866 ], [ -112.0646012, 33.4611836 ] ] } },
{ "type": "Feature", "properties": { "name": null, "highway": "motorway_link" }, "geometry": { "type": "LineString", "coordinates": [ [ -112.0651113, 33.4607326 ], [ -112.065051, 33.4608611 ], [ -112.0650302, 33.460970499999988 ], [ -112.0650253, 33.4610767 ], [ -112.065010200000017, 33.461171399999984 ], [ -112.0649605, 33.4612666 ], [ -112.0648547, 33.4613592 ], [ -112.0647484, 33.4614182 ], [ -112.0646426, 33.4614552 ], [ -112.0645463, 33.4614712 ], [ -112.0644036, 33.4614771 ], [ -112.0642817, 33.4614822 ], [ -112.0640051, 33.461491399999986 ], [ -112.0638684, 33.461518 ] ] } },
{ "type": "Feature", "properties": { "name": null, "highway": "footway" }, "geometry": { "type": "LineString", "coordinates": [ [ -112.0646012, 33.4611836 ], [ -112.0645563, 33.4611873 ], [ -112.0644957, 33.4611923 ] ] } },
{ "type": "Feature", "properties": { "name": null, "highway": "footway" }, "geometry": { "type": "LineString", "coordinates": [ [ -112.0644957, 33.4611923 ], [ -112.0644895, 33.4611848 ] ] } },
{ "type": "Feature", "properties": { "name": null, "highway": "footway" }, "geometry": { "type": "LineString", "coordinates": [ [ -112.0649342, 33.4612188 ], [ -112.0649417, 33.46122780000001 ] ] } },
{ "type": "Feature", "properties": { "name": null, "highway": "footway" }, "geometry": { "type": "LineString", "coordinates": [ [ -112.0649342, 33.4612188 ], [ -112.0648996, 33.4612677 ] ] } },
{ "type": "Feature", "properties": { "name": null, "highway": "motorway_link" }, "geometry": { "type": "LineString", "coordinates": [ [ -112.0647926, 33.4618294 ], [ -112.0647202, 33.461769 ], [ -112.0646303, 33.4617086 ], [ -112.0645089, 33.4616463 ], [ -112.0643863, 33.461597599999983 ], [ -112.064273, 33.4615615 ], [ -112.0641423, 33.4615343 ], [ -112.063997500000013, 33.4615177 ], [ -112.0638684, 33.461518 ] ] } },
{ "type": "Feature", "properties": { "name": "Papago Freeway", "highway": "motorway" }, "geometry": { "type": "LineString", "coordinates": [ [ -112.0665452, 33.4621324 ], [ -112.0662498, 33.462109 ], [ -112.0648726, 33.4619994 ], [ -112.0640395, 33.4619345 ], [ -112.0632137, 33.4618725 ], [ -112.0623735, 33.4618137 ], [ -112.0617753, 33.4617689 ], [ -112.06095670000002, 33.4617401 ] ] } },
{ "type": "Feature", "properties": { "name": null, "highway": "motorway_link" }, "geometry": { "type": "LineString", "coordinates": [ [ -112.0650788, 33.4621007 ], [ -112.0650257, 33.4620456 ], [ -112.0649636, 33.4619863 ], [ -112.0648685, 33.4618956 ], [ -112.0647926, 33.4618294 ] ] } },
{ "type": "Feature", "properties": { "name": null, "highway": "motorway_link" }, "geometry": { "type": "LineString", "coordinates": [ [ -112.0676822, 33.4623747 ], [ -112.0669753, 33.462330700000017 ], [ -112.0662453, 33.4622653 ], [ -112.064862300000016, 33.4621482 ], [ -112.0640337, 33.4620652 ], [ -112.063239200000012, 33.4619956 ], [ -112.0623612, 33.4619021 ], [ -112.0617271, 33.4618466 ], [ -112.06095670000002, 33.4617401 ] ] } },
{ "type": "Feature", "properties": { "name": null, "highway": "footway" }, "geometry": { "type": "LineString", "coordinates": [ [ -112.0649264, 33.4620584 ], [ -112.0649233, 33.4620689 ], [ -112.0649315, 33.4620812 ], [ -112.064945900000012, 33.462103 ], [ -112.0649618, 33.4621336 ], [ -112.0649679, 33.462150200000011 ], [ -112.064974, 33.4621733 ], [ -112.0649779, 33.4621985 ], [ -112.0649769, 33.4622142 ], [ -112.0649746, 33.4622312 ] ] } },
{ "type": "Feature", "properties": { "name": null, "highway": "service" }, "geometry": { "type": "LineString", "coordinates": [ [ -112.0632889, 33.4612622 ], [ -112.0632889, 33.4611873 ], [ -112.0632887, 33.4606869 ], [ -112.06287110000001, 33.4606863 ] ] } },
{ "type": "Feature", "properties": { "name": null, "highway": "motorway_link" }, "geometry": { "type": "LineString", "coordinates": [ [ -112.0638684, 33.461518 ], [ -112.0624693, 33.4615533 ] ] } },
{ "type": "Feature", "properties": { "name": null, "highway": "motorway_link" }, "geometry": { "type": "LineString", "coordinates": [ [ -112.0623, 33.4624382 ], [ -112.0623239, 33.4624423 ], [ -112.0631075, 33.4625836 ] ] } },
{ "type": "Feature", "properties": { "name": null, "highway": "service" }, "geometry": { "type": "LineString", "coordinates": [ [ -112.0625657, 33.463042699999988 ], [ -112.0621136, 33.463035799999986 ] ] } },
{ "type": "Feature", "properties": { "name": null, "highway": "service" }, "geometry": { "type": "LineString", "coordinates": [ [ -112.0621136, 33.4628738 ], [ -112.0621578, 33.462868 ], [ -112.062566100000012, 33.4628754 ], [ -112.0625657, 33.463042699999988 ], [ -112.0625652, 33.46322820000001 ], [ -112.0625648, 33.4633904 ], [ -112.0621, 33.4633925 ] ] } },
{ "type": "Feature", "properties": { "name": null, "highway": "service" }, "geometry": { "type": "LineString", "coordinates": [ [ -112.062903700000021, 33.463453199999989 ], [ -112.0628179, 33.4634519 ], [ -112.06276, 33.4634426 ], [ -112.0627205, 33.4634138 ], [ -112.0627069, 33.4633922 ], [ -112.062718, 33.4629291 ], [ -112.062735300000014, 33.4629127 ], [ -112.0627748, 33.4629075 ], [ -112.0629172, 33.4629157 ] ] } },
{ "type": "Feature", "properties": { "name": null, "highway": "service" }, "geometry": { "type": "LineString", "coordinates": [ [ -112.0625652, 33.46322820000001 ], [ -112.06212, 33.4632214 ] ] } },
{ "type": "Feature", "properties": { "name": null, "highway": "service" }, "geometry": { "type": "LineString", "coordinates": [ [ -112.0629172, 33.4629157 ], [ -112.0629088, 33.4632326 ], [ -112.062905700000016, 33.4633269 ], [ -112.062903700000021, 33.463453199999989 ], [ -112.0629032, 33.4635558 ], [ -112.0629028, 33.4636406 ] ] } },
{ "type": "Feature", "properties": { "name": null, "highway": "service" }, "geometry": { "type": "LineString", "coordinates": [ [ -112.0637264, 33.463695 ], [ -112.0637533, 33.4636253 ], [ -112.0637775, 33.4635625 ], [ -112.0637948, 33.4634555 ], [ -112.0637933, 33.463335299999983 ], [ -112.0637876, 33.4631069 ], [ -112.0637602, 33.4630263 ], [ -112.0636953, 33.4629831 ], [ -112.0635628, 33.4629554 ], [ -112.0631118, 33.4628917 ], [ -112.0629936, 33.4628893 ], [ -112.0629172, 33.4629157 ] ] } },
{ "type": "Feature", "properties": { "name": null, "highway": "footway" }, "geometry": { "type": "LineString", "coordinates": [ [ -112.0630138, 33.4635906 ], [ -112.0630154, 33.4635598 ] ] } },
{ "type": "Feature", "properties": { "name": null, "highway": "footway" }, "geometry": { "type": "LineString", "coordinates": [ [ -112.0619932, 33.4611639 ], [ -112.0620601, 33.4611747 ], [ -112.0621146, 33.4611835 ] ] } },
{ "type": "Feature", "properties": { "name": null, "highway": "footway" }, "geometry": { "type": "LineString", "coordinates": [ [ -112.0609038, 33.4613046 ], [ -112.0609015, 33.4612606 ], [ -112.0608955, 33.4612051 ] ] } },
{ "type": "Feature", "properties": { "name": "East Moreland Street", "highway": "residential" }, "geometry": { "type": "LineString", "coordinates": [ [ -112.0645239, 33.4612397 ], [ -112.0644845, 33.4612593 ], [ -112.0644242, 33.4612732 ], [ -112.0633977, 33.4612627 ], [ -112.0632889, 33.4612622 ], [ -112.0620611, 33.4612571 ], [ -112.0615317, 33.4612604 ], [ -112.0609015, 33.4612606 ], [ -112.0608031, 33.4612612 ], [ -112.0606827, 33.4612616 ], [ -112.0600466, 33.4612581 ], [ -112.0589304, 33.46125 ] ] } },
{ "type": "Feature", "properties": { "name": null, "highway": "motorway_link" }, "geometry": { "type": "LineString", "coordinates": [ [ -112.0624693, 33.4615533 ], [ -112.0623584, 33.461558799999978 ], [ -112.0616695, 33.4615852 ], [ -112.0609492, 33.4616282 ], [ -112.0600781, 33.4617042 ] ] } },
{ "type": "Feature", "properties": { "name": null, "highway": "service" }, "geometry": { "type": "LineString", "coordinates": [ [ -112.0612471, 33.4628455 ], [ -112.0613646, 33.4628301 ], [ -112.0614416, 33.462769 ], [ -112.061472, 33.4627511 ], [ -112.0614965, 33.4627404 ], [ -112.0615392, 33.462728099999985 ], [ -112.0615864, 33.4627223 ], [ -112.0616735, 33.4627318 ], [ -112.0618288, 33.4627283 ], [ -112.06192, 33.4627412 ], [ -112.0620118, 33.4627504 ], [ -112.0620605, 33.4627688 ], [ -112.0620845, 33.4627971 ], [ -112.0621018, 33.462846 ], [ -112.0621136, 33.4628738 ] ] } },
{ "type": "Feature", "properties": { "name": null, "highway": "service" }, "geometry": { "type": "LineString", "coordinates": [ [ -112.0610241, 33.4630919 ], [ -112.0612478, 33.4630914 ], [ -112.0612471, 33.4628455 ], [ -112.0612467, 33.4627243 ], [ -112.0610229, 33.4627248 ], [ -112.0610241, 33.4630919 ] ] } },
{ "type": "Feature", "properties": { "name": null, "highway": "footway" }, "geometry": { "type": "LineString", "coordinates": [ [ -112.060787100000013, 33.4624821 ], [ -112.0608373, 33.4625214 ], [ -112.0608571, 33.4625421 ], [ -112.0608693, 33.4625804 ], [ -112.0608693, 33.4626628 ], [ -112.0608696, 33.4628193 ], [ -112.0608825, 33.4628208 ], [ -112.0608867, 33.4628333 ], [ -112.0608893, 33.4628808 ], [ -112.0608879, 33.4630911 ], [ -112.0608877, 33.4631292 ], [ -112.0608834, 33.4635167 ], [ -112.0608837, 33.4635503 ], [ -112.0616946, 33.4635515 ], [ -112.0619304, 33.4635526 ], [ -112.0619285, 33.463511199999985 ], [ -112.061932400000018, 33.4634781 ] ] } },
{ "type": "Feature", "properties": { "name": null, "highway": "service" }, "geometry": { "type": "LineString", "coordinates": [ [ -112.0607803, 33.4630905 ], [ -112.0608879, 33.4630911 ], [ -112.0610241, 33.4630919 ] ] } },
{ "type": "Feature", "properties": { "name": null, "highway": "service" }, "geometry": { "type": "LineString", "coordinates": [ [ -112.0621136, 33.4628738 ], [ -112.0621136, 33.463035799999986 ], [ -112.06212, 33.4632214 ], [ -112.062125300000019, 33.4632861 ], [ -112.0621176, 33.4633581 ], [ -112.0621, 33.4633925 ], [ -112.0620718, 33.4634225 ], [ -112.0620483, 33.4634617 ], [ -112.062040900000014, 33.4634954 ], [ -112.0620393, 33.4635643 ], [ -112.0620385, 33.4636355 ] ] } },
{ "type": "Feature", "properties": { "name": null, "highway": "footway" }, "geometry": { "type": "LineString", "coordinates": [ [ -112.0619304, 33.4635526 ], [ -112.0619493, 33.4635532 ], [ -112.0619564, 33.4635562 ], [ -112.0619679, 33.4635624 ] ] } },
{ "type": "Feature", "properties": { "name": null, "highway": "motorway_link" }, "geometry": { "type": "LineString", "coordinates": [ [ -112.0609673, 33.462112 ], [ -112.061709, 33.462048099999983 ], [ -112.0623387, 33.4620641 ], [ -112.0632264, 33.4621314 ], [ -112.0640285, 33.4621808 ], [ -112.0648566, 33.462232 ], [ -112.0662438, 33.4623226 ], [ -112.0669716, 33.4623858 ], [ -112.067682, 33.4624222 ] ] } },
{ "type": "Feature", "properties": { "name": null, "highway": "footway" }, "geometry": { "type": "LineString", "coordinates": [ [ -112.0649663, 33.4622521 ], [ -112.064953, 33.4622783 ], [ -112.0649373, 33.462297899999989 ], [ -112.0649245, 33.4623135 ], [ -112.0649312, 33.462325199999988 ] ] } },
{ "type": "Feature", "properties": { "name": null, "highway": "footway" }, "geometry": { "type": "LineString", "coordinates": [ [ -112.0649312, 33.462325199999988 ], [ -112.0649535, 33.4623889 ], [ -112.0649693, 33.4624341 ] ] } },
{ "type": "Feature", "properties": { "name": null, "highway": "motorway_link" }, "geometry": { "type": "LineString", "coordinates": [ [ -112.0647481, 33.4625321 ], [ -112.0648533, 33.4624654 ], [ -112.064910500000011, 33.4624235 ], [ -112.0649535, 33.4623889 ], [ -112.0650292, 33.4623281 ], [ -112.0650748, 33.462280399999983 ] ] } },
{ "type": "Feature", "properties": { "name": null, "highway": "motorway_link" }, "geometry": { "type": "LineString", "coordinates": [ [ -112.063678, 33.4626872 ], [ -112.0638798, 33.4626989 ], [ -112.0639707, 33.462704 ], [ -112.0640607, 33.4627073 ], [ -112.064161, 33.4627079 ], [ -112.0642485, 33.4627021 ], [ -112.0643384, 33.4626875 ], [ -112.0644248, 33.462667 ], [ -112.0645334, 33.4626329 ], [ -112.0646203, 33.4625944 ], [ -112.0646898, 33.4625628 ], [ -112.0647481, 33.4625321 ] ] } },
{ "type": "Feature", "properties": { "name": null, "highway": "motorway_link" }, "geometry": { "type": "LineString", "coordinates": [ [ -112.0631075, 33.4625836 ], [ -112.063678, 33.4626872 ] ] } },
{ "type": "Feature", "properties": { "name": null, "highway": "footway" }, "geometry": { "type": "LineString", "coordinates": [ [ -112.0649693, 33.4624341 ], [ -112.0649637, 33.462618 ], [ -112.0649553, 33.4630116 ] ] } },
{ "type": "Feature", "properties": { "name": null, "highway": "motorway_link" }, "geometry": { "type": "LineString", "coordinates": [ [ -112.063678, 33.4626872 ], [ -112.0638633, 33.4627342 ], [ -112.0640792, 33.4627761 ], [ -112.0642941, 33.4628141 ], [ -112.0645299, 33.4628559 ], [ -112.0646459, 33.4628832 ], [ -112.0647569, 33.4629228 ], [ -112.0648328, 33.4629706 ], [ -112.0648822, 33.4630173 ], [ -112.0649032, 33.4630448 ], [ -112.0649139, 33.4630608 ] ] } },
{ "type": "Feature", "properties": { "name": null, "highway": "footway" }, "geometry": { "type": "LineString", "coordinates": [ [ -112.0649553, 33.4630116 ], [ -112.0649032, 33.4630448 ], [ -112.0648676, 33.4630675 ] ] } },
{ "type": "Feature", "properties": { "name": null, "highway": "footway" }, "geometry": { "type": "LineString", "coordinates": [ [ -112.0648676, 33.4630675 ], [ -112.0648585, 33.4630727 ] ] } },
{ "type": "Feature", "properties": { "name": null, "highway": "primary_link" }, "geometry": { "type": "LineString", "coordinates": [ [ -112.0653092, 33.4603644 ], [ -112.065250500000019, 33.4602626 ], [ -112.0652392, 33.4600715 ], [ -112.065205100000014, 33.4600104 ], [ -112.0651316, 33.4599483 ] ] } },
{ "type": "Feature", "properties": { "name": "North 7th Street", "highway": "primary" }, "geometry": { "type": "LineString", "coordinates": [ [ -112.0653092, 33.4603644 ], [ -112.0653194, 33.4599564 ] ] } },
{ "type": "Feature", "properties": { "name": "North 7th Street", "highway": "primary" }, "geometry": { "type": "LineString", "coordinates": [ [ -112.0651316, 33.4599483 ], [ -112.0651246, 33.4601933 ], [ -112.06512, 33.4603565 ], [ -112.0651205, 33.4603778 ] ] } },
{ "type": "Feature", "properties": { "name": "North 7th Street", "highway": "primary" }, "geometry": { "type": "LineString", "coordinates": [ [ -112.0651205, 33.4603778 ], [ -112.0651113, 33.4607326 ] ] } },
{ "type": "Feature", "properties": { "name": null, "highway": "footway" }, "geometry": { "type": "LineString", "coordinates": [ [ -112.06538590000001, 33.4600644 ], [ -112.0653834, 33.4600815 ], [ -112.065361, 33.4611334 ], [ -112.0653641, 33.4611636 ], [ -112.0653749, 33.4611977 ], [ -112.0654034, 33.4611925 ] ] } },
{ "type": "Feature", "properties": { "name": "North 7th Street", "highway": "primary" }, "geometry": { "type": "LineString", "coordinates": [ [ -112.0652909, 33.4612153 ], [ -112.0653007, 33.4609699 ], [ -112.0653092, 33.4603644 ] ] } },
{ "type": "Feature", "properties": { "name": "North 7th Street", "highway": "primary" }, "geometry": { "type": "LineString", "coordinates": [ [ -112.0651113, 33.4607326 ], [ -112.0650948, 33.4612295 ] ] } },
{ "type": "Feature", "properties": { "name": null, "highway": "footway" }, "geometry": { "type": "LineString", "coordinates": [ [ -112.0649417, 33.46122780000001 ], [ -112.0649605, 33.4612666 ], [ -112.0649932, 33.4613339 ] ] } },
{ "type": "Feature", "properties": { "name": "North 7th Street", "highway": "primary" }, "geometry": { "type": "LineString", "coordinates": [ [ -112.0652833, 33.4618826 ], [ -112.0652892, 33.4613928 ], [ -112.0652909, 33.4612153 ] ] } },
{ "type": "Feature", "properties": { "name": "North 7th Street", "highway": "primary" }, "geometry": { "type": "LineString", "coordinates": [ [ -112.0650948, 33.4612295 ], [ -112.0650908, 33.4613503 ], [ -112.065082, 33.4618833 ] ] } },
{ "type": "Feature", "properties": { "name": null, "highway": "footway" }, "geometry": { "type": "LineString", "coordinates": [ [ -112.0649932, 33.4613339 ], [ -112.0649908, 33.4614036 ], [ -112.0649827, 33.4619492 ] ] } },
{ "type": "Feature", "properties": { "name": null, "highway": "footway" }, "geometry": { "type": "LineString", "coordinates": [ [ -112.0653605, 33.4619974 ], [ -112.0653768, 33.4613917 ] ] } },
{ "type": "Feature", "properties": { "name": "North 7th Street", "highway": "primary" }, "geometry": { "type": "LineString", "coordinates": [ [ -112.065082, 33.4618833 ], [ -112.0650788, 33.4621007 ] ] } },
{ "type": "Feature", "properties": { "name": null, "highway": "footway" }, "geometry": { "type": "LineString", "coordinates": [ [ -112.0649827, 33.4619492 ], [ -112.0649636, 33.4619863 ], [ -112.0649264, 33.4620584 ] ] } },
{ "type": "Feature", "properties": { "name": "North 7th Street", "highway": "primary" }, "geometry": { "type": "LineString", "coordinates": [ [ -112.0652807, 33.4621377 ], [ -112.0652833, 33.4618826 ] ] } },
{ "type": "Feature", "properties": { "name": null, "highway": "motorway_link" }, "geometry": { "type": "LineString", "coordinates": [ [ -112.065082, 33.4618833 ], [ -112.065132, 33.4620106 ], [ -112.0651612, 33.462087499999988 ], [ -112.065186200000014, 33.4621426 ] ] } },
{ "type": "Feature", "properties": { "name": null, "highway": "motorway_link" }, "geometry": { "type": "LineString", "coordinates": [ [ -112.065186200000014, 33.4621426 ], [ -112.0652117, 33.4620865 ], [ -112.065231200000014, 33.462040799999983 ], [ -112.0652467, 33.4619959 ], [ -112.0652674, 33.4619336 ], [ -112.0652833, 33.4618826 ] ] } },
{ "type": "Feature", "properties": { "name": null, "highway": "footway" }, "geometry": { "type": "LineString", "coordinates": [ [ -112.0654085, 33.4621166 ], [ -112.0653804, 33.4620469 ], [ -112.0653605, 33.4619974 ] ] } },
{ "type": "Feature", "properties": { "name": null, "highway": "motorway_link" }, "geometry": { "type": "LineString", "coordinates": [ [ -112.065155, 33.4621878 ], [ -112.065119100000018, 33.462143 ], [ -112.0650788, 33.4621007 ] ] } },
{ "type": "Feature", "properties": { "name": null, "highway": "motorway_link" }, "geometry": { "type": "LineString", "coordinates": [ [ -112.065155, 33.4621878 ], [ -112.065186200000014, 33.4621426 ] ] } },
{ "type": "Feature", "properties": { "name": null, "highway": "motorway_link" }, "geometry": { "type": "LineString", "coordinates": [ [ -112.0652807, 33.4621377 ], [ -112.065218, 33.4622069 ] ] } },
{ "type": "Feature", "properties": { "name": null, "highway": "motorway_link" }, "geometry": { "type": "LineString", "coordinates": [ [ -112.065186200000014, 33.4621426 ], [ -112.065218, 33.4622069 ] ] } },
{ "type": "Feature", "properties": { "name": "North 7th Street", "highway": "primary" }, "geometry": { "type": "LineString", "coordinates": [ [ -112.0650788, 33.4621007 ], [ -112.0650748, 33.462280399999983 ] ] } },
{ "type": "Feature", "properties": { "name": null, "highway": "motorway_link" }, "geometry": { "type": "LineString", "coordinates": [ [ -112.0651932, 33.462239 ], [ -112.065155, 33.4621878 ] ] } },
{ "type": "Feature", "properties": { "name": null, "highway": "motorway_link" }, "geometry": { "type": "LineString", "coordinates": [ [ -112.065218, 33.4622069 ], [ -112.0651932, 33.462239 ] ] } },
{ "type": "Feature", "properties": { "name": "North 7th Street", "highway": "primary" }, "geometry": { "type": "LineString", "coordinates": [ [ -112.0652775, 33.4623274 ], [ -112.0652807, 33.4621377 ] ] } },
{ "type": "Feature", "properties": { "name": null, "highway": "motorway_link" }, "geometry": { "type": "LineString", "coordinates": [ [ -112.0650748, 33.462280399999983 ], [ -112.065129, 33.4622176 ], [ -112.065155, 33.4621878 ] ] } },
{ "type": "Feature", "properties": { "name": null, "highway": "footway" }, "geometry": { "type": "LineString", "coordinates": [ [ -112.0649746, 33.4622312 ], [ -112.0649663, 33.4622521 ] ] } },
{ "type": "Feature", "properties": { "name": null, "highway": "motorway_link" }, "geometry": { "type": "LineString", "coordinates": [ [ -112.065218, 33.4622069 ], [ -112.0652527, 33.462276 ], [ -112.0652775, 33.4623274 ] ] } },
{ "type": "Feature", "properties": { "name": null, "highway": "footway" }, "geometry": { "type": "LineString", "coordinates": [ [ -112.0654047, 33.462415 ], [ -112.0654058, 33.462395 ], [ -112.065383900000015, 33.4623636 ], [ -112.0653696, 33.46233560000001 ], [ -112.0653612, 33.4623043 ], [ -112.0653568, 33.4622733 ], [ -112.0653545, 33.4622462 ], [ -112.065357800000015, 33.4622186 ], [ -112.0653708, 33.4621757 ], [ -112.0654085, 33.4621166 ] ] } },
{ "type": "Feature", "properties": { "name": null, "highway": "footway" }, "geometry": { "type": "LineString", "coordinates": [ [ -112.0664777, 33.461007599999988 ], [ -112.0665148, 33.4610074 ], [ -112.0665696, 33.4610072 ], [ -112.06657180000002, 33.4609472 ], [ -112.0665728, 33.4609185 ] ] } },
{ "type": "Feature", "properties": { "name": null, "highway": "footway" }, "geometry": { "type": "LineString", "coordinates": [ [ -112.0664777, 33.461007599999988 ], [ -112.0664358, 33.4610204 ], [ -112.0664, 33.460993 ], [ -112.0662481, 33.4609948 ] ] } },
{ "type": "Feature", "properties": { "name": null, "highway": "footway" }, "geometry": { "type": "LineString", "coordinates": [ [ -112.0661428, 33.4611953 ], [ -112.0660846, 33.461195 ], [ -112.0660442, 33.4611948 ] ] } },
{ "type": "Feature", "properties": { "name": null, "highway": "footway" }, "geometry": { "type": "LineString", "coordinates": [ [ -112.0664777, 33.461197 ], [ -112.0661428, 33.4611953 ] ] } },
{ "type": "Feature", "properties": { "name": null, "highway": "footway" }, "geometry": { "type": "LineString", "coordinates": [ [ -112.0665512, 33.4611967 ], [ -112.0665142, 33.4611971 ], [ -112.0664777, 33.461197 ] ] } },
{ "type": "Feature", "properties": { "name": "East Moreland Street", "highway": "residential" }, "geometry": { "type": "LineString", "coordinates": [ [ -112.068882649439061, 33.461299097684496 ], [ -112.067479, 33.4612906 ], [ -112.0671031, 33.4612883 ], [ -112.0668988, 33.461287 ], [ -112.066514, 33.4612847 ], [ -112.0660851, 33.4612821 ], [ -112.065877400000019, 33.461281099999987 ], [ -112.0656129, 33.461279199999986 ], [ -112.065521, 33.4612644 ] ] } },
{ "type": "Feature", "properties": { "name": null, "highway": "motorway_link" }, "geometry": { "type": "LineString", "coordinates": [ [ -112.0666925, 33.4616389 ], [ -112.0665217, 33.4616286 ], [ -112.0664146, 33.4616279 ], [ -112.0663288, 33.4616308 ], [ -112.0662456, 33.4616404 ], [ -112.0661704, 33.4616508 ], [ -112.0660952, 33.4616655 ], [ -112.0660306, 33.4616825 ], [ -112.0659519, 33.4617076 ], [ -112.0658528, 33.4617438 ], [ -112.0657767, 33.4617785 ], [ -112.0657006, 33.4618161 ], [ -112.0656104, 33.4618685 ] ] } },
{ "type": "Feature", "properties": { "name": null, "highway": "service" }, "geometry": { "type": "LineString", "coordinates": [ [ -112.0654607, 33.463935 ], [ -112.0654622, 33.4638294 ], [ -112.0654689, 33.4633476 ], [ -112.0654896, 33.4633002 ], [ -112.0655206, 33.4632711 ], [ -112.0655582, 33.463268 ], [ -112.0657552, 33.4632685 ], [ -112.0659939, 33.4632691 ], [ -112.0661372, 33.4632694 ], [ -112.0663877, 33.4632717 ], [ -112.0674002, 33.4632914 ], [ -112.0674514, 33.4632924 ] ] } },
{ "type": "Feature", "properties": { "name": null, "highway": "service" }, "geometry": { "type": "LineString", "coordinates": [ [ -112.0663891, 33.4639362 ], [ -112.0663889, 33.4638334 ], [ -112.0663877, 33.4632717 ] ] } },
{ "type": "Feature", "properties": { "name": null, "highway": "footway" }, "geometry": { "type": "LineString", "coordinates": [ [ -112.0674008, 33.4638371 ], [ -112.0673553, 33.4638377 ], [ -112.0663889, 33.4638334 ], [ -112.066074, 33.4638301 ] ] } },
{ "type": "Feature", "properties": { "name": null, "highway": "footway" }, "geometry": { "type": "LineString", "coordinates": [ [ -112.065418100000016, 33.4612788 ], [ -112.0654113, 33.4612874 ] ] } },
{ "type": "Feature", "properties": { "name": null, "highway": "motorway_link" }, "geometry": { "type": "LineString", "coordinates": [ [ -112.0666925, 33.4616389 ], [ -112.0665076, 33.4615849 ], [ -112.0660535, 33.4615099 ], [ -112.0657371, 33.4614602 ], [ -112.0656332, 33.4614378 ], [ -112.0655538, 33.4614125 ], [ -112.0654828, 33.4613897 ], [ -112.0654394, 33.4613677 ], [ -112.0654154, 33.46135 ], [ -112.0653959, 33.4613339 ], [ -112.065381, 33.461309300000011 ], [ -112.0653642, 33.461274299999985 ], [ -112.0653471, 33.4612187 ], [ -112.0653304, 33.4611511 ], [ -112.0653145, 33.4610697 ], [ -112.0653007, 33.4609699 ] ] } },
{ "type": "Feature", "properties": { "name": null, "highway": "footway" }, "geometry": { "type": "LineString", "coordinates": [ [ -112.0653768, 33.4613917 ], [ -112.0653959, 33.4613339 ], [ -112.0654113, 33.4612874 ] ] } },
{ "type": "Feature", "properties": { "name": null, "highway": "motorway_link" }, "geometry": { "type": "LineString", "coordinates": [ [ -112.0656104, 33.4618685 ], [ -112.065529400000017, 33.4619254 ], [ -112.0654559, 33.4619848 ], [ -112.0653804, 33.4620469 ], [ -112.0653306, 33.46209060000001 ], [ -112.0652807, 33.4621377 ] ] } },
{ "type": "Feature", "properties": { "name": null, "highway": "motorway_link" }, "geometry": { "type": "LineString", "coordinates": [ [ -112.0652775, 33.4623274 ], [ -112.0653137, 33.4623791 ], [ -112.065353400000021, 33.4624317 ], [ -112.065378700000011, 33.4624644 ], [ -112.065436, 33.4625283 ], [ -112.0654932, 33.4625887 ], [ -112.065577600000012, 33.4626693 ] ] } },
{ "type": "Feature", "properties": { "name": null, "highway": "motorway_link" }, "geometry": { "type": "LineString", "coordinates": [ [ -112.065577600000012, 33.4626693 ], [ -112.065661600000013, 33.4627375 ], [ -112.0657294, 33.4627842 ], [ -112.0657866, 33.4628203 ], [ -112.065866, 33.4628622 ], [ -112.0659617, 33.4629031 ], [ -112.0660714, 33.462943 ], [ -112.0661847, 33.4629742 ], [ -112.0662681, 33.4629907 ], [ -112.066333, 33.4629985 ], [ -112.0664075, 33.4630086 ], [ -112.0665938, 33.4630221 ] ] } },
{ "type": "Feature", "properties": { "name": null, "highway": "motorway_link" }, "geometry": { "type": "LineString", "coordinates": [ [ -112.0652302, 33.4639347 ], [ -112.065305, 33.4637533 ], [ -112.0653114, 33.4635935 ], [ -112.0653213, 33.4634095 ], [ -112.065340100000014, 33.46334 ], [ -112.0653585, 33.4633046 ], [ -112.0653892, 33.4632699 ], [ -112.0654277, 33.463228 ], [ -112.0654814, 33.463189 ], [ -112.0655638, 33.4631367 ], [ -112.0656355, 33.4631053 ], [ -112.0657242, 33.4630848 ], [ -112.0658433, 33.4630712 ], [ -112.0659844, 33.4630651 ], [ -112.0661247, 33.4630578 ], [ -112.0662437, 33.4630516 ], [ -112.0664574, 33.4630405 ], [ -112.0665938, 33.4630221 ] ] } },
{ "type": "Feature", "properties": { "name": null, "highway": "footway" }, "geometry": { "type": "LineString", "coordinates": [ [ -112.066074, 33.4638301 ], [ -112.0657464, 33.4638294 ], [ -112.0655852, 33.463829 ], [ -112.0654622, 33.4638294 ], [ -112.0653669, 33.4638297 ], [ -112.0653424, 33.4638274 ], [ -112.0653392, 33.4638191 ], [ -112.0653465, 33.463507 ], [ -112.0653473, 33.4634475 ], [ -112.065349800000021, 33.463413 ], [ -112.0653523, 33.4633884 ], [ -112.0653644, 33.463357 ], [ -112.0653849, 33.463326 ], [ -112.0654188, 33.4632943 ] ] } },
{ "type": "Feature", "properties": { "name": null, "highway": "service" }, "geometry": { "type": "LineString", "coordinates": [ [ -112.0657552, 33.4632685 ], [ -112.0657464, 33.4638294 ], [ -112.0657447, 33.4639354 ] ] } },
{ "type": "Feature", "properties": { "name": null, "highway": "service" }, "geometry": { "type": "LineString", "coordinates": [ [ -112.0656141, 33.4639352 ], [ -112.065613400000018, 33.4640013 ], [ -112.0656103, 33.4642797 ], [ -112.0656079, 33.464506799999988 ], [ -112.0656079, 33.464588799999987 ] ] } },
{ "type": "Feature", "properties": { "name": null, "highway": "footway" }, "geometry": { "type": "LineString", "coordinates": [ [ -112.0653849, 33.463326 ], [ -112.0653777, 33.4633213 ] ] } },
{ "type": "Feature", "properties": { "name": "North 7th Street", "highway": "primary" }, "geometry": { "type": "LineString", "coordinates": [ [ -112.065236, 33.4636505 ], [ -112.0652479, 33.4632561 ] ] } },
{ "type": "Feature", "properties": { "name": null, "highway": "motorway_link" }, "geometry": { "type": "LineString", "coordinates": [ [ -112.0649782, 33.4632585 ], [ -112.0649767, 33.4633128 ], [ -112.0649669, 33.4637523 ], [ -112.0650331, 33.4639365 ] ] } },
{ "type": "Feature", "properties": { "name": "North 7th Street", "highway": "primary" }, "geometry": { "type": "LineString", "coordinates": [ [ -112.0650453, 33.4632605 ], [ -112.0650331, 33.4639365 ] ] } },
{ "type": "Feature", "properties": { "name": "North 7th Street", "highway": "primary" }, "geometry": { "type": "LineString", "coordinates": [ [ -112.0652302, 33.4639347 ], [ -112.065236, 33.4636505 ] ] } },
{ "type": "Feature", "properties": { "name": null, "highway": "footway" }, "geometry": { "type": "LineString", "coordinates": [ [ -112.0653428, 33.4638552 ], [ -112.0653424, 33.4638274 ] ] } },
{ "type": "Feature", "properties": { "name": null, "highway": "footway" }, "geometry": { "type": "LineString", "coordinates": [ [ -112.0653391, 33.4639791 ], [ -112.0653404, 33.4639349 ], [ -112.0653428, 33.4638552 ] ] } },
{ "type": "Feature", "properties": { "name": null, "highway": "footway" }, "geometry": { "type": "LineString", "coordinates": [ [ -112.0653445, 33.464 ], [ -112.0653391, 33.4639791 ] ] } },
{ "type": "Feature", "properties": { "name": null, "highway": "primary_link" }, "geometry": { "type": "LineString", "coordinates": [ [ -112.065203900000014, 33.4643484 ], [ -112.065162500000014, 33.4643152 ], [ -112.0651422, 33.4642808 ], [ -112.06513, 33.4641468 ], [ -112.065119900000013, 33.4640501 ], [ -112.0651097, 33.4639908 ], [ -112.0650914, 33.463960299999989 ], [ -112.0650685, 33.4639394 ], [ -112.0650618, 33.4639369 ], [ -112.0650535, 33.4639357 ], [ -112.0650331, 33.4639365 ] ] } },
{ "type": "Feature", "properties": { "name": "North 7th Street", "highway": "primary" }, "geometry": { "type": "LineString", "coordinates": [ [ -112.065192, 33.4645835 ], [ -112.065203900000014, 33.4643484 ], [ -112.0652302, 33.4639347 ] ] } },
{ "type": "Feature", "properties": { "name": "East Willetta Street", "highway": "residential" }, "geometry": { "type": "LineString", "coordinates": [ [ -112.068915132004605, 33.463945467655478 ], [ -112.0688273, 33.463945 ], [ -112.0675835, 33.4639384 ], [ -112.067460700000012, 33.4639377 ], [ -112.0673556, 33.4639376 ], [ -112.0663891, 33.4639362 ], [ -112.0657447, 33.4639354 ], [ -112.0656141, 33.4639352 ], [ -112.0654607, 33.463935 ], [ -112.0653611, 33.4639349 ], [ -112.0653404, 33.4639349 ], [ -112.0652302, 33.4639347 ] ] } },
{ "type": "Feature", "properties": { "name": null, "highway": "footway" }, "geometry": { "type": "LineString", "coordinates": [ [ -112.0660608, 33.464864 ], [ -112.0655363, 33.464864 ], [ -112.0654093, 33.4648623 ], [ -112.0653612, 33.4648623 ], [ -112.065329, 33.4648615 ], [ -112.0652967, 33.4648552 ], [ -112.0652776, 33.4648461 ], [ -112.065270600000019, 33.4648319 ], [ -112.0652584, 33.4648108 ], [ -112.0652575, 33.4647836 ], [ -112.0652655, 33.4645844 ], [ -112.0652727, 33.4644061 ], [ -112.065283, 33.4643886 ], [ -112.0653004, 33.4643747 ], [ -112.0653024, 33.464268199999985 ], [ -112.0653059, 33.4642446 ], [ -112.0652955, 33.4642299 ], [ -112.0652861, 33.4642105 ], [ -112.0652921, 33.4640327 ], [ -112.0653026, 33.4640101 ], [ -112.0653213, 33.4640023 ], [ -112.0653445, 33.464 ], [ -112.0653814, 33.4640004 ], [ -112.065613400000018, 33.4640013 ], [ -112.0656771, 33.4640016 ], [ -112.0657032, 33.4640218 ], [ -112.0660713, 33.4640262 ] ] } },
{ "type": "Feature", "properties": { "name": "Papago Freeway", "highway": "motorway" }, "geometry": { "type": "LineString", "coordinates": [ [ -112.0609673, 33.462112 ], [ -112.06171740000002, 33.4621463 ], [ -112.0623338, 33.4621882 ], [ -112.0632268, 33.4622428 ], [ -112.064023, 33.4623037 ], [ -112.0648467, 33.4623753 ], [ -112.0662387, 33.4624926 ], [ -112.0669607, 33.4625507 ], [ -112.0676811, 33.4625982 ], [ -112.0679035, 33.4626094 ], [ -112.0683477, 33.4626206 ], [ -112.0687874, 33.4626122 ], [ -112.06889869820526, 33.462606641611046 ] ] } },
{ "type": "Feature", "properties": { "name": null, "highway": "motorway_link" }, "geometry": { "type": "LineString", "coordinates": [ [ -112.0651932, 33.462239 ], [ -112.0651658, 33.462288200000017 ], [ -112.065143, 33.4623354 ], [ -112.0651266, 33.4623744 ], [ -112.0651059, 33.4624307 ], [ -112.0650916, 33.4624737 ], [ -112.0650651, 33.4625878 ] ] } },
{ "type": "Feature", "properties": { "name": null, "highway": "motorway_link" }, "geometry": { "type": "LineString", "coordinates": [ [ -112.065268, 33.4625938 ], [ -112.0652539, 33.4624727 ], [ -112.0652399, 33.4623851 ], [ -112.0652282, 33.4623267 ], [ -112.0652117, 33.4622794 ], [ -112.0651932, 33.462239 ] ] } },
{ "type": "Feature", "properties": { "name": "North 7th Street", "highway": "primary" }, "geometry": { "type": "LineString", "coordinates": [ [ -112.0650748, 33.462280399999983 ], [ -112.0650651, 33.4625878 ] ] } },
{ "type": "Feature", "properties": { "name": "North 7th Street", "highway": "primary" }, "geometry": { "type": "LineString", "coordinates": [ [ -112.065268, 33.4625938 ], [ -112.0652775, 33.4623274 ] ] } },
{ "type": "Feature", "properties": { "name": null, "highway": "footway" }, "geometry": { "type": "LineString", "coordinates": [ [ -112.0653516, 33.4625159 ], [ -112.065378700000011, 33.4624644 ], [ -112.0654047, 33.462415 ] ] } },
{ "type": "Feature", "properties": { "name": null, "highway": "footway" }, "geometry": { "type": "LineString", "coordinates": [ [ -112.0653347, 33.4632839 ], [ -112.0653326, 33.4632664 ], [ -112.0653477, 33.4625749 ], [ -112.0653516, 33.4625159 ] ] } },
{ "type": "Feature", "properties": { "name": "North 7th Street", "highway": "primary" }, "geometry": { "type": "LineString", "coordinates": [ [ -112.0650651, 33.4625878 ], [ -112.0650453, 33.4632605 ] ] } },
{ "type": "Feature", "properties": { "name": "North 7th Street", "highway": "primary" }, "geometry": { "type": "LineString", "coordinates": [ [ -112.0652479, 33.4632561 ], [ -112.065268, 33.4625938 ] ] } },
{ "type": "Feature", "properties": { "name": null, "highway": "footway" }, "geometry": { "type": "LineString", "coordinates": [ [ -112.0653777, 33.4633213 ], [ -112.0653585, 33.4633046 ], [ -112.0653347, 33.4632839 ] ] } },
{ "type": "Feature", "properties": { "name": null, "highway": "motorway_link" }, "geometry": { "type": "LineString", "coordinates": [ [ -112.0649139, 33.4630608 ], [ -112.0649458, 33.4631081 ], [ -112.0649747, 33.4631911 ], [ -112.0649782, 33.4632585 ] ] } },
{ "type": "Feature", "properties": { "name": null, "highway": "footway" }, "geometry": { "type": "LineString", "coordinates": [ [ -112.064834200000021, 33.4630425 ], [ -112.0648585, 33.4630727 ], [ -112.0648859, 33.4631085 ], [ -112.064903, 33.46314 ], [ -112.0649224, 33.4631894 ], [ -112.0649342, 33.4632437 ], [ -112.0649382, 33.4632911 ], [ -112.0649358, 33.463357599999988 ], [ -112.0649303, 33.4634844 ] ] } },
{ "type": "Feature", "properties": { "name": null, "highway": "service" }, "geometry": { "type": "LineString", "coordinates": [ [ -112.0642693, 33.4638672 ], [ -112.0642883, 33.4638085 ], [ -112.0643253, 33.4636942 ], [ -112.0643411, 33.4630807 ], [ -112.064141, 33.4630577 ], [ -112.0639045, 33.4630478 ] ] } },
{ "type": "Feature", "properties": { "name": null, "highway": "footway" }, "geometry": { "type": "LineString", "coordinates": [ [ -112.0642047, 33.4634953 ], [ -112.0643349, 33.4634837 ] ] } },
{ "type": "Feature", "properties": { "name": null, "highway": "footway" }, "geometry": { "type": "LineString", "coordinates": [ [ -112.0621056, 33.4635661 ], [ -112.0621205, 33.4635596 ], [ -112.0621415, 33.4635536 ], [ -112.0624342, 33.4635529 ], [ -112.0629032, 33.4635558 ], [ -112.0630092, 33.4635598 ], [ -112.0630154, 33.4635598 ], [ -112.0630405, 33.4635596 ], [ -112.0632345, 33.4635581 ], [ -112.0633234, 33.4635581 ], [ -112.0634288, 33.4635599 ], [ -112.0635134, 33.4635699 ], [ -112.0635849, 33.4635816 ], [ -112.06364, 33.4635968 ], [ -112.0637533, 33.4636253 ], [ -112.0638229, 33.4636429 ], [ -112.0639331, 33.4636777 ], [ -112.064013, 33.4637045 ], [ -112.0641332, 33.4637431 ], [ -112.06416870000001, 33.4637626 ], [ -112.0641937, 33.4637804 ], [ -112.0642381, 33.46379550000001 ], [ -112.0642883, 33.4638085 ], [ -112.0643544, 33.4638256 ], [ -112.0644806, 33.4638483 ], [ -112.0645576, 33.4638558 ], [ -112.0646432, 33.463863 ], [ -112.0647366, 33.4638479 ], [ -112.0647979, 33.4638482 ], [ -112.0648698, 33.4638503 ], [ -112.0648825, 33.463846599999989 ], [ -112.0648967, 33.4638424 ], [ -112.0649224, 33.4638117 ], [ -112.0649303, 33.4634844 ] ] } },
{ "type": "Feature", "properties": { "name": null, "highway": "footway" }, "geometry": { "type": "LineString", "coordinates": [ [ -112.0648825, 33.463846599999989 ], [ -112.0648899, 33.4638579 ] ] } },
{ "type": "Feature", "properties": { "name": null, "highway": "footway" }, "geometry": { "type": "LineString", "coordinates": [ [ -112.0648899, 33.4639881 ], [ -112.0648899, 33.4639309 ], [ -112.0648899, 33.4638579 ] ] } },
{ "type": "Feature", "properties": { "name": null, "highway": "footway" }, "geometry": { "type": "LineString", "coordinates": [ [ -112.0648899, 33.4639881 ], [ -112.0648833, 33.464015 ] ] } },
{ "type": "Feature", "properties": { "name": null, "highway": "service" }, "geometry": { "type": "LineString", "coordinates": [ [ -112.0635343, 33.464459899999987 ], [ -112.0635396, 33.4638566 ], [ -112.0635404, 33.463761 ], [ -112.06354180000001, 33.4637481 ], [ -112.0635515, 33.4636601 ] ] } },
{ "type": "Feature", "properties": { "name": null, "highway": "service" }, "geometry": { "type": "LineString", "coordinates": [ [ -112.0640774, 33.4644606 ], [ -112.0640748, 33.4640493 ], [ -112.0641014, 33.4639769 ], [ -112.0641215, 33.4639221 ], [ -112.0641556, 33.4638292 ] ] } },
{ "type": "Feature", "properties": { "name": null, "highway": "footway" }, "geometry": { "type": "LineString", "coordinates": [ [ -112.0608847, 33.4635855 ], [ -112.0608837, 33.4635503 ], [ -112.0608551, 33.463551299999985 ] ] } },
{ "type": "Feature", "properties": { "name": null, "highway": "footway" }, "geometry": { "type": "LineString", "coordinates": [ [ -112.0608828, 33.4636835 ], [ -112.0608838, 33.463632799999985 ], [ -112.0608847, 33.4635855 ] ] } },
{ "type": "Feature", "properties": { "name": null, "highway": "footway" }, "geometry": { "type": "LineString", "coordinates": [ [ -112.0619655, 33.4636944 ], [ -112.0619666, 33.4636353 ], [ -112.0619679, 33.4635624 ], [ -112.0620393, 33.4635643 ], [ -112.0621056, 33.4635661 ], [ -112.0621056, 33.4636358 ], [ -112.0621056, 33.463694 ], [ -112.0620386, 33.4636942 ], [ -112.0619655, 33.4636944 ] ] } },
{ "type": "Feature", "properties": { "name": null, "highway": "footway" }, "geometry": { "type": "LineString", "coordinates": [ [ -112.0608828, 33.4636835 ], [ -112.0608831, 33.463710799999987 ], [ -112.0608533, 33.4637125 ] ] } },
{ "type": "Feature", "properties": { "name": null, "highway": "service" }, "geometry": { "type": "LineString", "coordinates": [ [ -112.0613258, 33.4637722 ], [ -112.0613251, 33.4637311 ], [ -112.0613233, 33.4636338 ] ] } },
{ "type": "Feature", "properties": { "name": null, "highway": "service" }, "geometry": { "type": "LineString", "coordinates": [ [ -112.0615337, 33.463773 ], [ -112.0615337, 33.4637332 ], [ -112.0615337, 33.4636343 ] ] } },
{ "type": "Feature", "properties": { "name": null, "highway": "footway" }, "geometry": { "type": "LineString", "coordinates": [ [ -112.061931, 33.4637171 ], [ -112.0619655, 33.4636944 ] ] } },
{ "type": "Feature", "properties": { "name": null, "highway": "footway" }, "geometry": { "type": "LineString", "coordinates": [ [ -112.0621056, 33.463694 ], [ -112.062151, 33.4637184 ] ] } },
{ "type": "Feature", "properties": { "name": "East Willetta Street", "highway": "residential" }, "geometry": { "type": "LineString", "coordinates": [ [ -112.0650331, 33.4639365 ], [ -112.0648899, 33.4639309 ], [ -112.064867, 33.4639301 ], [ -112.0647098, 33.4639281 ], [ -112.0645804, 33.4639265 ], [ -112.064485, 33.463917399999985 ], [ -112.0643968, 33.4638998 ], [ -112.0642958, 33.4638737 ], [ -112.0642693, 33.4638672 ], [ -112.0641556, 33.4638292 ], [ -112.0640068, 33.4637738 ], [ -112.0638401, 33.4637268 ], [ -112.0637264, 33.463695 ], [ -112.0637019, 33.463687899999989 ], [ -112.0635515, 33.4636601 ], [ -112.0633904, 33.4636457 ], [ -112.0630137, 33.4636418 ], [ -112.0629028, 33.4636406 ], [ -112.0621056, 33.4636358 ], [ -112.0620385, 33.4636355 ], [ -112.0619666, 33.4636353 ], [ -112.0615337, 33.4636343 ], [ -112.0613233, 33.4636338 ], [ -112.0608838, 33.463632799999985 ], [ -112.0607806, 33.4636326 ], [ -112.0606732, 33.4636323 ], [ -112.0600132, 33.4636305 ], [ -112.0597139, 33.4636297 ], [ -112.0594371, 33.4636266 ], [ -112.0591886, 33.4636239 ] ] } },
{ "type": "Feature", "properties": { "name": null, "highway": "footway" }, "geometry": { "type": "LineString", "coordinates": [ [ -112.061931, 33.4637171 ], [ -112.0619291, 33.4645952 ], [ -112.0617873, 33.4645969 ], [ -112.061779700000017, 33.4645874 ], [ -112.0617143, 33.464587299999984 ], [ -112.0616413, 33.4645872 ], [ -112.0616249, 33.4645959 ], [ -112.06089, 33.4645924 ], [ -112.0608842, 33.4644949 ], [ -112.0608827, 33.4644693 ], [ -112.0608818, 33.4642032 ], [ -112.0608811, 33.4640718 ], [ -112.0608806, 33.4639691 ], [ -112.0608831, 33.463710799999987 ], [ -112.0612198, 33.4637141 ], [ -112.0612791, 33.4637308 ], [ -112.0613251, 33.4637311 ], [ -112.0614436, 33.4637319 ], [ -112.0615337, 33.4637332 ], [ -112.0615764, 33.4637338 ], [ -112.0615881, 33.4637302 ], [ -112.0616035, 33.4637215 ], [ -112.0616166, 33.4637162 ], [ -112.0616493, 33.4637143 ], [ -112.061931, 33.4637171 ] ] } },
{ "type": "Feature", "properties": { "name": null, "highway": "footway" }, "geometry": { "type": "LineString", "coordinates": [ [ -112.0630137, 33.4636819 ], [ -112.0630137, 33.4636418 ], [ -112.0630138, 33.4635906 ] ] } },
{ "type": "Feature", "properties": { "name": null, "highway": "footway" }, "geometry": { "type": "LineString", "coordinates": [ [ -112.0630137, 33.4636941 ], [ -112.0630137, 33.4636819 ] ] } },
{ "type": "Feature", "properties": { "name": null, "highway": "service" }, "geometry": { "type": "LineString", "coordinates": [ [ -112.0633904, 33.4636457 ], [ -112.0633873, 33.4636984 ], [ -112.063381, 33.4638066 ] ] } },
{ "type": "Feature", "properties": { "name": null, "highway": "service" }, "geometry": { "type": "LineString", "coordinates": [ [ -112.063381, 33.4638066 ], [ -112.0631809, 33.4638058 ], [ -112.0629707, 33.4638049 ], [ -112.0627623, 33.4638041 ], [ -112.0625243, 33.4638031 ], [ -112.062306, 33.463802200000018 ] ] } },
{ "type": "Feature", "properties": { "name": null, "highway": "service" }, "geometry": { "type": "LineString", "coordinates": [ [ -112.0623019, 33.4645114 ], [ -112.0623038, 33.4641809 ], [ -112.062306, 33.463802200000018 ] ] } },
{ "type": "Feature", "properties": { "name": null, "highway": "service" }, "geometry": { "type": "LineString", "coordinates": [ [ -112.0625202, 33.4645123 ], [ -112.0625221, 33.4641818 ], [ -112.0625243, 33.4638031 ] ] } },
{ "type": "Feature", "properties": { "name": null, "highway": "service" }, "geometry": { "type": "LineString", "coordinates": [ [ -112.0627623, 33.4638041 ], [ -112.062758200000019, 33.4645133 ] ] } },
{ "type": "Feature", "properties": { "name": null, "highway": "service" }, "geometry": { "type": "LineString", "coordinates": [ [ -112.0629707, 33.4638049 ], [ -112.0629665, 33.4645141 ] ] } },
{ "type": "Feature", "properties": { "name": null, "highway": "footway" }, "geometry": { "type": "LineString", "coordinates": [ [ -112.0622763, 33.4637093 ], [ -112.06224060000001, 33.463719 ], [ -112.062151, 33.4637184 ], [ -112.0621501, 33.463741 ], [ -112.0621488, 33.464091 ], [ -112.0621562, 33.4640993 ], [ -112.0621639, 33.4641087 ], [ -112.0621678, 33.4641208 ], [ -112.0621676, 33.4641803 ], [ -112.0621675, 33.4642379 ], [ -112.0621669, 33.4642461 ], [ -112.0621449, 33.464263 ], [ -112.0621441, 33.4646174 ], [ -112.0624605, 33.4646184 ], [ -112.0629039, 33.46461930000001 ], [ -112.0629498, 33.464619399999989 ], [ -112.062973600000021, 33.4646168 ], [ -112.0630121, 33.4645803 ] ] } },
{ "type": "Feature", "properties": { "name": null, "highway": "service" }, "geometry": { "type": "LineString", "coordinates": [ [ -112.0631809, 33.4638058 ], [ -112.0631768, 33.4645149 ] ] } },
{ "type": "Feature", "properties": { "name": null, "highway": "footway" }, "geometry": { "type": "LineString", "coordinates": [ [ -112.0643273, 33.4645499 ], [ -112.0641348, 33.464551599999986 ], [ -112.0641373, 33.46460350000001 ], [ -112.064814900000016, 33.464600699999984 ], [ -112.0648497, 33.4646103 ], [ -112.0649229, 33.4645793 ], [ -112.0649194, 33.4640518 ], [ -112.0649139, 33.4640334 ], [ -112.0648833, 33.464015 ], [ -112.0648549, 33.463998 ], [ -112.0646938, 33.4639971 ], [ -112.0646497, 33.4639828 ], [ -112.0645857, 33.4639813 ], [ -112.0645233, 33.4639754 ], [ -112.0644477, 33.4639662 ], [ -112.0643589, 33.46395 ], [ -112.0642596, 33.4639284 ], [ -112.0642312, 33.4639219 ], [ -112.064215, 33.4639252 ], [ -112.0641862, 33.463945 ], [ -112.0641215, 33.4639221 ], [ -112.0640166, 33.4638851 ], [ -112.0640044, 33.4638691 ], [ -112.0639941, 33.4638621 ], [ -112.0639479, 33.4638465 ], [ -112.0637804, 33.4637903 ], [ -112.0637429, 33.4637595 ], [ -112.063637, 33.4637296 ], [ -112.0636116, 33.4637314 ], [ -112.0635857, 33.4637554 ], [ -112.06354180000001, 33.4637481 ], [ -112.0634923, 33.4637398 ], [ -112.06349040000002, 33.463716 ], [ -112.0634829, 33.4637051 ], [ -112.0634535, 33.4637032 ], [ -112.0633873, 33.4636984 ], [ -112.063344900000018, 33.4636953 ], [ -112.0632543, 33.4636928 ], [ -112.0630575, 33.4636941 ], [ -112.0630137, 33.4636941 ], [ -112.06273, 33.4636942 ], [ -112.0627039, 33.4637105 ], [ -112.0622763, 33.4637093 ] ] } },
{ "type": "Feature", "properties": { "name": null, "highway": "service" }, "geometry": { "type": "LineString", "coordinates": [ [ -112.063381, 33.4638066 ], [ -112.0633769, 33.4645158 ] ] } },
{ "type": "Feature", "properties": { "name": "North 7th Street", "highway": "primary" }, "geometry": { "type": "LineString", "coordinates": [ [ -112.0650331, 33.4639365 ], [ -112.0650318, 33.4643774 ], [ -112.0650309, 33.46467280000001 ], [ -112.06503, 33.464876299999986 ] ] } },
{ "type": "Feature", "properties": { "name": "North 9th Street", "highway": "residential" }, "geometry": { "type": "LineString", "coordinates": [ [ -112.0620385, 33.4636355 ], [ -112.0620386, 33.4636942 ], [ -112.0620398, 33.4641798 ], [ -112.0620301, 33.4646262 ], [ -112.0620298, 33.4646739 ], [ -112.0620286, 33.4647352 ], [ -112.0620271, 33.4650051 ], [ -112.0620258, 33.465329 ], [ -112.0620247, 33.4655919 ], [ -112.062026, 33.4656262 ], [ -112.062025999999634, 33.465692599402544 ] ] } },
{ "type": "Feature", "properties": { "name": null, "highway": "footway" }, "geometry": { "type": "LineString", "coordinates": [ [ -112.059044, 33.4598798 ], [ -112.0590432, 33.4598306 ], [ -112.0589947, 33.459831099999988 ] ] } },
{ "type": "Feature", "properties": { "name": null, "highway": "footway" }, "geometry": { "type": "LineString", "coordinates": [ [ -112.0590434, 33.4599828 ], [ -112.0590437, 33.4599365 ], [ -112.059044, 33.4598798 ] ] } },
{ "type": "Feature", "properties": { "name": null, "highway": "footway" }, "geometry": { "type": "LineString", "coordinates": [ [ -112.0589953, 33.4600282 ], [ -112.059042, 33.460026599999985 ], [ -112.0590434, 33.4599828 ] ] } },
{ "type": "Feature", "properties": { "name": null, "highway": "footway" }, "geometry": { "type": "LineString", "coordinates": [ [ -112.0588756, 33.4600203 ], [ -112.0589353, 33.4600242 ], [ -112.0589953, 33.4600282 ] ] } },
{ "type": "Feature", "properties": { "name": null, "highway": "service" }, "geometry": { "type": "LineString", "coordinates": [ [ -112.0589329, 33.4604792 ], [ -112.0590373, 33.4604769 ], [ -112.0591602, 33.4604742 ], [ -112.0593815, 33.4604781 ] ] } },
{ "type": "Feature", "properties": { "name": null, "highway": "footway" }, "geometry": { "type": "LineString", "coordinates": [ [ -112.0606864, 33.4611556 ], [ -112.0606892, 33.4607297 ], [ -112.0606938, 33.4600322 ], [ -112.059042, 33.460026599999985 ], [ -112.0590373, 33.4604769 ], [ -112.0590347, 33.460715800000017 ], [ -112.0590301, 33.4611555 ], [ -112.0600475, 33.4611556 ], [ -112.0606864, 33.4611556 ] ] } },
{ "type": "Feature", "properties": { "name": null, "highway": "service" }, "geometry": { "type": "LineString", "coordinates": [ [ -112.0589326, 33.460716 ], [ -112.0590347, 33.460715800000017 ], [ -112.0590641, 33.4607158 ], [ -112.0595273, 33.4607129 ] ] } },
{ "type": "Feature", "properties": { "name": null, "highway": "footway" }, "geometry": { "type": "LineString", "coordinates": [ [ -112.0588322, 33.4611536 ], [ -112.0589308, 33.461153499999988 ], [ -112.0589874, 33.4611535 ] ] } },
{ "type": "Feature", "properties": { "name": null, "highway": "footway" }, "geometry": { "type": "LineString", "coordinates": [ [ -112.0590301, 33.4611555 ], [ -112.0589874, 33.4611535 ] ] } },
{ "type": "Feature", "properties": { "name": "Papago Freeway", "highway": "motorway" }, "geometry": { "type": "LineString", "coordinates": [ [ -112.058534300000019, 33.4621343 ], [ -112.0592561, 33.4621037 ], [ -112.0600983, 33.4621189 ], [ -112.0609673, 33.462112 ] ] } },
{ "type": "Feature", "properties": { "name": null, "highway": "service" }, "geometry": { "type": "LineString", "coordinates": [ [ -112.0572578, 33.4599312 ], [ -112.0572565, 33.4600131 ], [ -112.0572522, 33.4602759 ] ] } },
{ "type": "Feature", "properties": { "name": null, "highway": "service" }, "geometry": { "type": "LineString", "coordinates": [ [ -112.0570001, 33.45993 ], [ -112.0569986, 33.4600125 ], [ -112.0569957, 33.4601748 ], [ -112.0569903, 33.4604075 ] ] } },
{ "type": "Feature", "properties": { "name": null, "highway": "service" }, "geometry": { "type": "LineString", "coordinates": [ [ -112.0578389, 33.4599326 ], [ -112.057842300000019, 33.4600147 ], [ -112.0578582, 33.4603965 ] ] } },
{ "type": "Feature", "properties": { "name": null, "highway": "footway" }, "geometry": { "type": "LineString", "coordinates": [ [ -112.0564794, 33.4611905 ], [ -112.0564914, 33.4611696 ], [ -112.056499700000018, 33.4608273 ], [ -112.0565101, 33.4603794 ], [ -112.056519400000013, 33.4600114 ], [ -112.0569986, 33.4600125 ], [ -112.0570191, 33.4600125 ], [ -112.0572565, 33.4600131 ], [ -112.057842300000019, 33.4600147 ], [ -112.0578829, 33.46001480000001 ], [ -112.0588202, 33.460017 ], [ -112.0588293, 33.4600238 ], [ -112.0588332, 33.4600355 ], [ -112.0588269, 33.4611355 ], [ -112.0588253, 33.4611463 ], [ -112.0588208, 33.4611499 ], [ -112.0588139, 33.4611555 ], [ -112.0581627, 33.4611543 ], [ -112.057665900000018, 33.4611534 ], [ -112.056695800000014, 33.4611508 ] ] } },
{ "type": "Feature", "properties": { "name": null, "highway": "service" }, "geometry": { "type": "LineString", "coordinates": [ [ -112.0581709, 33.461272 ], [ -112.0581627, 33.4611543 ], [ -112.0581601, 33.4611165 ], [ -112.0581591, 33.4609704 ], [ -112.058166, 33.460773799999984 ] ] } },
{ "type": "Feature", "properties": { "name": null, "highway": "footway" }, "geometry": { "type": "LineString", "coordinates": [ [ -112.0588208, 33.4611499 ], [ -112.0588322, 33.4611536 ] ] } },
{ "type": "Feature", "properties": { "name": "East Moreland Street", "highway": "tertiary" }, "geometry": { "type": "LineString", "coordinates": [ [ -112.0589304, 33.46125 ], [ -112.0587634, 33.4612757 ], [ -112.0585063, 33.4612741 ], [ -112.0581709, 33.461272 ], [ -112.0565318, 33.4612698 ], [ -112.0565221, 33.4612697 ], [ -112.056440200000011, 33.4612687 ] ] } },
{ "type": "Feature", "properties": { "name": "East Culver Street", "highway": "residential" }, "geometry": { "type": "LineString", "coordinates": [ [ -112.060724, 33.4625609 ], [ -112.0605999, 33.46256 ], [ -112.0601169, 33.4625564 ], [ -112.0596062, 33.4625529 ], [ -112.0589134, 33.4625474 ], [ -112.0583016, 33.4625463 ], [ -112.0578192, 33.4625455 ], [ -112.0576157, 33.4625451 ], [ -112.0565694, 33.4625455 ], [ -112.0565533, 33.4625455 ], [ -112.0564166, 33.4625849 ] ] } },
{ "type": "Feature", "properties": { "name": null, "highway": "service" }, "geometry": { "type": "LineString", "coordinates": [ [ -112.0578166, 33.4626717 ], [ -112.0578168, 33.46266 ], [ -112.0578192, 33.4625455 ] ] } },
{ "type": "Feature", "properties": { "name": null, "highway": "service" }, "geometry": { "type": "LineString", "coordinates": [ [ -112.0576118, 33.462690199999983 ], [ -112.0576135, 33.4626254 ], [ -112.0576157, 33.4625451 ] ] } },
{ "type": "Feature", "properties": { "name": "10th Street Bridge", "highway": "footway" }, "geometry": { "type": "LineString", "coordinates": [ [ -112.0607969, 33.4614867 ], [ -112.0607928, 33.4623092 ] ] } },
{ "type": "Feature", "properties": { "name": null, "highway": "motorway_link" }, "geometry": { "type": "LineString", "coordinates": [ [ -112.058534300000019, 33.4621343 ], [ -112.0592581, 33.4622053 ], [ -112.0601024, 33.4622222 ], [ -112.060972, 33.462237 ], [ -112.061352900000017, 33.4622889 ], [ -112.0617339, 33.4623404 ], [ -112.0623, 33.4624382 ] ] } },
{ "type": "Feature", "properties": { "name": null, "highway": "footway" }, "geometry": { "type": "LineString", "coordinates": [ [ -112.0607928, 33.4623092 ], [ -112.060787100000013, 33.4624821 ] ] } },
{ "type": "Feature", "properties": { "name": null, "highway": "service" }, "geometry": { "type": "LineString", "coordinates": [ [ -112.0601172, 33.4627935 ], [ -112.060117, 33.4626693 ], [ -112.0601169, 33.4625564 ] ] } },
{ "type": "Feature", "properties": { "name": null, "highway": "service" }, "geometry": { "type": "LineString", "coordinates": [ [ -112.0601172, 33.4627935 ], [ -112.0601191, 33.4630589 ] ] } },
{ "type": "Feature", "properties": { "name": null, "highway": "service" }, "geometry": { "type": "LineString", "coordinates": [ [ -112.060317, 33.4631134 ], [ -112.0603217, 33.4627962 ], [ -112.0601172, 33.4627935 ] ] } },
{ "type": "Feature", "properties": { "name": null, "highway": "footway" }, "geometry": { "type": "LineString", "coordinates": [ [ -112.0606777, 33.4634675 ], [ -112.0606724, 33.4631758 ], [ -112.0606731, 33.4631158 ], [ -112.0606784, 33.4626879 ], [ -112.0606579, 33.4626766 ], [ -112.0606374, 33.4626613 ], [ -112.0606303, 33.462656 ], [ -112.0606055, 33.4626347 ], [ -112.0605896, 33.4626025 ], [ -112.0605933, 33.4625749 ], [ -112.0605999, 33.46256 ], [ -112.0606075, 33.462543 ], [ -112.0606309, 33.46251620000001 ], [ -112.0606567, 33.4624973 ], [ -112.0606921, 33.4624851 ], [ -112.0607105, 33.4624815 ], [ -112.0607447, 33.4624765 ], [ -112.060787100000013, 33.4624821 ] ] } },
{ "type": "Feature", "properties": { "name": "North 10th Street", "highway": "residential" }, "geometry": { "type": "LineString", "coordinates": [ [ -112.060724, 33.4625609 ], [ -112.0607845, 33.4627049 ], [ -112.0607832, 33.462785 ], [ -112.0607803, 33.4630905 ], [ -112.06078, 33.4631168 ], [ -112.0607805, 33.463549699999987 ], [ -112.0607806, 33.4636326 ] ] } },
{ "type": "Feature", "properties": { "name": null, "highway": "footway" }, "geometry": { "type": "LineString", "coordinates": [ [ -112.0599843, 33.4635465 ], [ -112.0599884, 33.4626687 ] ] } },
{ "type": "Feature", "properties": { "name": null, "highway": "service" }, "geometry": { "type": "LineString", "coordinates": [ [ -112.06078, 33.4631168 ], [ -112.0606731, 33.4631158 ], [ -112.0606365, 33.463115399999985 ], [ -112.0605313, 33.4631142 ] ] } },
{ "type": "Feature", "properties": { "name": null, "highway": "footway" }, "geometry": { "type": "LineString", "coordinates": [ [ -112.0590312, 33.462575099999988 ], [ -112.0590323, 33.46266820000001 ], [ -112.0589785, 33.4626649 ] ] } },
{ "type": "Feature", "properties": { "name": null, "highway": "footway" }, "geometry": { "type": "LineString", "coordinates": [ [ -112.0588583, 33.4626647 ], [ -112.058913, 33.4626648 ], [ -112.0589785, 33.4626649 ] ] } },
{ "type": "Feature", "properties": { "name": null, "highway": "service" }, "geometry": { "type": "LineString", "coordinates": [ [ -112.0596087, 33.4629872 ], [ -112.0596069, 33.4626671 ], [ -112.0596062, 33.4625529 ] ] } },
{ "type": "Feature", "properties": { "name": null, "highway": "footway" }, "geometry": { "type": "LineString", "coordinates": [ [ -112.0590164, 33.4635537 ], [ -112.0590323, 33.46266820000001 ], [ -112.0593441, 33.462666 ], [ -112.0596069, 33.4626671 ], [ -112.0599133, 33.4626684 ], [ -112.0599884, 33.4626687 ], [ -112.060117, 33.4626693 ], [ -112.0601973, 33.4626697 ], [ -112.0606138, 33.4626688 ], [ -112.0606374, 33.4626613 ] ] } },
{ "type": "Feature", "properties": { "name": null, "highway": "footway" }, "geometry": { "type": "LineString", "coordinates": [ [ -112.0589688, 33.463554 ], [ -112.0590164, 33.4635537 ], [ -112.0592612, 33.463552 ], [ -112.0593872, 33.463554 ], [ -112.0594086, 33.463545399999987 ], [ -112.059666, 33.4635434 ], [ -112.0599626, 33.4635448 ], [ -112.0599843, 33.4635465 ], [ -112.060015, 33.4635489 ], [ -112.0605852, 33.46355 ], [ -112.0606741, 33.46354620000001 ], [ -112.0606777, 33.4634675 ] ] } },
{ "type": "Feature", "properties": { "name": "East Willetta Street", "highway": "residential" }, "geometry": { "type": "LineString", "coordinates": [ [ -112.0591886, 33.4636239 ], [ -112.0591234, 33.4636232 ] ] } },
{ "type": "Feature", "properties": { "name": null, "highway": "service" }, "geometry": { "type": "LineString", "coordinates": [ [ -112.0595371, 33.4639164 ], [ -112.0594327, 33.463915899999989 ], [ -112.0594356, 33.463709799999982 ], [ -112.0594371, 33.4636266 ] ] } },
{ "type": "Feature", "properties": { "name": null, "highway": "service" }, "geometry": { "type": "LineString", "coordinates": [ [ -112.0597139, 33.4636297 ], [ -112.0597145, 33.4637108 ], [ -112.0597113, 33.4639178 ] ] } },
{ "type": "Feature", "properties": { "name": null, "highway": "footway" }, "geometry": { "type": "LineString", "coordinates": [ [ -112.0586683, 33.4637309 ], [ -112.0586861, 33.4637274 ], [ -112.058837, 33.4637262 ], [ -112.0588778, 33.4637259 ], [ -112.0589323, 33.4637268 ], [ -112.0589477, 33.4637307 ], [ -112.0589837, 33.463731 ], [ -112.0590015, 33.4637264 ], [ -112.059104, 33.463726699999988 ], [ -112.0593035, 33.4637096 ], [ -112.0594356, 33.463709799999982 ], [ -112.0596572, 33.4637102 ], [ -112.0597145, 33.4637108 ], [ -112.0600115, 33.4637139 ], [ -112.0602304, 33.4637161 ], [ -112.0606214, 33.4637161 ], [ -112.0606733, 33.4637162 ], [ -112.0606705, 33.4640733 ], [ -112.0606704, 33.4640811 ], [ -112.0606691, 33.4641018 ] ] } },
{ "type": "Feature", "properties": { "name": null, "highway": "service" }, "geometry": { "type": "LineString", "coordinates": [ [ -112.059622100000013, 33.4639172 ], [ -112.0595371, 33.4639164 ] ] } },
{ "type": "Feature", "properties": { "name": null, "highway": "service" }, "geometry": { "type": "LineString", "coordinates": [ [ -112.0605305, 33.4632473 ], [ -112.0601251, 33.4632431 ] ] } },
{ "type": "Feature", "properties": { "name": null, "highway": "service" }, "geometry": { "type": "LineString", "coordinates": [ [ -112.0605313, 33.4631142 ], [ -112.060317, 33.4631134 ], [ -112.0601257, 33.4631127 ], [ -112.0601251, 33.4632431 ], [ -112.0601241, 33.4634166 ], [ -112.0605296, 33.4634181 ], [ -112.0605305, 33.4632473 ], [ -112.0605313, 33.4631142 ] ] } },
{ "type": "Feature", "properties": { "name": null, "highway": "footway" }, "geometry": { "type": "LineString", "coordinates": [ [ -112.0607015, 33.463548 ], [ -112.0607805, 33.463549699999987 ], [ -112.0608025, 33.4635502 ], [ -112.0608551, 33.463551299999985 ] ] } },
{ "type": "Feature", "properties": { "name": null, "highway": "footway" }, "geometry": { "type": "LineString", "coordinates": [ [ -112.060015, 33.4635489 ], [ -112.0600142, 33.4635853 ] ] } },
{ "type": "Feature", "properties": { "name": null, "highway": "footway" }, "geometry": { "type": "LineString", "coordinates": [ [ -112.0607015, 33.463548 ], [ -112.0606741, 33.46354620000001 ], [ -112.0606732, 33.4635832 ] ] } },
{ "type": "Feature", "properties": { "name": null, "highway": "footway" }, "geometry": { "type": "LineString", "coordinates": [ [ -112.0600121, 33.4636783 ], [ -112.0600132, 33.4636305 ], [ -112.0600142, 33.4635853 ] ] } },
{ "type": "Feature", "properties": { "name": null, "highway": "footway" }, "geometry": { "type": "LineString", "coordinates": [ [ -112.0606732, 33.4636824 ], [ -112.0606732, 33.4636323 ], [ -112.0606732, 33.4635832 ] ] } },
{ "type": "Feature", "properties": { "name": null, "highway": "footway" }, "geometry": { "type": "LineString", "coordinates": [ [ -112.0600121, 33.4636783 ], [ -112.0600115, 33.4637139 ] ] } },
{ "type": "Feature", "properties": { "name": null, "highway": "footway" }, "geometry": { "type": "LineString", "coordinates": [ [ -112.0607026, 33.4637142 ], [ -112.0606733, 33.4637162 ], [ -112.0606732, 33.4636824 ] ] } },
{ "type": "Feature", "properties": { "name": null, "highway": "footway" }, "geometry": { "type": "LineString", "coordinates": [ [ -112.0607026, 33.4637142 ], [ -112.0607794, 33.4637133 ], [ -112.0608533, 33.4637125 ] ] } },
{ "type": "Feature", "properties": { "name": "North 11th Street", "highway": "residential" }, "geometry": { "type": "LineString", "coordinates": [ [ -112.0589125, 33.4633188 ], [ -112.0589112, 33.463532299999983 ], [ -112.0589112, 33.4635632 ], [ -112.0589116, 33.4636548 ] ] } },
{ "type": "Feature", "properties": { "name": null, "highway": "service" }, "geometry": { "type": "LineString", "coordinates": [ [ -112.0575939, 33.4636542 ], [ -112.057595, 33.4635996 ], [ -112.0575976, 33.4634694 ] ] } },
{ "type": "Feature", "properties": { "name": null, "highway": "footway" }, "geometry": { "type": "LineString", "coordinates": [ [ -112.0588559, 33.463572 ], [ -112.0589112, 33.4635632 ], [ -112.0589688, 33.463554 ] ] } },
{ "type": "Feature", "properties": { "name": null, "highway": "footway" }, "geometry": { "type": "LineString", "coordinates": [ [ -112.0579152, 33.4635717 ], [ -112.0579171, 33.4636071 ] ] } },
{ "type": "Feature", "properties": { "name": null, "highway": "footway" }, "geometry": { "type": "LineString", "coordinates": [ [ -112.0588068, 33.463607899999985 ], [ -112.0588087, 33.4635739 ], [ -112.0588559, 33.463572 ] ] } },
{ "type": "Feature", "properties": { "name": null, "highway": "footway" }, "geometry": { "type": "LineString", "coordinates": [ [ -112.0579125, 33.4637052 ], [ -112.0579149, 33.463654299999988 ], [ -112.0579171, 33.4636071 ] ] } },
{ "type": "Feature", "properties": { "name": null, "highway": "footway" }, "geometry": { "type": "LineString", "coordinates": [ [ -112.0588387, 33.46370060000001 ], [ -112.0588229, 33.4636548 ], [ -112.0588068, 33.463607899999985 ] ] } },
{ "type": "Feature", "properties": { "name": null, "highway": "footway" }, "geometry": { "type": "LineString", "coordinates": [ [ -112.0579125, 33.463722499999989 ], [ -112.0579125, 33.4637052 ] ] } },
{ "type": "Feature", "properties": { "name": null, "highway": "footway" }, "geometry": { "type": "LineString", "coordinates": [ [ -112.058837, 33.4637262 ], [ -112.0588387, 33.46370060000001 ] ] } },
{ "type": "Feature", "properties": { "name": null, "highway": "footway" }, "geometry": { "type": "LineString", "coordinates": [ [ -112.0585261, 33.4637314 ], [ -112.0586683, 33.4637309 ] ] } },
{ "type": "Feature", "properties": { "name": null, "highway": "service" }, "geometry": { "type": "LineString", "coordinates": [ [ -112.0597113, 33.4639178 ], [ -112.059622100000013, 33.4639172 ] ] } },
{ "type": "Feature", "properties": { "name": "North 10th Street", "highway": "residential" }, "geometry": { "type": "LineString", "coordinates": [ [ -112.0607806, 33.4636326 ], [ -112.0607794, 33.4637133 ], [ -112.0607741, 33.4640722 ], [ -112.0607734, 33.4641426 ], [ -112.0607738, 33.4644968 ], [ -112.060774, 33.464571 ], [ -112.060774, 33.4646691 ], [ -112.060773, 33.4649101 ], [ -112.060773, 33.4650725 ], [ -112.0607726, 33.465301 ], [ -112.0607721, 33.4655765 ], [ -112.060774489639925, 33.465703315787216 ] ] } }
]
}
